time,latitude,longitude,depth,mag,magType,nst,gap,dmin,rms,net,id,updated,place,type,horizontalError,depthError,magError,magNst,status,locationSource,magSource
2026-05-03T20:19:31.614Z,31.654,-104.436,5.6512,2.6,ml,18,67,0,0.1,tx,tx2026irmxkh,2026-05-04T05:33:41.946Z,"58 km S of Whites City, New Mexico",earthquake,0.60922091452345,0.30672454867287,0.1,13,reviewed,tx,tx
2026-05-03T20:16:59.151Z,31.654,-104.437,5.6512,2.5,ml,22,72,0,0.1,tx,tx2026irmwes,2026-05-04T01:18:08.435Z,"58 km S of Whites City, New Mexico",earthquake,0.68872343576456,0.33641139946765,0.1,14,reviewed,tx,tx
2026-05-02T07:34:21.749Z,32.2604,-103.2923,5.109,2.8,mb_lg,35,57,0.255,0.56,us,us7000shr9,2026-05-02T07:41:07.040Z,"18 km NNW of Jal, New Mexico",earthquake,1.38,4.32,0.074,82,reviewed,us,us
2026-04-30T23:57:11.791Z,31.719,-104.255,6.0999,2.6,ml,46,57,0,0.2,tx,tx2026imhbfe,2026-05-01T11:11:44.782Z,"51 km SSE of Whites City, New Mexico",earthquake,0.6889627474967,0.45280621583234,0.2,34,reviewed,tx,tx
2026-04-24T21:20:34.978Z,31.652,-104.426,5.3821,2.6,ml,42,76,0,0.2,tx,tx2026ibbmrq,2026-04-27T07:42:59.197Z,"58 km S of Whites City, New Mexico",earthquake,0.88456078939683,0.49718455849247,0.1,28,reviewed,tx,tx
2026-04-24T20:39:12.793Z,31.708,-104.176,7.0355,2.6,ml,48,62,0.1,0.2,tx,tx2026ibadgi,2026-04-27T07:16:28.897Z,"54 km W of Mentone, Texas",earthquake,0.45025958761109,0.59312391983661,0.2,33,reviewed,tx,tx
2026-04-24T08:58:15.423Z,32.3385,-104.1528,8.029,2.5,ml,39,70,0.243,0.27,us,us6000ssii,2026-04-24T09:38:49.687Z,"7 km SE of Livingston Wheeler, New Mexico",earthquake,1.67,8.562,0.081,20,reviewed,us,us
2026-04-22T20:07:23.573Z,32.063,-103.725,7.7533,2.5,ml,34,33,0,0.1,tx,tx2026hxhqdi,2026-04-25T18:58:37.023Z,"37 km ESE of Malaga, New Mexico",earthquake,0.36035372484901,0.48609779153551,0.1,18,reviewed,tx,tx
2026-04-22T06:39:42.688Z,32.009,-103.231,7.0227,2.5,ml,28,50,0.1,0.2,tx,tx2026hwgvzh,2026-04-23T05:44:02.040Z,"12 km SSW of Jal, New Mexico",earthquake,0.55441742403969,1.1038808493951,0.2,12,reviewed,tx,tx
2026-04-20T17:38:19.357Z,31.634,-104.439,6.3721,3,ml,36,73,0,0.1,tx,tx2026htlfxr,2026-05-03T15:57:05.040Z,"60 km S of Whites City, New Mexico",earthquake,0.7856815315993,0.68405153385119,0.1,34,reviewed,tx,tx
2026-04-20T17:35:10.160Z,32.119,-101.055,6.8848,3.3,ml,55,61,0.2,0.2,tx,tx2026htlatb,2026-05-03T15:53:35.040Z,"26 km S of Westbrook, Texas",earthquake,0.63389948326422,1.9485071436495,0.1,39,reviewed,tx,tx
2026-04-19T21:23:04.041Z,31.672,-104.343,5.5872,2.8,ml,29,70,0.1,0.1,tx,tx2026hrwvmf,2026-04-19T21:41:33.040Z,"55 km S of Whites City, New Mexico",earthquake,0.8257263790585,0.97431252003935,0.2,18,reviewed,tx,tx
2026-04-19T04:15:58.037Z,31.668,-104.363,6.9202,3.3,ml,35,69,0.1,0.1,tx,tx2026hqoxqm,2026-04-29T01:20:00.717Z,"56 km S of Whites City, New Mexico",earthquake,0.65647518606639,0.70505527398968,0.2,28,reviewed,tx,tx
2026-04-19T03:45:47.266Z,31.706,-104.129,6.5228,3.3,ml,42,75,0.1,0.1,tx,tx2026hqnvbf,2026-04-29T01:11:00.040Z,"50 km W of Mentone, Texas",earthquake,0.38688611900467,0.51729362164438,0.2,40,reviewed,tx,tx
2026-04-17T23:56:31.497Z,31.736,-104.113,7.6508,3.2,ml,40,67,0,0.1,tx,tx2026hokoxt,2026-05-04T04:18:30.040Z,"48 km W of Mentone, Texas",earthquake,0.38761911324774,0.46018860699321,0.2,40,reviewed,tx,tx
2026-04-17T01:03:02.743Z,31.676,-104.485,6.3562,2.8,ml,24,83,0,0.1,tx,tx2026hmrbqf,2026-04-25T00:00:37.040Z,"56 km S of Whites City, New Mexico",earthquake,0.98712239945777,0.50536696316623,0.1,19,reviewed,tx,tx
2026-04-16T18:49:38.909Z,32.067,-103.727,7.7533,2.9,ml,25,54,0,0.1,tx,tx2026hmerwn,2026-05-04T17:36:10.040Z,"36 km ESE of Malaga, New Mexico",earthquake,0.44669104893786,0.57206428960281,0.2,27,reviewed,tx,tx
2026-04-16T13:49:02.032Z,31.682,-104.387,5.4846,2.7,ml,40,73,0,0.2,tx,tx2026hlusut,2026-04-16T14:17:13.684Z,"54 km S of Whites City, New Mexico",earthquake,0.70683833773991,0.56977678195127,0.1,29,reviewed,tx,tx
2026-04-16T07:00:32.378Z,31.67,-104.387,5.8948,3.6,ml,23,69,0,0.1,tx,tx2026hlhety,2026-05-01T12:41:21.157Z,"56 km S of Whites City, New Mexico",earthquake,0.83357630882449,0.76570894435541,0.1,18,reviewed,tx,tx
2026-04-16T03:09:51.850Z,31.677,-104.387,6.0999,2.5,ml,42,70,0,0.2,tx,tx2026hkznyk,2026-04-16T07:23:49.039Z,"55 km S of Whites City, New Mexico",earthquake,0.80270103648847,0.66405169637189,0.2,30,reviewed,tx,tx
2026-04-16T01:24:05.787Z,31.668,-104.392,6.0999,3.5,ml,24,69,0,0.1,tx,tx2026hkwawq,2026-04-17T01:41:31.474Z,"56 km S of Whites City, New Mexico",earthquake,0.78906656990254,0.76767599250009,0.2,19,reviewed,tx,tx
2026-04-15T10:20:06.407Z,32.108,-101.904,8.9355,2.7,ml,69,56,0.1,0.1,tx,tx2026hjrzts,2026-04-24T09:10:41.040Z,"11 km WSW of Stanton, Texas",earthquake,0.21283909394969,0.46463644137268,0.2,33,reviewed,tx,tx
2026-04-14T18:06:05.721Z,32.257,-101.763,6.2744,2.9,ml,56,52,0,0.1,tx,tx2026hiluhi,2026-04-23T15:48:55.040Z,"14 km N of Stanton, Texas",earthquake,0.53299682697049,0.57742225546751,0.2,63,reviewed,tx,tx
2026-04-14T05:07:04.507Z,32.627,-104.3865,9.748,3.3,ml,41,80,0.476,0.85,us,us6000spwa,2026-04-14T06:18:35.638Z,"15 km S of Atoka, New Mexico",earthquake,2.46,7.732,0.06,36,reviewed,us,us
2026-04-12T13:17:42.595Z,32.6821,-104.4053,5,2.5,ml,29,82,0.258,0.45,us,us6000sphp,2026-05-04T14:12:35.040Z,"9 km S of Atoka, New Mexico",earthquake,2.04,1.963,0.085,18,reviewed,us,us
2026-04-11T13:01:05.007Z,32.2628,-104.4677,10.369,3.2,ml,30,70,0.492,0.39,us,us6000spaw,2026-04-11T13:15:51.040Z,"12 km NW of Whites City, New Mexico",earthquake,1.03,8.43,0.048,58,reviewed,us,us
2026-04-10T23:10:30.094Z,31.969,-103.335,7.2791,3.2,ml,25,56,0,0.1,tx,tx2026hbmzjl,2026-04-27T20:18:00.040Z,"20 km SW of Jal, New Mexico",earthquake,0.66055101002544,0.56937289311226,0.2,25,reviewed,tx,tx
2026-04-10T20:22:47.380Z,31.976,-103.322,7.843,2.5,ml,32,80,0,0.2,tx,tx2026hbhkvw,2026-04-13T08:22:14.797Z,"19 km SW of Jal, New Mexico",earthquake,0.57609888680766,0.7932452660227,0.2,14,reviewed,tx,tx
2026-04-10T18:50:00.540Z,31.966,-103.332,6.7151,2.6,ml,29,42,0,0.1,tx,tx2026hbeiwv,2026-05-01T16:36:24.040Z,"20 km SW of Jal, New Mexico",earthquake,0.89173980741749,0.47922714457663,0.1,34,reviewed,tx,tx
2026-04-09T17:27:18.488Z,31.651,-104.471,6.2537,2.5,ml,25,72,0,0.1,tx,tx2026gzfwsu,2026-04-19T14:17:36.040Z,"58 km S of Whites City, New Mexico",earthquake,1.2885719468362,0.52809705459295,0.1,26,reviewed,tx,tx
2026-04-09T09:37:33.090Z,31.658,-104.318,6.6125,3.2,ml,24,68,0,0.1,tx,tx2026gyqhyi,2026-05-04T13:51:50.543Z,"57 km S of Whites City, New Mexico",earthquake,0.97407867957893,0.86442107871233,0.1,24,reviewed,tx,tx
2026-04-09T07:38:03.838Z,31.652,-104.383,5.741,2.9,ml,34,71,0,0.1,tx,tx2026gymizh,2026-04-18T10:06:36.040Z,"58 km S of Whites City, New Mexico",earthquake,0.68805174228276,0.67006979615969,0.2,25,reviewed,tx,tx
2026-04-07T01:16:27.300Z,31.155,-103.219,4.8181,2.7,ml,15,73,0,0.2,tx,tx2026guigfo,2026-04-29T23:48:21.040Z,"17 km WSW of Coyanosa, Texas",earthquake,0.81560452799855,0.76722696646128,0.2,19,reviewed,tx,tx
2026-04-06T22:05:57.507Z,32.167,-101.796,8.2764,2.7,ml,21,81,0.1,0.1,tx,tx2026gubyfq,2026-04-19T21:44:23.040Z,"4 km N of Stanton, Texas",earthquake,0.40776222000136,0.5819186827323,0.1,17,reviewed,tx,tx
2026-04-06T20:01:35.706Z,32.6908,-104.424,5,4.4,mwr,64,34,0.533,0.51,us,us6000sn3a,2026-05-01T20:11:45.097Z,"9 km SSW of Atoka, New Mexico",earthquake,2.39,1.848,0.039,63,reviewed,us,us
2026-04-06T19:42:48.591Z,31.749,-103.813,7.5482,2.6,ml,29,60,0,0.1,tx,tx2026gtxety,2026-04-16T16:14:53.040Z,"20 km WNW of Mentone, Texas",earthquake,0.33466270516806,0.69896827422061,0.2,37,reviewed,tx,tx
2026-04-06T19:18:52.206Z,32.6493,-104.3642,5,2.8,ml,32,81,0.527,0.56,us,us6000sn2y,2026-04-16T16:04:28.040Z,"13 km S of Atoka, New Mexico",earthquake,3.11,1.97,0.091,16,reviewed,us,us
2026-04-06T15:53:00.823Z,31.751,-103.813,6.6254,2.5,ml,20,69,0,0.1,tx,tx2026gtporx,2026-04-07T19:42:04.040Z,"20 km WNW of Mentone, Texas",earthquake,0.46600110407751,0.67148834818624,0.2,24,reviewed,tx,tx
2026-04-06T14:50:20.964Z,31.748,-103.818,7.1252,2.7,ml,25,60,0,0.1,tx,tx2026gtnmmc,2026-04-09T14:40:49.040Z,"21 km WNW of Mentone, Texas",earthquake,0.52286189100059,0.77818843178508,0.2,19,reviewed,tx,tx
2026-04-05T16:08:28.714Z,32.6637,-104.4111,5,3,ml,29,81,0.568,0.39,us,us6000smw7,2026-04-24T16:09:17.040Z,"11 km S of Atoka, New Mexico",earthquake,2.42,1.964,0.091,16,reviewed,us,us
2026-04-05T09:55:59.448Z,31.76,-103.827,7.215,2.8,ml,21,48,0,0.1,tx,tx2026griaia,2026-04-28T12:54:41.040Z,"22 km WNW of Mentone, Texas",earthquake,0.39091278944713,0.42224855106357,0.2,26,reviewed,tx,tx
2026-04-05T08:35:29.376Z,31.644,-104.44,6.0999,3.6,ml,26,65,0,0.1,tx,tx2026grfivz,2026-04-20T18:58:10.040Z,"59 km S of Whites City, New Mexico",earthquake,0.79080862687191,0.39624810447358,0.1,21,reviewed,tx,tx
2026-04-04T20:42:10.498Z,31.762,-103.83,7.8302,2.7,ml,31,36,0,0.1,tx,tx2026gqhrhu,2026-04-26T01:03:53.040Z,"22 km WNW of Mentone, Texas",earthquake,0.39455211480578,0.63073924883822,0.1,29,reviewed,tx,tx
2026-04-04T13:58:55.332Z,32.755,-100.636,7.5439,2.6,ml,28,80,0.1,0.1,tx,tx2026gpuiub,2026-04-24T01:00:19.040Z,"17 km NE of Hermleigh, Texas",earthquake,0.67439041847679,0.80964465403164,0.1,19,reviewed,tx,tx
2026-04-04T13:58:55.242Z,32.753,-100.636,8.4229,2.5,ml,24,73,0.1,0.1,tx,tx2026gpuiic,2026-04-06T16:39:49.421Z,"17 km NE of Hermleigh, Texas",earthquake,0.59018237251122,0.95445632544204,0.1,14,reviewed,tx,tx
2026-04-04T00:29:01.101Z,32.029,-103.275,5.8179,3.1,ml,25,38,0.1,0.2,tx,tx2026gotmwc,2026-04-21T04:52:18.040Z,"12 km SW of Jal, New Mexico",earthquake,0.59071149029409,0.86308311222295,0.2,17,reviewed,tx,tx
2026-04-03T22:13:05.536Z,32.03,-103.282,5.9973,3.5,ml,35,44,0.1,0.2,tx,tx2026goozto,2026-04-21T03:45:39.040Z,"12 km SW of Jal, New Mexico",earthquake,0.5133612182709,0.82291425900942,0.2,25,reviewed,tx,tx
2026-04-03T15:05:56.923Z,30.854,-103.45,3.0493,2.5,ml,15,89,0.1,0.1,tx,tx2026goavqz,2026-04-23T21:53:22.040Z,"31 km ESE of Balmorhea, Texas",earthquake,1.0727252848467,1.694618713813,0.2,24,reviewed,tx,tx
2026-03-31T10:25:25.866Z,31.755,-103.839,7.9327,2.5,ml,38,57,0,0.1,tx,tx2026gieiid,2026-04-22T10:45:08.040Z,"23 km WNW of Mentone, Texas",earthquake,0.33003754151385,0.34480574208656,0.1,28,reviewed,tx,tx
2026-03-30T23:38:29.274Z,31.758,-103.837,8.5992,2.9,ml,36,58,0,0.1,tx,tx2026ghixus,2026-04-01T16:03:58.300Z,"23 km WNW of Mentone, Texas",earthquake,0.37621706427854,0.50364834495874,0.1,21,reviewed,tx,tx
2026-03-30T17:50:50.373Z,31.761,-103.824,7.702,2.7,ml,26,62,0,0.1,tx,tx2026ggxjvj,2026-04-11T18:37:53.040Z,"22 km WNW of Mentone, Texas",earthquake,0.38280790980587,0.52157437097076,0.2,37,reviewed,tx,tx
2026-03-30T15:50:11.010Z,31.676,-104.399,6.0999,2.7,ml,36,69,0,0.1,tx,tx2026ggtkgf,2026-03-30T19:36:30.040Z,"55 km S of Whites City, New Mexico",earthquake,0.55335401799259,0.43061316403512,0.1,37,reviewed,tx,tx
2026-03-30T07:30:46.157Z,31.759,-103.833,7.7405,3.1,ml,39,26,0,0.1,tx,tx2026ggcvrn,2026-04-22T10:55:42.040Z,"22 km WNW of Mentone, Texas",earthquake,0.24661124392187,0.42265933362234,0.1,27,reviewed,tx,tx
2026-03-30T02:10:35.268Z,31.759,-103.831,7.9456,3.2,ml,35,41,0,0.1,tx,tx2026gfsfzr,2026-04-19T22:51:02.040Z,"22 km WNW of Mentone, Texas",earthquake,0.2775003232276,0.4288728431421,0.2,22,reviewed,tx,tx
2026-03-30T01:27:22.906Z,31.758,-103.834,8.83,3.7,ml,33,40,0,0.1,tx,tx2026gfqujs,2026-04-17T05:42:15.488Z,"22 km WNW of Mentone, Texas",earthquake,0.26572781503272,0.54868602706301,0.3,43,reviewed,tx,tx
2026-03-29T11:02:12.792Z,31.652,-104.138,6.933,2.8,ml,62,51,0.1,0.2,tx,tx2026geodfo,2026-04-21T11:12:16.040Z,"49 km NW of Toyah, Texas",earthquake,0.37871317681102,0.60247564443035,0.1,48,reviewed,tx,tx
2026-03-29T05:27:00.439Z,32.879,-100.912,6.8115,2.9,ml,35,42,0,0.2,tx,tx2026gedaji,2026-04-09T11:33:46.040Z,"17 km N of Snyder, Texas",earthquake,0.53344808051749,0.5854655912411,0.1,19,reviewed,tx,tx
2026-03-29T01:43:35.119Z,31.657,-104.356,7.4329,2.8,ml,71,67,0.1,0.2,tx,tx2026gdvpvt,2026-04-08T23:52:35.040Z,"57 km S of Whites City, New Mexico",earthquake,0.61651439203663,0.63526824747585,0.2,62,reviewed,tx,tx
2026-03-28T15:09:45.201Z,31.682,-104.409,6.3562,2.5,ml,33,69,0,0.2,tx,tx2026gdapmk,2026-04-23T13:59:08.040Z,"54 km S of Whites City, New Mexico",earthquake,0.91452521948928,0.62482978737471,0.1,21,reviewed,tx,tx
2026-03-28T05:38:08.870Z,32.88,-100.926,6.7871,2.5,ml,65,53,0,0.2,tx,tx2026gchrca,2026-04-11T07:25:27.040Z,"17 km N of Snyder, Texas",earthquake,0.6579566449434,0.60794706825009,0.2,44,reviewed,tx,tx
2026-03-27T20:37:35.987Z,31.056,-103.238,4.5874,2.6,ml,29,68,0.1,0.4,tx,tx2026gbptcz,2026-04-22T19:24:11.040Z,"26 km SW of Coyanosa, Texas",earthquake,0.92935290053605,2.2969634706519,0.1,18,reviewed,tx,tx
2026-03-27T16:16:43.341Z,32.048,-102.042,5.7861,2.7,ml,53,51,0,0.1,tx,tx2026gbhagg,2026-05-04T18:34:34.040Z,"6 km NNE of Midland, Texas",earthquake,0.36730848919613,1.5383006999094,0.1,31,reviewed,tx,tx
2026-03-26T08:09:28.464Z,31.668,-104.491,6.0999,3.6,ml,55,67,0,0.1,tx,tx2026fyvfnb,2026-04-11T06:48:13.627Z,"57 km S of Whites City, New Mexico",earthquake,1.2483886546069,0.58757981589753,0.1,35,reviewed,tx,tx
2026-03-26T02:42:29.844Z,31.681,-104.491,6.0999,3.5,ml,67,65,0,0.1,tx,tx2026fykjyv,2026-04-15T22:31:36.040Z,"55 km S of Whites City, New Mexico",earthquake,0.80662629398096,0.48939248606681,0.1,35,reviewed,tx,tx
2026-03-26T02:14:41.922Z,31.666,-104.449,5.4718,2.9,ml,54,71,0,0.2,tx,tx2026fyjlzi,2026-04-15T22:25:20.040Z,"56 km S of Whites City, New Mexico",earthquake,0.66956244354758,0.24266736880334,0.1,29,reviewed,tx,tx
2026-03-25T01:41:46.406Z,31.711,-104.178,7.2662,2.6,ml,49,64,0.1,0.2,tx,tx2026fwmqrf,2026-04-04T02:07:37.040Z,"54 km SSE of Whites City, New Mexico",earthquake,0.45531055769068,0.53296536715949,0.2,36,reviewed,tx,tx
2026-03-24T17:41:05.339Z,31.631,-104.367,6.0999,2.6,ml,54,76,0.1,0.2,tx,tx2026fvwsnx,2026-03-26T14:44:46.040Z,"60 km S of Whites City, New Mexico",earthquake,0.58140205068847,0.60798745586744,0.1,31,reviewed,tx,tx
2026-03-23T18:19:01.022Z,31.72,-104.516,5.0232,2.8,ml,42,59,0,0.2,tx,tx2026fucgiv,2026-04-04T18:27:41.040Z,"52 km SSW of Whites City, New Mexico",earthquake,0.98306996045712,0.77930851342331,0.1,19,reviewed,tx,tx
2026-03-23T15:50:33.426Z,31.684,-104.394,6.0999,2.9,ml,54,68,0,0.2,tx,tx2026ftxicf,2026-03-31T14:23:08.040Z,"54 km S of Whites City, New Mexico",earthquake,0.88459107804684,0.47947101932727,0.1,29,reviewed,tx,tx
2026-03-23T13:25:58.903Z,32.3789,-104.4632,3.142,3.6,mwr,27,91,0.496,0.33,us,us6000siwe,2026-04-14T14:16:34.857Z,"22 km WSW of Carlsbad, New Mexico",earthquake,1.76,5.924,0.059,28,reviewed,us,us
2026-03-22T17:10:01.132Z,32.3851,-104.5465,5,3.1,ml,33,91,0.566,0.43,us,us6000siiz,2026-04-04T17:45:45.641Z,"28 km NW of Whites City, New Mexico",earthquake,1.81,1.908,0.056,88,reviewed,us,us
2026-03-22T12:24:06.373Z,31.66,-104.352,6.0999,2.5,ml,38,69,0.1,0.2,tx,tx2026frutqe,2026-04-14T07:07:52.040Z,"57 km S of Whites City, New Mexico",earthquake,0.65327219342711,0.58709110590313,0.1,25,reviewed,tx,tx
2026-03-20T22:31:41.495Z,31.672,-104.405,7.0612,2.9,ml,17,69,0,0.2,tx,tx2026foxllf,2026-04-12T04:52:05.040Z,"55 km S of Whites City, New Mexico",earthquake,0.4471136160168,0.5129038486348,0.2,17,reviewed,tx,tx
2026-03-20T22:31:20.073Z,31.672,-104.406,6.9714,2.9,ml,24,69,0,0.2,tx,tx2026foxlcq,2026-04-12T04:28:11.040Z,"55 km S of Whites City, New Mexico",earthquake,2.2275723522834,1.7890326227009,0.2,18,reviewed,tx,tx
2026-03-20T21:52:56.797Z,31.68,-104.399,6.0999,2.6,ml,44,68,0,0.2,tx,tx2026fowduj,2026-04-27T18:51:51.040Z,"55 km S of Whites City, New Mexico",earthquake,0.75065346110374,0.48112490457438,0.1,28,reviewed,tx,tx
2026-03-20T18:01:31.357Z,31.676,-104.396,5.4333,2.5,ml,36,69,0,0.2,tx,tx2026foompu,2026-04-11T15:53:06.040Z,"55 km S of Whites City, New Mexico",earthquake,0.69897939985774,0.58389481758203,0.1,23,reviewed,tx,tx
2026-03-20T14:49:36.775Z,32.108,-101.931,8.9111,2.6,ml,34,58,0.1,0.1,tx,tx2026foidgi,2026-04-14T09:31:03.040Z,"13 km W of Stanton, Texas",earthquake,0.283256752106,0.46356914214298,0.2,13,reviewed,tx,tx
2026-03-20T14:46:56.847Z,32.105,-101.926,9.5947,2.7,ml,62,64,0.1,0.1,tx,tx2026foiayk,2026-04-14T09:37:08.919Z,"13 km WSW of Stanton, Texas",earthquake,0.24352046685562,0.31844345920522,0.2,46,reviewed,tx,tx
2026-03-20T02:48:47.645Z,31.672,-104.39,6.1127,3,ml,58,69,0,0.2,tx,tx2026fnkgcl,2026-04-28T21:16:59.040Z,"55 km S of Whites City, New Mexico",earthquake,0.56989094692815,0.5740794343816,0.1,34,reviewed,tx,tx
2026-03-18T13:06:21.385Z,31.662,-104.401,5.5487,2.9,ml,47,66,0,0.2,tx,tx2026fkngng,2026-04-08T12:20:30.040Z,"57 km S of Whites City, New Mexico",earthquake,0.93801846536778,0.4854961655967,0.1,27,reviewed,tx,tx
2026-03-16T10:11:16.351Z,32.78,-100.559,4.0283,2.6,ml,36,75,0,0.2,tx,tx2026fgpzwz,2026-03-16T14:00:07.040Z,"11 km SW of Rotan, Texas",earthquake,0.99391989547208,0.85468250580076,0.2,23,reviewed,tx,tx
2026-03-16T06:46:19.661Z,31.66,-104.403,5.8948,3,ml,28,57,0,0.2,tx,tx2026fgjfhc,2026-04-08T12:45:25.040Z,"57 km S of Whites City, New Mexico",earthquake,0.76231125486666,0.57395158879453,0.1,21,reviewed,tx,tx
2026-03-15T20:20:12.339Z,31.692,-104.401,4.8181,3.5,ml,33,56,0,0.2,tx,tx2026ffolko,2026-04-20T18:38:14.040Z,"53 km S of Whites City, New Mexico",earthquake,0.73586683079627,0.78892727395326,0.2,18,reviewed,tx,tx
2026-03-15T06:44:59.623Z,31.669,-104.202,7.5739,2.5,ml,42,62,0.1,0.1,tx,tx2026fenktd,2026-04-26T05:17:53.040Z,"55 km NW of Toyah, Texas",earthquake,0.43334918276677,0.58204713854716,0.1,25,reviewed,tx,tx
2026-03-14T09:41:14.104Z,31.667,-104.116,6.0999,2.7,ml,36,82,0,0.1,tx,tx2026fcxogc,2026-04-26T05:10:54.040Z,"49 km W of Mentone, Texas",earthquake,0.29402416435483,0.33906817667954,0.1,25,reviewed,tx,tx
2026-03-14T09:36:21.063Z,31.665,-104.118,6.0999,2.6,ml,36,48,0,0.2,tx,tx2026fcxjta,2026-03-27T05:13:14.040Z,"49 km W of Mentone, Texas",earthquake,0.33917089148694,0.38226197608097,0.2,28,reviewed,tx,tx
2026-03-14T05:51:38.903Z,32.791,-100.557,4.5654,2.9,ml,38,68,0,0.2,tx,tx2026fcpyki,2026-04-03T11:10:04.040Z,"10 km SW of Rotan, Texas",earthquake,0.93249124355509,0.72182917706702,0.1,39,reviewed,tx,tx
2026-03-13T19:34:36.106Z,31.656,-104.131,6.0999,2.7,ml,32,50,0.1,0.1,tx,tx2026fbvmgq,2026-04-22T14:38:08.040Z,"49 km NW of Toyah, Texas",earthquake,0.37843477798574,0.41162308841694,0.1,19,reviewed,tx,tx
2026-03-12T05:19:55.037Z,31.669,-104.362,7.561,3.1,ml,16,69,0.1,0.2,tx,tx2026eyxlhm,2026-04-02T11:11:51.040Z,"56 km S of Whites City, New Mexico",earthquake,1.2088330842208,1.5613938754903,0.1,13,reviewed,tx,tx
2026-03-12T05:19:45.712Z,31.676,-104.372,5.6384,3.2,ml,37,57,0,0.2,tx,tx2026eyxjzv,2026-04-02T11:08:44.040Z,"55 km S of Whites City, New Mexico",earthquake,0.64378956607122,0.69792815496674,0.1,19,reviewed,tx,tx
2026-03-11T22:07:23.464Z,31.671,-104.371,6.0999,2.5,ml,51,66,0,0.2,tx,tx2026eyjcot,2026-04-03T04:19:18.040Z,"55 km S of Whites City, New Mexico",earthquake,0.53345443110815,0.58518254716513,0.1,28,reviewed,tx,tx
2026-03-10T23:03:36.196Z,31.708,-104.176,7.5354,2.8,ml,37,62,0.1,0.2,tx,tx2026ewpfwj,2026-03-11T02:46:51.040Z,"54 km W of Mentone, Texas",earthquake,0.50772209506215,0.64061900950958,0.1,17,reviewed,tx,tx
2026-03-10T02:22:16.926Z,31.67,-104.359,6.0999,2.7,ml,33,69,0.1,0.2,tx,tx2026evacly,2026-04-02T06:01:05.040Z,"56 km S of Whites City, New Mexico",earthquake,0.74343787103079,0.60382781403009,0.2,25,reviewed,tx,tx
2026-03-08T05:15:14.593Z,32.001,-103.831,7.0355,2.8,ml,47,42,0,0.2,tx,tx2026erojtf,2026-04-18T07:00:17.040Z,"33 km SE of Malaga, New Mexico",earthquake,0.29924800428829,0.38287646219341,0.1,30,reviewed,tx,tx
2026-03-07T17:16:59.565Z,32.3786,-104.433,5,2.5,ml,27,91,0.487,0.56,us,us7000s2u9,2026-04-01T21:33:16.040Z,"19 km WSW of Carlsbad, New Mexico",earthquake,4.1,2.303,0.074,34,reviewed,us,us
2026-03-07T10:59:27.969Z,31.68,-104.376,6.0999,2.8,ml,37,65,0,0.2,tx,tx2026eqebmq,2026-03-18T12:26:07.040Z,"54 km S of Whites City, New Mexico",earthquake,0.84187289504859,0.67308383329618,0.1,20,reviewed,tx,tx
2026-03-07T10:15:43.671Z,31.673,-104.36,6.0999,2.6,ml,35,71,0.1,0.2,tx,tx2026eqcpuq,2026-04-18T06:36:03.040Z,"55 km S of Whites City, New Mexico",earthquake,0.64561564575855,0.60388894130002,0.1,20,reviewed,tx,tx
2026-03-07T09:53:59.257Z,32.002,-103.83,6.9202,2.7,ml,45,27,0,0.1,tx,tx2026eqbxbv,2026-04-18T06:33:48.040Z,"33 km SE of Malaga, New Mexico",earthquake,0.25361196078285,0.29684861420564,0.1,21,reviewed,tx,tx
2026-03-07T09:33:22.480Z,31.672,-104.365,5.741,3,ml,46,66,0.1,0.2,tx,tx2026eqbfgy,2026-04-18T06:32:32.040Z,"55 km S of Whites City, New Mexico",earthquake,0.64144416449754,0.56578107805367,0.2,27,reviewed,tx,tx
2026-03-07T08:13:18.979Z,31.664,-104.363,6.0999,2.6,ml,18,69,0.1,0.2,tx,tx2026epymur,2026-04-17T09:26:02.040Z,"56 km S of Whites City, New Mexico",earthquake,0.91051161890895,0.83518403404534,0.1,6,reviewed,tx,tx
2026-03-07T08:12:42.709Z,31.677,-104.367,6.0999,3.6,ml,53,65,0.1,0.2,tx,tx2026epynth,2026-04-17T09:30:11.062Z,"55 km S of Whites City, New Mexico",earthquake,0.53859992509023,0.52561980547983,0.1,29,reviewed,tx,tx
2026-03-07T07:11:26.002Z,31.676,-104.367,6.0999,3.9,ml,62,65,0.1,0.2,tx,tx2026epwmrs,2026-03-22T09:35:53.922Z,"55 km S of Whites City, New Mexico",earthquake,0.55768784583271,0.48154617260757,0.1,35,reviewed,tx,tx
2026-03-07T01:05:25.934Z,31.649,-104.429,6.0229,3,ml,45,79,0,0.2,tx,tx2026epkjov,2026-04-16T21:31:18.040Z,"58 km S of Whites City, New Mexico",earthquake,0.93767309471415,0.39610161590366,0.1,27,reviewed,tx,tx
2026-03-06T12:31:04.989Z,31.683,-104.21,6.1511,2.6,ml,31,61,0,0.1,tx,tx2026eoljny,2026-03-30T14:04:07.040Z,"56 km SSE of Whites City, New Mexico",earthquake,0.60124317891206,0.93785586648681,0.2,42,reviewed,tx,tx
2026-03-06T01:38:53.368Z,32.4342,-104.5561,5,2.6,ml,17,130,0.597,0.19,us,us7000s2fc,2026-03-31T23:24:30.040Z,"30 km W of Carlsbad, New Mexico",earthquake,1.75,1.96,0.091,30,reviewed,us,us
2026-03-05T17:14:39.285Z,32.3935,-104.5739,7.87,2.8,ml,32,81,0.602,0.4,us,us7000s2ax,2026-03-23T16:45:46.040Z,"30 km NW of Whites City, New Mexico",earthquake,2.09,6.21,0.073,65,reviewed,us,us
2026-03-05T17:06:26.671Z,32.3996,-104.4905,6.338,2.6,ml,37,78,0.537,0.47,us,us7000s29q,2026-03-15T15:01:04.040Z,"24 km W of Carlsbad, New Mexico",earthquake,2.04,6.126,0.074,50,reviewed,us,us
2026-03-04T15:33:43.234Z,32.325,-101.789,5.6885,3.8,ml,49,33,0,0.1,tx,tx2026ekzzen,2026-03-21T23:07:37.450Z,"21 km N of Stanton, Texas",earthquake,0.29851346103359,0.4942208825801,0.1,39,reviewed,tx,tx
2026-03-03T12:20:07.033Z,32.14,-101.084,8.2275,2.9,ml,32,54,0.2,0.1,tx,tx2026eixvly,2026-03-24T15:45:32.040Z,"24 km SSW of Westbrook, Texas",earthquake,0.41213581502354,1.2411064226168,0.1,19,reviewed,tx,tx
2026-03-03T10:52:23.191Z,32.132,-102.214,5.9326,2.6,ml,28,67,0,0.1,tx,tx2026eiuxwb,2026-03-24T16:14:12.040Z,"19 km NW of Midland, Texas",earthquake,0.62648306355475,1.3358244551329,0.2,13,reviewed,tx,tx
2026-03-03T05:56:37.977Z,31.657,-104.419,5.946,2.6,ml,45,67,0,0.2,tx,tx2026eilczs,2026-03-24T15:21:23.040Z,"57 km S of Whites City, New Mexico",earthquake,1.0838075843543,0.40779173384796,0.1,27,reviewed,tx,tx
2026-02-27T19:15:00.130Z,31.655,-104.396,5.5359,3.1,ml,37,71,0,0.1,tx,tx2026eccrky,2026-04-10T16:27:26.040Z,"57 km S of Whites City, New Mexico",earthquake,0.77834029183526,0.74675403185428,0.1,30,reviewed,tx,tx
2026-02-27T14:09:25.154Z,31.665,-104.412,6.2024,2.6,ml,24,80,0,0.1,tx,tx2026ebsodk,2026-03-24T14:41:17.040Z,"56 km S of Whites City, New Mexico",earthquake,1.0505461679201,0.79090379239304,0.1,38,reviewed,tx,tx
2026-02-26T11:49:10.691Z,32.403,-101.721,8.3252,2.8,ml,51,56,0,0.1,tx,tx2026dzsdrr,2026-03-23T10:07:55.040Z,"13 km S of Ackerly, Texas",earthquake,0.27390261540286,0.5110983448917,0,7,reviewed,tx,tx
2026-02-25T16:50:37.582Z,31.7,-104.125,6.7279,2.6,ml,32,43,0.1,0.2,tx,tx2026dygkys,2026-04-10T01:30:13.040Z,"49 km W of Mentone, Texas",earthquake,0.47411039188308,0.44355131647099,0.1,18,reviewed,tx,tx
2026-02-25T02:27:33.652Z,31.699,-104.126,6.2152,2.6,ml,42,43,0.1,0.1,tx,tx2026dxdvln,2026-04-28T23:25:57.040Z,"49 km W of Mentone, Texas",earthquake,0.34090407149657,0.36674409692773,0.1,24,reviewed,tx,tx
2026-02-23T13:06:12.480Z,30.961,-103.608,3.5364,2.5,ml,20,83,0.1,0.3,tx,tx2026duhodw,2026-02-25T16:49:03.040Z,"13 km E of Balmorhea, Texas",earthquake,0.9140616966754,2.53283017214,0.1,13,reviewed,tx,tx
2026-02-23T13:03:38.948Z,32.249,-101.77,6.958,3.2,ml,83,19,0,0.1,tx,tx2026duhlyk,2026-02-27T00:11:14.938Z,"13 km N of Stanton, Texas",earthquake,0.21211861793565,0.56385828911783,0.1,97,reviewed,tx,tx
2026-02-23T11:10:27.921Z,31.67,-104.409,6.0999,2.7,ml,59,57,0,0.2,tx,tx2026dudpwr,2026-03-17T15:30:35.040Z,"56 km S of Whites City, New Mexico",earthquake,0.75519769019883,0.46464214530025,0.2,43,reviewed,tx,tx
2026-02-23T02:08:45.543Z,31.664,-104.359,6.1255,2.6,ml,45,66,0.1,0.2,tx,tx2026dtltpn,2026-03-17T04:14:32.040Z,"56 km S of Whites City, New Mexico",earthquake,0.68491134729737,0.69544467575229,0.1,25,reviewed,tx,tx
2026-02-21T22:10:45.955Z,32.105,-101.916,8.667,2.7,ml,28,63,0.1,0.1,tx,tx2026dridqq,2026-04-06T21:16:41.040Z,"12 km WSW of Stanton, Texas",earthquake,0.51759328531122,0.71692693707215,0,6,reviewed,tx,tx
2026-02-21T21:15:27.380Z,32.105,-101.916,8.6182,2.9,ml,40,54,0.1,0.1,tx,tx2026drghqa,2026-04-06T21:17:36.040Z,"12 km WSW of Stanton, Texas",earthquake,0.2513714710204,0.66454276443903,0.1,60,reviewed,tx,tx
2026-02-21T01:12:27.079Z,32.444,-102.158,7.8369,3,ml,59,71,0,0.1,tx,tx2026dpskyr,2026-03-07T00:55:57.040Z,"37 km SSW of Lamesa, Texas",earthquake,0.48489456227715,1.3302830545194,0.2,102,reviewed,tx,tx
2026-02-19T10:05:48.386Z,32.991,-102.837,3.1494,3.1,ml,27,64,0.2,0.3,tx,tx2026dmspfw,2026-03-17T10:13:47.040Z,"3 km NNW of Denver City, Texas",earthquake,1.9612396251879,1.840117307623,0.1,30,reviewed,tx,tx
2026-02-17T07:46:43.669Z,31.889,-102.404,6.1768,2.5,ml,27,78,0.1,0.1,tx,tx2026diwpoh,2026-04-24T11:27:44.040Z,"5 km NW of Odessa, Texas",earthquake,0.58151091995926,0.80995005276381,0,7,reviewed,tx,tx
2026-02-17T06:25:20.393Z,31.669,-104.115,6.0999,2.5,ml,39,47,0,0.2,tx,tx2026diturg,2026-03-10T15:13:44.040Z,"49 km W of Mentone, Texas",earthquake,0.33716024734932,0.36830957442848,0,6,reviewed,tx,tx
2026-02-17T06:15:01.938Z,31.664,-104.122,6.7023,2.7,ml,34,64,0,0.2,tx,tx2026ditonn,2026-03-10T15:04:45.040Z,"49 km NW of Toyah, Texas",earthquake,0.50279055253633,0.62104170107715,0.1,16,reviewed,tx,tx
2026-02-17T06:01:17.150Z,31.667,-104.115,6.2152,3.6,ml,76,47,0,0.2,tx,tx2026ditcsc,2026-03-10T15:17:20.463Z,"49 km W of Mentone, Texas",earthquake,0.33174800755918,0.40506009494963,0.2,60,reviewed,tx,tx
2026-02-16T07:30:43.965Z,31.629,-104.365,6.0999,3.1,ml,38,69,0.1,0.2,tx,tx2026dhaili,2026-03-11T15:18:08.040Z,"60 km S of Whites City, New Mexico",earthquake,0.90097286896614,0.60868232325798,0.1,24,reviewed,tx,tx
2026-02-16T07:05:21.540Z,31.629,-104.364,6.0999,3.5,ml,45,69,0.1,0.2,tx,tx2026dgzmvn,2026-03-11T15:51:55.040Z,"60 km S of Whites City, New Mexico",earthquake,1.3756002966427,0.72036374196382,0.1,27,reviewed,tx,tx
2026-02-16T04:58:33.466Z,31.659,-104.327,6.8304,2.6,ml,30,68,0.1,0.1,tx,tx2026dgvemo,2026-03-11T23:53:16.040Z,"57 km S of Whites City, New Mexico",earthquake,0.64036293665441,0.64469570913803,0,6,reviewed,tx,tx
2026-02-14T00:51:33.042Z,32.564,-101.086,6.8115,2.6,ml,39,56,0.1,0.1,tx,tx2026dcvpjp,2026-04-02T21:41:39.040Z,"23 km SW of Snyder, Texas",earthquake,0.64272108583421,1.2702486084153,0.1,23,reviewed,tx,tx
2026-02-13T01:59:51.044Z,31.894,-103.464,6.4587,2.6,ml,35,38,0,0.2,tx,tx2026dbcfab,2026-03-31T20:53:17.040Z,"24 km NNE of Mentone, Texas",earthquake,0.51886850922532,1.5563971907126,0.1,19,reviewed,tx,tx
2026-02-10T21:36:21.015Z,32.107,-101.928,9.2041,2.8,ml,61,35,0.1,0.1,tx,tx2026cxcabv,2026-05-01T14:35:50.040Z,"13 km W of Stanton, Texas",earthquake,0.20840768060617,0.43451466195058,0.1,34,reviewed,tx,tx
2026-02-10T14:32:47.505Z,31.534,-104.022,7.1381,2.7,ml,40,58,0,0.2,tx,tx2026cwnzia,2026-05-01T14:35:49.040Z,"32 km NW of Toyah, Texas",earthquake,0.68527843742423,0.44731400190171,0.1,25,reviewed,tx,tx
2026-02-09T06:33:33.273Z,32.107,-101.913,7.1045,2.8,ml,35,54,0.1,0.1,tx,tx2026cucjlr,2026-05-01T14:35:47.040Z,"12 km WSW of Stanton, Texas",earthquake,0.30200783091296,1.2118929213801,0.1,27,reviewed,tx,tx
2026-02-09T04:55:19.730Z,31.721,-104.514,5.2283,2.5,ml,27,60,0,0.1,tx,tx2026ctzcvi,2026-05-01T14:35:47.040Z,"52 km SSW of Whites City, New Mexico",earthquake,1.0253793714974,0.59945937744129,0.2,25,reviewed,tx,tx
2026-02-07T04:03:30.593Z,31.66,-104.257,6.2665,3.2,ml,44,66,0,0.1,tx,tx2026cqfyjz,2026-05-01T14:35:44.040Z,"58 km S of Whites City, New Mexico",earthquake,0.55928468904869,0.56111321309311,0.2,36,reviewed,tx,tx
2026-02-06T10:27:40.354Z,31.496,-103.98,6.1896,2.7,ml,37,71,0,0.1,tx,tx2026cowyou,2026-05-01T14:35:43.040Z,"26 km NW of Toyah, Texas",earthquake,0.4851794125719,0.52154426974492,0.2,31,reviewed,tx,tx
2026-02-06T01:02:47.856Z,32.5085,-104.629,5,2.6,ml,18,96,0.672,0.25,us,us7000s8a8,2026-05-01T14:35:56.040Z,"34 km SSE of Hope, New Mexico",earthquake,2.2,1.975,0.081,32,reviewed,us,us
2026-02-06T01:01:37.525Z,32.5005,-104.6427,5,2.5,ml,26,53,0.682,0.48,us,us6000s6uj,2026-05-01T14:35:43.040Z,"35 km SSE of Hope, New Mexico",earthquake,2.8,1.97,0.081,44,reviewed,us,us
2026-02-05T18:05:15.360Z,32.3409,-104.4501,8.802,3.7,mwr,36,72,0.49,0.4,us,us6000s6n4,2026-05-01T14:35:42.040Z,"19 km NNW of Whites City, New Mexico",earthquake,3.35,8.498,0.066,22,reviewed,us,us
2026-02-05T06:11:58.902Z,32.39,-101.046,5.6152,2.5,ml,26,57,0.2,0.1,tx,tx2026cmstjd,2026-05-01T14:35:42.040Z,"4 km NW of Westbrook, Texas",earthquake,0.58195059121468,2.0584294342574,0,6,reviewed,tx,tx
2026-02-05T02:11:00.868Z,31.608,-103.938,7.7533,2.9,ml,23,62,0,0.1,tx,tx2026cmktrw,2026-05-01T14:35:42.040Z,"33 km WSW of Mentone, Texas",earthquake,0.41670835147388,0.39695921514454,0.2,44,reviewed,tx,tx
2026-02-04T10:46:02.742Z,31.667,-104.366,6.7664,3.1,ml,46,69,0.1,0.2,tx,tx2026clgcjp,2026-04-23T20:43:22.040Z,"56 km S of Whites City, New Mexico",earthquake,0.60512654769075,0.6565580423578,0.1,36,reviewed,tx,tx
2026-02-04T10:43:47.662Z,31.665,-104.369,7.0227,2.8,ml,24,69,0.1,0.1,tx,tx2026clgaro,2026-04-23T20:43:22.040Z,"56 km S of Whites City, New Mexico",earthquake,0.81017188377319,0.7680555438727,0.2,28,reviewed,tx,tx
2026-02-02T15:00:13.521Z,32.2763,-104.4764,5.343,3.1,ml,31,87,0.506,0.31,us,us6000s5yc,2026-04-23T20:43:20.040Z,"14 km NW of Whites City, New Mexico",earthquake,2.12,5.421,0.062,70,reviewed,us,us
2026-02-01T22:41:50.740Z,31.896,-101.746,8.3252,2.5,ml,36,61,0.1,0.1,tx,tx2026cgqqvc,2026-04-23T20:43:19.040Z,"25 km W of Garden City, Texas",earthquake,0.32488203519184,0.5334132629383,0,6,reviewed,tx,tx
2026-01-31T21:40:16.633Z,32.171,-102.149,8.8623,2.8,ml,55,74,0,0.1,tx,tx2026cesuhf,2026-04-23T20:43:18.040Z,"20 km NNW of Midland, Texas",earthquake,0.35827858337027,0.48921166868399,0.1,39,reviewed,tx,tx
2026-01-31T19:23:28.544Z,31.669,-104.36,6.0999,2.5,ml,39,69,0.1,0.1,tx,tx2026ceoiyz,2026-04-23T20:43:18.040Z,"56 km S of Whites City, New Mexico",earthquake,0.56772935864107,0.50166615182254,0.1,18,reviewed,tx,tx
2026-01-31T01:27:58.100Z,32.108,-101.898,9.0088,2.6,ml,43,58,0.1,0.1,tx,tx2026cdesfe,2026-04-23T20:43:17.040Z,"10 km WSW of Stanton, Texas",earthquake,0.26943631786786,0.48140178268879,0.1,31,reviewed,tx,tx
2026-01-30T07:25:37.783Z,32.105,-101.922,8.9111,2.6,ml,62,52,0.1,0.1,tx,tx2026cbuurq,2026-04-23T20:43:16.040Z,"12 km WSW of Stanton, Texas",earthquake,0.23542285043512,0.72458635787789,0,6,reviewed,tx,tx
2026-01-29T18:32:19.238Z,31.567,-104.023,7.9584,2.5,ml,37,51,0,0.1,tx,tx2026cavfcd,2026-04-23T20:43:15.040Z,"35 km NW of Toyah, Texas",earthquake,0.49608650780525,0.37940005477784,0.2,30,reviewed,tx,tx
2026-01-29T02:55:29.524Z,32.249,-101.772,7.8369,2.5,ml,61,25,0,0.1,tx,tx2026bzqdxc,2026-04-23T20:43:15.040Z,"13 km N of Stanton, Texas",earthquake,0.2502922409831,0.47409723155654,0,7,reviewed,tx,tx
2026-01-28T08:43:56.267Z,31.617,-103.999,8.9133,3,ml,40,54,0,0.1,tx,tx2026byfyru,2026-04-21T16:27:53.040Z,"38 km NNW of Toyah, Texas",earthquake,0.31479511404846,0.27834429860924,0.1,36,reviewed,tx,tx
2026-01-27T17:39:07.481Z,32.006,-101.354,9.79,2.9,ml,21,69,0.2,0.1,tx,tx2026bxbzoi,2026-04-21T16:27:51.040Z,"11 km S of Forsan, Texas",earthquake,0.29310497507279,0.75160621659789,0.1,13,reviewed,tx,tx
2026-01-26T10:22:37.559Z,32.563,-101.095,6.4697,4.3,ml,23,72,0.1,0.1,tx,tx2026burunl,2026-05-04T10:32:53.162Z,"23 km SW of Snyder, Texas",earthquake,0.79933254232905,1.9104368399679,0.1,27,reviewed,tx,tx
2026-01-25T11:25:08.453Z,31.705,-104.178,5.9973,3.4,ml,27,77,0.1,0.1,tx,tx2026bsydlk,2026-04-21T16:28:03.040Z,"54 km W of Mentone, Texas",earthquake,0.58428549052402,0.80965914391703,0.1,42,reviewed,tx,tx
2026-01-22T10:04:44.207Z,32.196,-102.13,8.4717,2.8,ml,50,69,0.1,0.1,tx,tx2026bnihph,2026-04-21T16:28:00.040Z,"22 km NNW of Midland, Texas",earthquake,0.31948467122626,0.5424847684741,0,6,reviewed,tx,tx
2026-01-22T07:36:32.127Z,31.157,-103.024,3.6646,2.5,ml,25,72,0.1,0.2,tx,tx2026bndjxf,2026-04-21T16:28:00.040Z,"10 km SSE of Coyanosa, Texas",earthquake,1.1598643022686,1.2366094041017,0.2,25,reviewed,tx,tx
2026-01-21T12:30:54.995Z,31.667,-104.363,8.8171,2.8,ml,21,69,0.1,0.2,tx,tx2026blrhfm,2026-04-18T14:47:41.040Z,"56 km S of Whites City, New Mexico",earthquake,1.5714633858728,1.1592004183865,0.1,21,reviewed,tx,tx
2026-01-21T12:30:48.598Z,31.663,-104.36,6.6638,2.5,ml,29,69,0.1,0.2,tx,tx2026blrkqz,2026-04-18T14:47:40.040Z,"56 km S of Whites City, New Mexico",earthquake,0.91414255693901,0.88555596496911,0.2,19,reviewed,tx,tx
2026-01-21T12:23:03.054Z,31.667,-104.357,6.6638,3.2,ml,32,69,0.1,0.1,tx,tx2026blrdxi,2026-04-18T14:47:40.040Z,"56 km S of Whites City, New Mexico",earthquake,0.95759399131079,1.0601354434572,0.2,25,reviewed,tx,tx
2026-01-21T12:20:14.150Z,31.668,-104.361,6.5356,3,ml,29,69,0.1,0.1,tx,tx2026blqytz,2026-04-18T14:47:40.040Z,"56 km S of Whites City, New Mexico",earthquake,1.0563160737659,1.1228965874147,0.2,24,reviewed,tx,tx
2026-01-20T17:15:01.471Z,32.543,-104.6529,7.613,2.9,ml,32,79,0.701,0.19,us,us7000rqv9,2026-04-18T14:47:31.040Z,"30 km SSE of Hope, New Mexico",earthquake,1.8,6.046,0.091,16,reviewed,us,us
2026-01-19T15:45:53.851Z,31.538,-104.013,6.8304,2.8,ml,28,57,0,0.1,tx,tx2026bigirb,2026-04-18T14:47:18.040Z,"32 km NW of Toyah, Texas",earthquake,0.62209472290581,0.55407357928612,0.1,14,reviewed,tx,tx
2026-01-18T11:36:45.017Z,32.5026,-104.6272,4.116,3.3,ml,51,46,0.375,0.43,us,us7000rqf2,2026-04-18T14:47:09.040Z,"35 km SSE of Hope, New Mexico",earthquake,2.29,6.545,0.056,110,reviewed,us,us
2026-01-17T12:42:06.705Z,31.536,-104.015,6.8304,3.1,ml,38,57,0,0.1,tx,tx2026beiwut,2026-04-18T14:47:03.040Z,"32 km NW of Toyah, Texas",earthquake,0.5158917120199,0.4462821182258,0.1,18,reviewed,tx,tx
2026-01-16T08:22:25.030Z,32.5134,-104.6257,5,2.5,ml,30,95,0.671,0.51,us,us7000rq1s,2026-04-18T14:46:55.040Z,"34 km SSE of Hope, New Mexico",earthquake,3.21,1.975,0.065,51,reviewed,us,us
2026-01-16T05:18:46.330Z,32.4988,-104.6358,5,3.3,ml,34,77,0.675,0.44,us,us7000rq0u,2026-04-18T14:46:53.040Z,"35 km SSE of Hope, New Mexico",earthquake,2.85,0.865,0.056,74,reviewed,us,us
2026-01-16T03:45:52.277Z,32.5228,-104.6264,5,2.5,ml,22,78,0.674,0.48,us,us7000rq0i,2026-04-18T14:46:53.040Z,"33 km SSE of Hope, New Mexico",earthquake,1.42,1.946,0.091,16,reviewed,us,us
2026-01-16T02:44:01.418Z,32.107,-101.911,8.667,2.5,ml,25,55,0.1,0.1,tx,tx2026bbtinz,2026-04-18T14:46:52.040Z,"11 km WSW of Stanton, Texas",earthquake,0.44051820403065,0.72196679574394,0.2,38,reviewed,tx,tx
2026-01-16T02:05:54.015Z,31.533,-104.01,6.2408,3.2,ml,31,56,0,0.1,tx,tx2026bbsbqt,2026-04-18T14:46:52.040Z,"31 km NW of Toyah, Texas",earthquake,0.52492688355549,0.3604726595603,0.1,17,reviewed,tx,tx
2026-01-16T00:31:01.140Z,32.5101,-104.6265,5,3.4,ml,40,76,0.671,0.62,us,us7000rpzc,2026-04-18T14:46:52.040Z,"34 km SSE of Hope, New Mexico",earthquake,4.08,1.977,0.06,80,reviewed,us,us
2026-01-15T13:27:22.422Z,32.5047,-104.6432,5,2.7,ml,29,76,0.683,0.6,us,us7000rpur,2026-04-18T14:46:49.040Z,"34 km SSE of Hope, New Mexico",earthquake,2.61,1.965,0.105,12,reviewed,us,us
2026-01-15T10:10:10.221Z,32.5148,-104.6286,5,2.6,ml,34,52,0.673,0.55,us,us7000rpu3,2026-04-18T14:46:48.040Z,"34 km SSE of Hope, New Mexico",earthquake,2.53,1.949,0.097,14,reviewed,us,us
2026-01-15T09:15:56.221Z,32.5413,-104.613,5,3.3,ml,46,53,0.668,0.49,us,us7000rpts,2026-04-18T14:46:47.040Z,"31 km SSE of Hope, New Mexico",earthquake,4.04,1.259,0.091,16,reviewed,us,us
2026-01-15T09:04:47.278Z,32.569,-104.5544,5,2.9,ml,43,53,0.631,0.7,us,us7000rptn,2026-04-18T14:46:47.040Z,"27 km SW of Atoka, New Mexico",earthquake,2.28,1.944,0.091,16,reviewed,us,us
2026-01-15T08:50:31.153Z,32.5097,-104.6369,5,3.5,ml,57,52,0.679,0.49,us,us7000rpti,2026-04-18T14:46:47.040Z,"34 km SSE of Hope, New Mexico",earthquake,4.51,1.971,0.091,16,reviewed,us,us
2026-01-13T02:32:27.553Z,31.665,-104.365,6.7407,2.7,ml,42,69,0.1,0.2,tx,tx2026awftyf,2026-04-10T15:20:46.040Z,"56 km S of Whites City, New Mexico",earthquake,0.62202600764323,0.56597581082056,0.1,35,reviewed,tx,tx
2026-01-12T21:41:54.120Z,35.274,-101.763,8.6182,2.7,ml,11,79,0.2,0.3,tx,tx2026avwbns,2026-04-10T15:20:46.040Z,"8 km NE of Amarillo, Texas",earthquake,1.236237164038,1.3062891174832,0.3,6,reviewed,tx,tx
2026-01-10T22:08:39.554Z,31.544,-104.13,7.7405,2.5,ml,15,75,0,0.1,tx,tx2026asfowl,2026-04-10T15:20:43.040Z,"40 km NW of Toyah, Texas",earthquake,0.68237403132318,0.44055236005617,0.1,35,reviewed,tx,tx
2026-01-10T08:33:59.925Z,35.305,-101.695,5.6396,2.8,ml,11,81,0.2,0.2,tx,tx2026areowl,2026-04-10T15:20:43.040Z,"15 km NE of Amarillo, Texas",earthquake,1.9009938879569,1.7704174283688,0.2,7,reviewed,tx,tx
2026-01-07T15:45:20.120Z,31.938,-103.385,6.651,2.8,ml,19,52,0,0.1,tx,tx2026amfrxm,2026-04-07T22:11:58.040Z,"26 km SW of Jal, New Mexico",earthquake,0.57275824809702,0.47769213125124,0.1,19,reviewed,tx,tx
2026-01-04T13:06:34.516Z,32.3007,-104.4887,5.946,2.6,ml,22,168,0.53,0.21,us,us7000rmfd,2026-04-07T22:11:54.040Z,"17 km NW of Whites City, New Mexico",earthquake,3.23,6.278,0.06,36,reviewed,us,us
2026-01-04T09:41:53.948Z,31.937,-103.383,5.7281,3,ml,22,85,0,0.1,tx,tx2026aggjwi,2026-04-07T22:11:54.040Z,"26 km SW of Jal, New Mexico",earthquake,0.67730863612681,0.58927326517648,0.2,54,reviewed,tx,tx
2026-01-02T19:08:46.421Z,32.143,-101.05,6.0791,3,ml,18,79,0.2,0.2,tx,tx2026adhuqg,2026-04-07T22:11:51.040Z,"23 km S of Westbrook, Texas",earthquake,1.3231898208879,3.7537267245701,0.1,15,reviewed,tx,tx
2026-01-02T19:08:34.706Z,32.143,-101.06,7.5439,2.9,ml,27,89,0.2,0.1,tx,tx2026adhuqq,2026-04-07T22:11:51.040Z,"23 km S of Westbrook, Texas",earthquake,0.87353755582774,3.115414088436,0.2,33,reviewed,tx,tx
2026-01-01T19:52:42.759Z,31.66,-104.39,5.177,2.7,ml,32,57,0,0.1,tx,tx2026abnntd,2026-04-07T22:11:50.040Z,"57 km S of Whites City, New Mexico",earthquake,0.76038334675656,0.69958162102815,0.2,25,reviewed,tx,tx
2026-01-01T10:36:29.906Z,32.3016,-104.4596,9.026,2.8,ml,44,50,0.509,0.5,us,us7000rlvt,2026-04-07T22:11:49.040Z,"16 km NNW of Whites City, New Mexico",earthquake,4.6,1.742,0.044,68,reviewed,us,us
2025-12-31T17:19:56.850Z,32.3074,-104.4981,5.495,2.7,ml,29,88,0.526,0.2,us,us7000rlr4,2026-04-01T22:48:48.040Z,"18 km NW of Whites City, New Mexico",earthquake,2.31,5.746,0.06,70,reviewed,us,us
2025-12-30T08:01:52.455Z,31.949,-101.459,8.9111,2.6,ml,22,73,0.2,0.1,tx,tx2025zqyosk,2026-04-01T22:48:38.040Z,"9 km NNE of Garden City, Texas",earthquake,0.42956096569192,1.2013101819085,0.2,13,reviewed,tx,tx
2025-12-30T07:12:40.268Z,31.953,-101.465,8.7158,2.9,ml,37,80,0.2,0.1,tx,tx2025zqwyhs,2026-04-01T22:48:38.040Z,"9 km N of Garden City, Texas",earthquake,0.63709045428886,3.0255596390472,0.2,33,reviewed,tx,tx
2025-12-30T07:03:26.545Z,31.946,-101.462,8.8379,2.5,ml,30,68,0.2,0.1,tx,tx2025zqwqjm,2026-04-01T22:48:38.040Z,"9 km NNE of Garden City, Texas",earthquake,0.38069759440048,1.0284785946805,0.2,14,reviewed,tx,tx
2025-12-27T01:00:26.055Z,31.964,-103.122,8.8135,3.3,ml,37,58,0.2,0.2,tx,tx2025zkxkwi,2026-04-01T22:48:18.040Z,"12 km NNW of Kermit, Texas",earthquake,0.96140377248412,2.8735096295002,0.2,53,reviewed,tx,tx
2025-12-26T05:10:50.045Z,31.529,-104.015,7.5995,2.7,ml,40,64,0,0.1,tx,tx2025zjjzqs,2026-04-01T22:48:13.040Z,"31 km NW of Toyah, Texas",earthquake,0.52527578993782,0.58254428804222,0.2,30,reviewed,tx,tx
2025-12-26T00:34:58.647Z,32.173,-102.161,8.4473,2.8,ml,38,78,0,0.1,tx,tx2025zjavwq,2026-04-01T22:48:12.040Z,"20 km NNW of Midland, Texas",earthquake,0.56497805080402,0.79274143572527,0.2,43,reviewed,tx,tx
2025-12-26T00:32:14.328Z,31.652,-104.353,7.8943,2.7,ml,38,61,0.1,0.2,tx,tx2025zjatld,2025-12-26T01:13:11.314Z,"58 km S of Whites City, New Mexico",earthquake,0.95131553208851,1.1155815393928,0.1,37,reviewed,tx,tx
2025-12-26T00:31:49.975Z,31.666,-104.355,7.4072,2.7,ml,34,80,0.1,0.1,tx,tx2025zjatjy,2026-04-01T22:48:12.040Z,"56 km S of Whites City, New Mexico",earthquake,0.93493283709844,1.0438116567624,0.1,38,reviewed,tx,tx
2025-12-25T21:46:04.079Z,31.67,-104.366,6.0999,2.6,ml,32,69,0.1,0.1,tx,tx2025zivgja,2026-04-01T22:48:11.040Z,"56 km S of Whites City, New Mexico",earthquake,0.91041131789441,0.74447665899236,0.1,26,reviewed,tx,tx
2025-12-25T19:53:31.621Z,31.673,-104.361,6.0999,2.7,ml,37,71,0.1,0.1,tx,tx2025zirnot,2026-04-01T22:48:10.040Z,"55 km S of Whites City, New Mexico",earthquake,0.8330444538925,0.86249749252834,0.2,30,reviewed,tx,tx
2025-12-25T19:44:39.739Z,31.67,-104.363,6.3049,2.6,ml,31,57,0.1,0.1,tx,tx2025zirfvs,2026-04-01T22:48:10.040Z,"56 km S of Whites City, New Mexico",earthquake,0.97819031365747,1.0179322717776,0.2,35,reviewed,tx,tx
2025-12-25T18:50:26.874Z,31.674,-104.362,6.0999,3.5,ml,40,72,0.1,0.1,tx,tx2025ziplbw,2026-04-01T22:48:10.040Z,"55 km S of Whites City, New Mexico",earthquake,0.68813564972723,0.61189795818612,0.2,34,reviewed,tx,tx
2025-12-25T18:46:57.057Z,31.676,-104.363,6.0999,2.5,ml,47,65,0.1,0.2,tx,tx2025zipifa,2026-04-01T22:48:10.040Z,"55 km S of Whites City, New Mexico",earthquake,0.80357228075341,0.50653674061064,0.1,25,reviewed,tx,tx
2025-12-25T18:26:37.506Z,31.668,-104.363,6.9714,3.3,ml,33,68,0.1,0.1,tx,tx2025zioqrt,2026-04-01T22:48:09.040Z,"56 km S of Whites City, New Mexico",earthquake,0.82804379849184,0.83554912814254,0.1,24,reviewed,tx,tx
2025-12-24T23:27:21.049Z,31.667,-104.357,6.5613,2.6,ml,38,57,0.1,0.1,tx,tx2025zhcwyq,2026-04-01T22:48:05.040Z,"56 km S of Whites City, New Mexico",earthquake,0.71615039606142,0.66697367219904,0.1,34,reviewed,tx,tx
2025-12-23T20:53:53.884Z,31.717,-104.511,6.0999,2.7,ml,16,107,0,0.2,tx,tx2025zfcbvp,2026-03-19T13:56:14.040Z,"52 km SSW of Whites City, New Mexico",earthquake,1.0494022928742,0.65224069083366,0.2,16,reviewed,tx,tx
2025-12-22T10:08:56.777Z,32.141,-101.081,8.9355,2.6,ml,32,55,0.2,0.1,tx,tx2025zckzen,2026-03-19T13:56:11.040Z,"24 km SSW of Westbrook, Texas",earthquake,0.89569825761541,1.5625878236877,0,6,reviewed,tx,tx
2025-12-22T08:45:17.478Z,32.143,-101.069,8.5693,3.4,ml,36,56,0.2,0.1,tx,tx2025zcifgg,2026-03-19T13:56:11.040Z,"24 km SSW of Westbrook, Texas",earthquake,0.5620711085818,1.744045611746,0.2,55,reviewed,tx,tx
2025-12-22T08:05:59.102Z,32.141,-101.075,8.8623,2.8,ml,33,55,0.2,0.1,tx,tx2025zcgxfp,2026-03-19T13:56:11.040Z,"24 km SSW of Westbrook, Texas",earthquake,0.52823962628197,1.6326802947356,0,13,reviewed,tx,tx
2025-12-21T22:14:30.598Z,32.143,-101.075,8.7158,2.6,ml,31,75,0.2,0.1,tx,tx2025zbnhsj,2026-03-19T13:56:10.040Z,"24 km SSW of Westbrook, Texas",earthquake,0.54936272929588,1.355583481245,0,6,reviewed,tx,tx
2025-12-21T13:11:36.812Z,31.653,-104.392,6.0999,2.9,ml,26,63,0,0.2,tx,tx2025zavhln,2026-03-19T13:56:09.040Z,"57 km S of Whites City, New Mexico",earthquake,0.97461201961135,0.73559535533944,0.1,20,reviewed,tx,tx
2025-12-19T20:56:49.330Z,31.734,-104.116,7.7789,2.6,ml,46,61,0,0.1,tx,tx2025yxtgjv,2026-03-19T13:56:05.040Z,"49 km W of Mentone, Texas",earthquake,0.34117884178071,0.37705638385046,0,6,reviewed,tx,tx
2025-12-19T02:32:45.677Z,32.182,-101.193,8.2275,2.5,ml,47,61,0.1,0.1,tx,tx2025ywiriy,2026-03-19T13:56:04.040Z,"16 km SE of Coahoma, Texas",earthquake,0.48901580684855,0.78543847452337,0.2,33,reviewed,tx,tx
2025-12-19T01:54:52.481Z,31.671,-104.365,6.0999,2.5,ml,43,70,0.1,0.2,tx,tx2025ywhkul,2026-03-19T13:56:03.040Z,"55 km S of Whites City, New Mexico",earthquake,0.72922652567,0.5446957605975,0.1,31,reviewed,tx,tx
2025-12-18T12:50:42.813Z,31.932,-103.404,5.7538,2.6,ml,18,57,0,0.1,tx,tx2025yvhlbq,2026-03-19T13:56:02.040Z,"28 km SW of Jal, New Mexico",earthquake,0.73489958538201,0.66259943264711,0.1,6,reviewed,tx,tx
2025-12-18T02:50:00.485Z,31.949,-101.463,8.9111,2.6,ml,24,69,0.2,0.1,tx,tx2025yunnks,2026-03-19T13:56:01.040Z,"9 km N of Garden City, Texas",earthquake,0.40846302634406,0.88754147833694,0.2,8,reviewed,tx,tx
2025-12-18T02:07:57.274Z,31.739,-104.259,6.6125,2.7,ml,44,60,0,0.2,tx,tx2025yumbtv,2026-03-19T13:56:01.040Z,"49 km SSE of Whites City, New Mexico",earthquake,0.58887777474696,0.60078214203963,0.2,30,reviewed,tx,tx
2025-12-15T23:20:05.512Z,31.935,-103.392,6.6766,2.5,ml,25,72,0,0.2,tx,tx2025yqpctq,2026-03-10T22:18:43.040Z,"27 km SW of Jal, New Mexico",earthquake,0.96944463936432,0.97747327989539,0.1,13,reviewed,tx,tx
2025-12-15T20:37:31.189Z,31.939,-103.389,7.1252,3.4,ml,28,57,0,0.1,tx,tx2025yqjsrx,2026-03-10T22:18:43.040Z,"26 km SW of Jal, New Mexico",earthquake,0.76978099610291,0.82252131925839,0.2,29,reviewed,tx,tx
2025-12-15T10:13:31.463Z,31.947,-101.463,8.8135,2.7,ml,16,59,0.2,0.1,tx,tx2025yppayw,2026-03-10T22:18:42.040Z,"9 km N of Garden City, Texas",earthquake,0.47064420690022,1.3554642006069,0.1,6,reviewed,tx,tx
2025-12-14T21:16:03.808Z,31.956,-101.463,7.6904,2.6,ml,41,83,0.2,0.1,tx,tx2025yophae,2026-03-10T22:18:41.040Z,"10 km N of Garden City, Texas",earthquake,0.64604689350972,2.7616463559749,0.2,42,reviewed,tx,tx
2025-12-14T20:19:42.572Z,31.945,-101.459,8.374,2.8,ml,13,79,0.2,0.1,tx,tx2025yonhvo,2026-03-10T22:18:41.040Z,"9 km NNE of Garden City, Texas",earthquake,1.059194809328,3.3658464701618,0.2,30,reviewed,tx,tx
2025-12-14T14:43:17.008Z,31.936,-103.388,5.8435,2.8,ml,23,38,0,0.2,tx,tx2025yocgog,2026-03-10T22:18:41.040Z,"26 km SW of Jal, New Mexico",earthquake,0.92066106417381,0.81580882552733,0.2,12,reviewed,tx,tx
2025-12-13T20:55:44.951Z,31.665,-104.349,6.4331,2.5,ml,40,68,0.1,0.2,tx,tx2025ymstvw,2026-03-10T22:18:40.040Z,"56 km S of Whites City, New Mexico",earthquake,1.4979037162306,0.65885072629025,0.1,25,reviewed,tx,tx
2025-12-13T06:33:57.514Z,31.656,-104.382,6.0999,2.6,ml,37,70,0,0.2,tx,tx2025ylqhyi,2026-03-10T22:18:39.040Z,"57 km S of Whites City, New Mexico",earthquake,0.74394558112099,0.56670038997175,0.1,19,reviewed,tx,tx
2025-12-11T04:35:35.910Z,31.612,-103.998,8.2147,2.8,ml,12,58,0,0.1,tx,tx2025yhuyap,2026-03-10T22:18:36.040Z,"38 km NNW of Toyah, Texas",earthquake,0.46851996767684,0.43234327451325,0.2,35,reviewed,tx,tx
2025-12-09T15:21:03.007Z,31.002,-103.613,3.1262,2.9,ml,14,85,0.1,0.2,tx,tx2025yeyubc,2026-03-04T18:43:57.040Z,"12 km E of Balmorhea, Texas",earthquake,1.1295000663459,2.2342180723096,0.2,29,reviewed,tx,tx
2025-12-09T06:15:38.921Z,31.685,-104.451,6.0999,2.6,ml,45,57,0,0.2,tx,tx2025yegsvx,2026-03-04T18:43:49.040Z,"54 km S of Whites City, New Mexico",earthquake,0.72148866116031,0.30362742914619,0.1,21,reviewed,tx,tx
2025-12-06T21:49:41.714Z,31.96,-103.133,6.0999,2.5,ml,25,53,0.2,0.2,tx,tx2025xzyoyn,2026-03-04T18:41:59.040Z,"11 km NNW of Kermit, Texas",earthquake,0.7417835948039,1.8244104531197,0.1,13,reviewed,tx,tx
2025-12-05T19:30:01.636Z,32.356,-102.104,7.8369,2.6,ml,64,37,0,0.1,tx,tx2025xxycnx,2026-03-04T18:41:48.040Z,"38 km NW of Stanton, Texas",earthquake,0.26433969165816,0.39445172508268,0.1,32,reviewed,tx,tx
2025-12-05T04:55:43.351Z,31.67,-104.191,7.2662,2.5,ml,44,61,0.1,0.2,tx,tx2025xwvgdz,2026-03-04T18:44:36.040Z,"54 km NW of Toyah, Texas",earthquake,0.43205088271503,0.6211365299911,0.2,31,reviewed,tx,tx
2025-12-05T04:53:59.091Z,31.666,-104.193,6.5485,2.7,ml,38,62,0.1,0.1,tx,tx2025xwveuz,2026-03-04T18:44:36.040Z,"54 km NW of Toyah, Texas",earthquake,0.37494544083045,0.48547093263833,0.1,24,reviewed,tx,tx
2025-12-04T08:37:25.324Z,31.618,-103.997,8.548,3.1,ml,32,35,0,0.1,tx,tx2025xvgwlm,2026-03-04T18:44:28.040Z,"38 km NNW of Toyah, Texas",earthquake,0.43028058384309,0.32470806375145,0.1,15,reviewed,tx,tx
2025-12-02T22:34:50.501Z,31.659,-104.382,6.0999,3.2,ml,46,67,0,0.2,tx,tx2025xsreii,2026-02-25T16:18:43.040Z,"57 km S of Whites City, New Mexico",earthquake,0.72981089269082,0.52325488735743,0.2,24,reviewed,tx,tx
2025-12-02T02:31:34.590Z,32.762,-100.644,7.9346,3.3,ml,17,51,0.1,0.1,tx,tx2025xrdhlt,2026-02-25T16:18:42.040Z,"17 km NE of Hermleigh, Texas",earthquake,0.62111176426885,1.233989524328,0.1,10,reviewed,tx,tx
2025-11-27T00:14:10.325Z,32.33,-101.796,6.5674,3.3,ml,34,56,0,0.1,tx,tx2025xhucqr,2026-02-25T16:18:33.040Z,"22 km N of Stanton, Texas",earthquake,0.3512780384478,0.40158526669081,0.1,15,reviewed,tx,tx
2025-11-26T17:01:20.656Z,31.706,-101.714,8.4229,3.1,ml,17,80,0.1,0,tx,tx2025xhftkz,2026-02-25T16:18:33.040Z,"28 km SW of Garden City, Texas",earthquake,0.81148523052537,1.2468263698094,0.1,49,reviewed,tx,tx
2025-11-26T01:45:09.815Z,31.688,-104.3,7.3303,2.5,ml,45,65,0,0.2,tx,tx2025xgbjxn,2026-02-25T16:18:31.040Z,"54 km S of Whites City, New Mexico",earthquake,0.62943011406722,0.5815577358275,0.1,32,reviewed,tx,tx
2025-11-25T23:11:40.165Z,31.712,-104.168,7.3303,2.6,ml,43,57,0.1,0.2,tx,tx2025xfwhyo,2026-02-20T16:07:42.040Z,"53 km W of Mentone, Texas",earthquake,0.65741028475482,0.84126768243969,0.1,25,reviewed,tx,tx
2025-11-22T01:52:39.243Z,32.76,-100.653,7.0557,2.5,ml,17,50,0.1,0.2,tx,tx2025wystcy,2026-02-20T16:07:33.040Z,"17 km NE of Hermleigh, Texas",earthquake,0.85311388311019,1.5313716083501,0.1,10,reviewed,tx,tx
2025-11-22T00:30:26.449Z,32.76,-100.651,7.9346,2.7,ml,20,50,0.1,0.2,tx,tx2025wyqale,2026-02-20T16:07:33.040Z,"17 km NE of Hermleigh, Texas",earthquake,0.75823944368466,1.3303574653289,0.2,10,reviewed,tx,tx
2025-11-21T09:24:40.472Z,32.184,-101.403,6.5674,2.5,ml,39,77,0.1,0.1,tx,tx2025wxlxgv,2026-02-20T16:07:32.040Z,"8 km NNW of Forsan, Texas",earthquake,0.30234103928949,0.63539927372186,0.1,7,reviewed,tx,tx
2025-11-20T22:53:51.317Z,32.339,-101.075,6.9092,2.8,ml,41,43,0.2,0.1,tx,tx2025wwrbyw,2026-02-20T16:07:32.040Z,"6 km WSW of Westbrook, Texas",earthquake,0.54910568898063,1.4913470850964,0.1,20,reviewed,tx,tx
2025-11-20T20:41:28.352Z,32.338,-101.076,7.0801,3.1,ml,44,43,0.2,0.1,tx,tx2025wwmsca,2026-02-20T16:07:32.040Z,"6 km WSW of Westbrook, Texas",earthquake,0.45643425335955,1.2149465560516,0.1,24,reviewed,tx,tx
2025-11-19T19:22:22.464Z,31.661,-104.414,5.741,3.4,ml,59,66,0,0.2,tx,tx2025wuohra,2026-02-20T16:07:30.040Z,"57 km S of Whites City, New Mexico",earthquake,0.86093335811193,0.44494536786894,0.1,32,reviewed,tx,tx
2025-11-18T00:18:15.464Z,31.656,-104.38,6.0999,3,ml,57,70,0,0.2,tx,tx2025wrgqvv,2026-02-10T15:55:13.040Z,"57 km S of Whites City, New Mexico",earthquake,0.60934561482583,0.51764500956019,0.2,32,reviewed,tx,tx
2025-11-17T20:37:33.100Z,31.651,-104.379,6.0999,2.9,ml,36,71,0,0.3,tx,tx2025wqzkfj,2026-02-10T15:55:12.040Z,"58 km S of Whites City, New Mexico",earthquake,0.95682827142662,0.76457450740835,0.1,12,reviewed,tx,tx
2025-11-17T20:36:37.759Z,31.656,-104.382,5.946,3.4,ml,60,67,0,0.2,tx,tx2025wqzivk,2026-02-10T15:55:12.040Z,"57 km S of Whites City, New Mexico",earthquake,0.64132570846065,0.74673773302648,0.2,32,reviewed,tx,tx
2025-11-17T15:26:39.592Z,31.645,-104.404,6.7627,2.7,ml,16,76,0,0.1,tx,tx2025wqpbxp,2026-02-10T15:55:12.040Z,"58 km S of Whites City, New Mexico",earthquake,0.6960496272311,0.52919117370263,0.1,12,reviewed,tx,tx
2025-11-17T15:19:56.561Z,31.683,-104.419,5.6384,2.5,ml,25,62,0,0.2,tx,tx2025wqotkq,2026-02-10T15:55:12.040Z,"54 km S of Whites City, New Mexico",earthquake,0.87628481191168,0.59742622927657,0.1,12,reviewed,tx,tx
2025-11-16T14:01:35.051Z,32.341,-101.073,8.0322,2.5,ml,72,55,0.2,0.2,tx,tx2025woqogs,2026-02-10T15:55:11.040Z,"5 km WSW of Westbrook, Texas",earthquake,0.48938853373583,0.93379439940659,0.1,49,reviewed,tx,tx
2025-11-16T05:26:40.886Z,31.651,-104.392,6.0999,2.9,ml,25,71,0,0.2,tx,tx2025wnzmgx,2026-02-10T15:55:11.040Z,"58 km S of Whites City, New Mexico",earthquake,0.89996733204332,0.70537853626947,0.1,15,reviewed,tx,tx
2025-11-16T03:44:59.117Z,31.687,-104.424,5.177,2.5,ml,26,77,0,0.2,tx,tx2025wnwcqb,2026-02-10T15:55:11.040Z,"54 km S of Whites City, New Mexico",earthquake,0.7743149103806,0.62651947908916,0.1,15,reviewed,tx,tx
2025-11-15T23:16:56.710Z,31.656,-104.392,5.946,3.1,ml,33,70,0,0.2,tx,tx2025wnnfqp,2026-02-10T15:55:11.040Z,"57 km S of Whites City, New Mexico",earthquake,0.67657821009925,0.70596280692532,0.1,19,reviewed,tx,tx
2025-11-15T21:37:12.420Z,32.125,-101.92,6.3232,2.6,ml,25,52,0,0.1,tx,tx2025wnjwqs,2026-02-10T15:55:10.040Z,"12 km W of Stanton, Texas",earthquake,0.48845670079729,1.4981332662616,0.1,15,reviewed,tx,tx
2025-11-15T11:41:11.964Z,31.657,-104.393,5.9973,3,ml,27,70,0,0.2,tx,tx2025wmqedn,2026-02-10T15:55:10.040Z,"57 km S of Whites City, New Mexico",earthquake,0.70674229836538,0.61397132150649,0.1,16,reviewed,tx,tx
2025-11-15T10:59:44.649Z,31.654,-104.392,6.0999,3.1,ml,23,63,0,0.2,tx,tx2025wmouks,2026-02-10T15:55:10.040Z,"57 km S of Whites City, New Mexico",earthquake,0.77331996703768,0.75156181228064,0.1,13,reviewed,tx,tx
2025-11-15T06:22:40.591Z,31.718,-101.686,8.7646,2.5,ml,44,61,0.1,0.1,tx,tx2025wmfone,2026-02-10T15:55:10.040Z,"25 km SW of Garden City, Texas",earthquake,0.5074520061903,0.58954561954882,0.2,32,reviewed,tx,tx
2025-11-13T18:59:15.603Z,31.656,-104.441,6.0999,2.7,ml,46,71,0,0.1,tx,tx2025wjnfpt,2026-02-10T15:55:09.040Z,"57 km S of Whites City, New Mexico",earthquake,0.64722582644625,0.47466354180953,0.1,34,reviewed,tx,tx
2025-11-11T14:54:27.322Z,31.669,-104.433,5.3821,2.5,ml,38,61,0,0.2,tx,tx2025wfnrcj,2026-01-29T22:05:30.040Z,"56 km S of Whites City, New Mexico",earthquake,1.361520466878,0.60574269357886,0.2,24,reviewed,tx,tx
2025-11-10T02:29:16.654Z,31.658,-104.427,5.7922,2.6,ml,42,71,0,0.2,tx,tx2025wctgcs,2026-01-29T22:05:33.040Z,"57 km S of Whites City, New Mexico",earthquake,0.79113090199767,0.40394553449708,0.2,24,reviewed,tx,tx
2025-11-10T01:27:24.039Z,31.656,-104.45,6.4587,2.8,ml,30,79,0,0.2,tx,tx2025wcreul,2026-01-29T22:05:33.040Z,"58 km S of Whites City, New Mexico",earthquake,1.2916168202154,0.63164019616946,0.1,24,reviewed,tx,tx
2025-11-10T01:23:48.713Z,31.645,-104.457,6.7664,2.5,ml,16,94,0,0.2,tx,tx2025wcrbpd,2026-01-29T22:05:30.040Z,"59 km S of Whites City, New Mexico",earthquake,1.5207859216292,0.80512068874392,0.1,12,reviewed,tx,tx
2025-11-09T07:22:02.684Z,32.414,-102.16,8.8135,2.5,ml,64,57,0.1,0.2,tx,tx2025wbhehz,2026-01-29T22:05:33.040Z,"36 km ENE of McKinney Acres, Texas",earthquake,0.45633752218111,0.53142590422584,0.1,36,reviewed,tx,tx
2025-11-09T07:11:22.401Z,31.938,-102.001,8.5205,2.8,ml,31,65,0.1,0,tx,tx2025wbgvim,2026-01-29T22:05:33.040Z,"9 km SE of Midland, Texas",earthquake,0.46415952714646,1.7465575630253,0.1,37,reviewed,tx,tx
2025-11-08T15:19:26.889Z,31.652,-104.456,6.2024,3.2,ml,30,85,0,0.2,tx,tx2025wabiag,2026-01-29T22:05:26.040Z,"58 km S of Whites City, New Mexico",earthquake,1.2300313794903,0.64296984872688,0.1,24,reviewed,tx,tx
2025-11-08T11:28:18.618Z,32.409,-102.044,7.2998,3.1,ml,60,43,0,0.1,tx,tx2025vztpoc,2026-01-29T22:05:33.040Z,"33 km WSW of Ackerly, Texas",earthquake,0.46673409517284,0.88908516912278,0.1,37,reviewed,tx,tx
2025-11-07T21:14:24.233Z,31.652,-104.376,6.0999,2.7,ml,61,67,0,0.2,tx,tx2025vyriwc,2026-01-29T22:05:32.040Z,"58 km S of Whites City, New Mexico",earthquake,0.73365860581969,0.59520913365463,0.1,36,reviewed,tx,tx
2025-11-05T16:43:27.385Z,31.666,-104.327,6.0999,2.6,ml,51,68,0.1,0.2,tx,tx2025vuqxtd,2026-01-29T22:05:31.040Z,"56 km S of Whites City, New Mexico",earthquake,0.52202902756596,0.66965647427699,0.1,29,reviewed,tx,tx
2025-11-05T01:12:45.860Z,32.106,-101.915,8.3008,3.2,ml,53,54,0.1,0.1,tx,tx2025vtmbde,2026-01-29T22:05:30.040Z,"12 km WSW of Stanton, Texas",earthquake,0.50893634637168,1.0440089963103,0.1,40,reviewed,tx,tx
2025-11-04T17:53:27.080Z,31.575,-104.026,7.42,2.5,ml,30,46,0,0.1,tx,tx2025vsxnfa,2026-01-27T17:59:08.040Z,"36 km NW of Toyah, Texas",earthquake,0.44131553436486,0.44255296673446,0.1,25,reviewed,tx,tx
2025-11-03T19:38:12.058Z,31.655,-104.453,6.1511,2.5,ml,19,81,0,0.2,tx,tx2025vrfgfy,2026-01-27T17:59:07.040Z,"58 km S of Whites City, New Mexico",earthquake,1.1604535255267,0.61139031589821,0.1,15,reviewed,tx,tx
2025-10-31T23:52:26.379Z,31.614,-104.241,7.4329,2.5,ml,36,69,0.1,0.1,tx,tx2025vmanbf,2026-01-27T17:59:04.040Z,"53 km NW of Toyah, Texas",earthquake,0.63955090275311,1.1414467782644,0.2,34,reviewed,tx,tx
2025-10-29T03:08:05.848Z,31.736,-104.119,7.8815,2.5,ml,36,61,0,0.1,tx,tx2025vgtuzx,2026-01-27T17:59:00.040Z,"49 km W of Mentone, Texas",earthquake,0.36262702623187,0.42499832086114,0,6,reviewed,tx,tx
2025-10-29T01:04:22.457Z,31.656,-104.405,5.741,2.8,ml,32,71,0,0.1,tx,tx2025vgpskb,2026-01-27T17:59:00.040Z,"57 km S of Whites City, New Mexico",earthquake,0.71913659438835,0.52841228450006,0.1,26,reviewed,tx,tx
2025-10-26T16:01:42.406Z,31.613,-103.976,7.0355,2.5,ml,36,43,0,0.1,tx,tx2025vcggzv,2026-01-15T22:46:55.040Z,"37 km WSW of Mentone, Texas",earthquake,0.4257009093497,0.30401470376805,0.1,20,reviewed,tx,tx
2025-10-25T06:50:00.546Z,31.675,-104.35,3.6902,2.6,ml,39,73,0.1,0.2,tx,tx2025uzsgsk,2026-01-15T22:46:52.040Z,"55 km S of Whites City, New Mexico",earthquake,0.62720652235116,0.89371381758807,0.2,19,reviewed,tx,tx
2025-10-22T19:30:36.084Z,32.341,-101.08,7.7393,2.7,ml,45,44,0.2,0.1,tx,tx2025uvehhg,2026-01-15T22:46:48.040Z,"6 km WSW of Westbrook, Texas",earthquake,0.59427290688226,1.2397853684708,0.1,24,reviewed,tx,tx
2025-10-21T14:42:06.419Z,32.5125,-103.4328,7.129,2.5,mb_lg,46,35,0.22,0.59,us,us6000rigg,2026-01-09T15:38:43.040Z,"20 km SW of Monument, New Mexico",earthquake,1.62,4.03,0.161,24,reviewed,us,us
2025-10-20T12:27:11.946Z,32.34,-101.074,8.6914,2.5,ml,34,55,0.2,0.1,tx,tx2025uqyuvz,2026-01-09T15:38:42.040Z,"5 km WSW of Westbrook, Texas",earthquake,1.1638506758286,2.5131229071705,0.1,36,reviewed,tx,tx
2025-10-20T04:03:43.585Z,31.674,-104.403,6.0999,2.6,ml,29,69,0,0.3,tx,tx2025uqidam,2026-01-09T15:38:42.040Z,"55 km S of Whites City, New Mexico",earthquake,1.0919829472963,0.79939654023692,0.2,24,reviewed,tx,tx
2025-10-19T22:03:49.923Z,32.341,-101.077,8.5205,2.5,ml,31,55,0.2,0.1,tx,tx2025upwexl,2026-01-09T15:38:41.040Z,"6 km WSW of Westbrook, Texas",earthquake,0.61742907016025,1.1691388396375,0.1,24,reviewed,tx,tx
2025-10-19T20:40:47.654Z,32.339,-101.071,6.6162,3.2,ml,23,55,0.2,0.1,tx,tx2025uptlin,2026-01-09T15:38:41.040Z,"5 km WSW of Westbrook, Texas",earthquake,0.810146855054,2.5322107517344,0.1,51,reviewed,tx,tx
2025-10-19T15:47:59.234Z,31.66,-104.376,7.0483,2.5,ml,33,57,0,0.2,tx,tx2025upjtag,2026-01-09T15:38:41.040Z,"57 km S of Whites City, New Mexico",earthquake,1.1323075886818,0.83769682406737,0.1,25,reviewed,tx,tx
2025-10-19T11:12:19.146Z,31.672,-104.364,6.0999,2.5,ml,40,81,0.1,0.1,tx,tx2025upapmb,2026-01-09T15:38:41.040Z,"55 km S of Whites City, New Mexico",earthquake,0.68442423796169,0.53829762036275,0.1,23,reviewed,tx,tx
2025-10-19T10:40:14.297Z,31.661,-104.369,6.8433,3.4,ml,25,57,0.1,0.3,tx,tx2025uoznva,2026-01-09T15:38:41.040Z,"57 km S of Whites City, New Mexico",earthquake,1.366409689035,1.0332070227835,0.2,19,reviewed,tx,tx
2025-10-19T09:13:42.825Z,31.67,-104.37,6.1511,3,ml,30,78,0,0.2,tx,tx2025uowrft,2026-01-09T15:38:41.040Z,"56 km S of Whites City, New Mexico",earthquake,1.1285862220823,0.90344865772331,0.1,24,reviewed,tx,tx
2025-10-19T05:00:35.348Z,31.666,-104.361,6.4075,3.3,ml,36,76,0.1,0.2,tx,tx2025uoohbt,2026-01-09T15:38:40.040Z,"56 km S of Whites City, New Mexico",earthquake,0.90152967363074,0.73468266772327,0.2,28,reviewed,tx,tx
2025-10-19T02:41:44.092Z,31.939,-103.394,6.4587,2.6,ml,14,58,0,0.1,tx,tx2025uojrdi,2026-01-09T15:38:40.040Z,"27 km SW of Jal, New Mexico",earthquake,0.71940057098077,0.63990730279971,0.3,27,reviewed,tx,tx
2025-10-18T20:24:04.027Z,32.2506,-103.2754,6.964,2.5,mb_lg,37,49,0.24,0.68,us,us6000ri2j,2026-01-09T15:38:40.040Z,"17 km NNW of Jal, New Mexico",earthquake,2.57,7.167,0.1,29,reviewed,us,us
2025-10-16T22:02:36.056Z,32.3311,-104.5673,9.73,3.5,ml,41,65,0.599,0.46,us,us6000rhnh,2026-01-09T15:38:38.040Z,"24 km NW of Whites City, New Mexico",earthquake,3.26,3.236,0.039,88,reviewed,us,us
2025-10-14T20:18:09.877Z,31.65,-104.398,4.3054,2.9,ml,36,71,0,0.2,tx,tx2025ugoblh,2026-01-01T23:11:13.040Z,"58 km S of Whites City, New Mexico",earthquake,0.96028803166518,0.96330365590412,0.1,28,reviewed,tx,tx
2025-10-14T20:10:53.655Z,31.652,-104.4,5.7153,2.8,ml,26,68,0,0.2,tx,tx2025ugnvek,2026-01-01T23:11:13.040Z,"58 km S of Whites City, New Mexico",earthquake,0.97883150191607,1.1332561188935,0.1,20,reviewed,tx,tx
2025-10-14T19:19:12.263Z,31.653,-104.4,5.8435,3.9,ml,32,71,0,0.2,tx,tx2025ugmcqg,2026-01-01T23:11:13.040Z,"57 km S of Whites City, New Mexico",earthquake,1.0290523892546,1.0284142542677,0.2,24,reviewed,tx,tx
2025-10-14T19:09:56.203Z,31.651,-104.394,4.9719,2.8,ml,25,69,0,0.2,tx,tx2025ugluqs,2026-01-01T23:11:13.040Z,"58 km S of Whites City, New Mexico",earthquake,1.0989717226826,1.0263473888265,0.1,18,reviewed,tx,tx
2025-10-14T05:56:04.979Z,31.66,-104.4,6.0999,3.2,ml,38,57,0,0.2,tx,tx2025uflmnv,2026-01-01T23:11:12.040Z,"57 km S of Whites City, New Mexico",earthquake,0.93532218389558,0.70494154242941,0.1,30,reviewed,tx,tx
2025-10-13T20:12:13.255Z,32.3361,-104.6442,6.568,3.4,ml,31,90,0.652,0.4,us,us6000rgy8,2026-01-01T23:11:12.040Z,"30 km NW of Whites City, New Mexico",earthquake,2.11,5.733,0.056,114,reviewed,us,us
2025-10-12T23:00:06.517Z,32.326,-101.082,7.9346,2.9,ml,17,66,0.2,0.1,tx,tx2025udbzfd,2026-01-01T23:11:11.040Z,"7 km WSW of Westbrook, Texas",earthquake,0.61865136610842,1.7856344244274,0.1,32,reviewed,tx,tx
2025-10-12T06:08:59.092Z,32.336,-101.07,5.2734,4.3,ml,21,55,0.2,0.1,tx,tx2025ubulqx,2026-05-03T06:19:06.109Z,"5 km WSW of Westbrook, Texas",earthquake,0.55913576955233,2.2336808834886,0.1,25,reviewed,tx,tx
2025-10-11T23:50:05.954Z,32.119,-101.922,8.9111,2.7,ml,62,52,0.1,0.1,tx,tx2025ubhxkh,2026-01-01T23:11:10.040Z,"12 km W of Stanton, Texas",earthquake,0.2459424249386,0.44560691056198,0.2,39,reviewed,tx,tx
2025-10-09T22:58:41.313Z,32.119,-101.925,8.9355,2.8,ml,47,54,0.1,0.1,tx,tx2025txotjc,2026-01-01T23:11:06.040Z,"12 km W of Stanton, Texas",earthquake,0.27825732948562,0.57262695987323,0.1,25,reviewed,tx,tx
2025-10-09T18:41:31.028Z,31.654,-104.398,6.4694,2.6,ml,24,69,0,0.2,tx,tx2025txgftp,2026-01-01T23:11:06.040Z,"57 km S of Whites City, New Mexico",earthquake,1.0857304598673,0.76437696452881,0.1,19,reviewed,tx,tx
2025-10-09T17:42:44.522Z,32.119,-101.925,8.3269,3.1,ml,25,57,0,0.1,tx,tx2025txehcl,2026-01-01T23:11:06.040Z,"12 km W of Stanton, Texas",earthquake,0.35872204478277,0.60970667112773,0.2,39,reviewed,tx,tx
2025-10-09T15:17:02.969Z,32.1266,-103.7145,10.046,2.5,ml,33,53,0.13,0.31,us,us6000rftv,2026-01-01T23:11:06.040Z,"35 km ESE of Malaga, New Mexico",earthquake,1.4,6.639,0.069,28,reviewed,us,us
2025-10-07T23:34:25.807Z,31.656,-104.453,5.6384,2.5,ml,34,72,0,0.2,tx,tx2025ttymkj,2025-12-19T22:50:25.040Z,"58 km S of Whites City, New Mexico",earthquake,0.8334488700219,0.48382988067111,0.1,23,reviewed,tx,tx
2025-10-07T23:11:32.960Z,31.669,-104.351,6.0999,2.6,ml,45,69,0.1,0.2,tx,tx2025ttxsrs,2025-12-19T22:50:24.040Z,"56 km S of Whites City, New Mexico",earthquake,0.76909409688265,0.71217989865502,0.2,31,reviewed,tx,tx
2025-10-05T18:36:25.067Z,32.2359,-104.6176,5.621,2.5,ml,27,86,0.574,0.55,us,us6000rezf,2025-12-19T22:50:09.040Z,"23 km WNW of Whites City, New Mexico",earthquake,2.39,4.92,0.066,60,reviewed,us,us
2025-10-01T11:44:13.902Z,32.184,-101.189,7.251,2.6,ml,19,62,0.1,0.1,tx,tx2025tiapcq,2025-12-19T22:49:36.040Z,"16 km SE of Coahoma, Texas",earthquake,0.53449239944596,1.5581713483935,0,7,reviewed,tx,tx
2025-09-30T17:13:42.825Z,32.077,-103.718,7.4713,3.1,ml,16,68,0,0.1,tx,tx2025tgpuec,2025-12-11T21:40:50.040Z,"37 km ESE of Malaga, New Mexico",earthquake,0.50043439650513,0.60341956535092,0.2,36,reviewed,tx,tx
2025-09-30T13:57:01.656Z,32.764,-100.664,8.7158,2.5,ml,32,79,0.1,0.2,tx,tx2025tgjgrr,2025-12-11T21:40:46.040Z,"16 km NNE of Hermleigh, Texas",earthquake,0.6077962052383,0.71490841098999,0.1,15,reviewed,tx,tx
2025-09-29T21:38:47.067Z,31.669,-104.342,6.0999,2.7,ml,35,68,0.1,0.2,tx,tx2025tfcvse,2025-12-11T21:40:49.040Z,"56 km S of Whites City, New Mexico",earthquake,0.67424641269661,0.59578356502313,0.2,28,reviewed,tx,tx
2025-09-29T02:38:14.876Z,31.525,-104.019,6.9202,2.8,ml,28,62,0.1,0.1,tx,tx2025tdrawq,2025-12-11T21:40:47.040Z,"31 km NW of Toyah, Texas",earthquake,0.78611930249966,0.70280877233572,0.2,59,reviewed,tx,tx
2025-09-26T06:39:03.451Z,31.466,-103.834,4.2926,2.6,ml,50,55,0.1,0.2,tx,tx2025syltpk,2025-12-11T21:40:45.040Z,"17 km NNW of Toyah, Texas",earthquake,0.45635841069378,0.77172809611094,0.2,25,reviewed,tx,tx
2025-09-26T01:52:14.751Z,31.506,-104.026,7.074,3.1,ml,43,63,0.1,0.1,tx,tx2025sycipp,2025-12-11T21:40:44.040Z,"30 km NW of Toyah, Texas",earthquake,0.59062654959738,1.3383433510867,0.2,32,reviewed,tx,tx
2025-09-26T01:45:07.542Z,31.529,-104.017,7.702,2.7,ml,42,62,0,0.1,tx,tx2025syccgu,2025-12-11T21:40:48.040Z,"31 km NW of Toyah, Texas",earthquake,0.52027048506492,0.37745038037363,0.1,18,reviewed,tx,tx
2025-09-25T23:34:41.314Z,32.103,-101.918,7.7393,3.4,ml,29,70,0.1,0.1,tx,tx2025sxxubj,2025-12-11T21:40:48.040Z,"12 km WSW of Stanton, Texas",earthquake,1.4466600431582,0.91294632212314,0.2,42,reviewed,tx,tx
2025-09-25T17:49:46.850Z,31.444,-103.842,4.9207,2.6,ml,36,56,0.1,0.1,tx,tx2025sxmiwc,2025-12-11T21:40:45.040Z,"15 km NNW of Toyah, Texas",earthquake,0.83343431333418,1.9509857430655,0.2,30,reviewed,tx,tx
2025-09-24T21:36:01.012Z,31.53,-104.019,7.6379,2.9,ml,26,58,0,0.1,tx,tx2025svycok,2025-12-11T21:40:47.040Z,"32 km NW of Toyah, Texas",earthquake,0.71170239823417,0.67309566400755,0.1,28,reviewed,tx,tx
2025-09-24T21:04:21.519Z,31.532,-104.017,7.6251,2.5,ml,40,57,0,0.1,tx,tx2025svxbpd,2025-12-11T21:40:51.040Z,"32 km NW of Toyah, Texas",earthquake,0.56611575906407,0.42918511787083,0.1,25,reviewed,tx,tx
2025-09-23T17:42:18.543Z,32.403,-102.044,8.0811,3,ml,43,64,0,0.1,tx,tx2025stupyb,2025-12-06T16:00:09.040Z,"33 km WSW of Ackerly, Texas",earthquake,0.60929820340211,1.7365819982769,0.2,65,reviewed,tx,tx
2025-09-22T07:00:50.918Z,31.33,-103.68,7.843,2.9,ml,18,50,0.1,0.1,tx,tx2025srdqzv,2025-12-06T16:00:27.040Z,"10 km E of Toyah, Texas",earthquake,0.82114632440084,1.4636230050803,0.1,24,reviewed,tx,tx
2025-09-17T21:56:54.184Z,31.733,-104.108,7.8943,3.6,ml,31,60,0,0.1,tx,tx2025sjcsqp,2025-12-06T16:00:19.040Z,"48 km W of Mentone, Texas",earthquake,0.550456927806,0.51567634328877,0.2,27,reviewed,tx,tx
2025-09-14T21:03:56.990Z,32.123,-102.156,8.1787,2.5,ml,35,62,0,0.1,tx,tx2025sdntjx,2025-12-03T03:58:34.040Z,"15 km NNW of Midland, Texas",earthquake,0.40431569667571,0.52078222949209,0.2,42,reviewed,tx,tx
2025-09-14T15:40:04.149Z,32.438,-102.07,8.9111,2.5,ml,42,85,0,0.1,tx,tx2025sddbjv,2025-12-03T03:58:32.040Z,"34 km SSW of Los Ybanez, Texas",earthquake,0.3886733870595,0.54512145915775,0.2,31,reviewed,tx,tx
2025-09-11T22:45:37.452Z,32.108,-102.144,6.5918,2.6,ml,30,63,0,0.1,tx,tx2025rydzll,2025-12-03T03:58:05.040Z,"13 km NNW of Midland, Texas",earthquake,0.41863251397635,0.46085598149227,0,6,reviewed,tx,tx
2025-09-11T19:00:26.010Z,32.106,-102.154,6.9794,2.7,ml,19,56,0,0.1,tx,tx2025rxwniy,2025-12-03T03:58:04.040Z,"14 km NNW of Midland, Texas",earthquake,0.38744647881885,0.50011444437358,0.2,48,reviewed,tx,tx
2025-09-10T09:30:55.935Z,32.086,-102.024,8.0566,2.8,ml,35,39,0.1,0.1,tx,tx2025rvhxtv,2025-12-03T03:57:53.040Z,"11 km NNE of Midland, Texas",earthquake,0.3341836290291,0.77889570065577,0.2,36,reviewed,tx,tx
2025-09-09T23:21:24.957Z,31.635,-104.015,6.087,3.7,ml,39,41,0,0.1,tx,tx2025runsnd,2025-11-30T23:41:13.040Z,"40 km WSW of Mentone, Texas",earthquake,0.35417119737311,0.33272874263435,0.1,40,reviewed,tx,tx
2025-09-09T15:27:10.496Z,31.661,-104.36,5.0232,2.5,ml,43,69,0.1,0.1,tx,tx2025rtxyum,2025-11-30T23:41:06.040Z,"57 km S of Whites City, New Mexico",earthquake,0.81122160068913,1.111754479368,0.1,53,reviewed,tx,tx
2025-09-08T01:55:14.465Z,31.673,-104.313,5.1257,2.6,ml,38,67,0,0.2,tx,tx2025rrbjiq,2025-11-30T23:40:39.040Z,"56 km S of Whites City, New Mexico",earthquake,0.58920682456613,0.75407779077946,0.2,21,reviewed,tx,tx
2025-09-07T19:35:47.529Z,31.736,-104.372,5.5872,2.6,ml,61,63,0,0.2,tx,tx2025rqouio,2025-11-30T23:40:35.040Z,"48 km S of Whites City, New Mexico",earthquake,0.6792336023247,0.69806829275439,0.1,29,reviewed,tx,tx
2025-09-07T14:57:53.939Z,32.471,-104.6508,9.699,2.8,ml,21,95,0.682,0.55,us,us7000qukj,2025-11-30T23:40:32.040Z,"38 km SSE of Hope, New Mexico",earthquake,3.06,8.468,0.055,56,reviewed,us,us
2025-09-07T08:59:10.046Z,31.539,-104.154,6.1383,2.6,ml,45,71,0,0.2,tx,tx2025rptrts,2025-11-30T23:40:28.040Z,"42 km NW of Toyah, Texas",earthquake,0.55476234051036,0.57558964418349,0.2,24,reviewed,tx,tx
2025-09-07T07:47:50.581Z,31.54,-104.147,6.0999,2.7,ml,44,70,0,0.1,tx,tx2025rprihz,2025-11-30T23:40:27.040Z,"41 km NW of Toyah, Texas",earthquake,0.55409968447662,0.42160312459839,0.2,24,reviewed,tx,tx
2025-09-06T14:05:39.616Z,31.529,-104.161,6.4203,2.9,ml,53,73,0.1,0.2,tx,tx2025roiczs,2025-11-30T23:40:17.040Z,"42 km NW of Toyah, Texas",earthquake,0.45585574437684,0.53375088246879,0.2,25,reviewed,tx,tx
2025-09-06T04:16:48.467Z,32.114,-101.054,7.6416,3.4,ml,32,48,0.2,0.1,tx,tx2025rnopod,2025-11-30T23:40:13.040Z,"27 km S of Westbrook, Texas",earthquake,0.56378523522872,2.1376447657882,0.1,19,reviewed,tx,tx
2025-09-04T12:00:57.406Z,32.2398,-104.4846,5,2.5,ml,28,44,0.488,0.49,us,us7000qtre,2025-11-30T23:39:52.040Z,"12 km NW of Whites City, New Mexico",earthquake,2.84,1.934,0.077,52,reviewed,us,us
2025-09-04T08:50:53.127Z,31.668,-104.378,6.0999,2.5,ml,35,69,0,0.2,tx,tx2025rkgfxz,2025-11-30T23:39:50.040Z,"56 km S of Whites City, New Mexico",earthquake,0.841122690946,0.77838071962836,0.1,21,reviewed,tx,tx
2025-09-02T14:38:20.542Z,32.182,-101.189,8.2764,2.6,ml,45,77,0.1,0.1,tx,tx2025rhahkp,2025-11-19T21:59:50.040Z,"16 km SE of Coahoma, Texas",earthquake,0.38627883616711,0.96897538533671,0.1,35,reviewed,tx,tx
2025-09-01T20:54:15.781Z,31.76,-104.207,6.0999,2.5,ml,48,50,0,0.2,tx,tx2025rfrary,2025-11-19T21:59:49.040Z,"48 km SSE of Whites City, New Mexico",earthquake,0.45798164884439,0.48100419433294,0.2,27,reviewed,tx,tx
2025-08-31T14:43:12.134Z,31.969,-103.329,7.8943,2.6,ml,25,65,0,0.1,tx,tx2025rdiywy,2025-11-19T21:59:46.040Z,"20 km SW of Jal, New Mexico",earthquake,0.78597206010566,0.62788612952668,0.2,29,reviewed,tx,tx
2025-08-31T13:33:59.838Z,31.962,-103.336,7.6892,3,ml,24,78,0,0.1,tx,tx2025rdgslh,2025-11-19T21:59:46.040Z,"21 km SW of Jal, New Mexico",earthquake,0.80643840638311,0.61401218400495,0.2,40,reviewed,tx,tx
2025-08-31T12:31:24.385Z,31.704,-104.178,6.0229,2.8,ml,24,59,0.1,0.1,tx,tx2025rdeqmr,2025-11-19T21:59:46.040Z,"54 km W of Mentone, Texas",earthquake,0.51713090584282,1.2796634229139,0.2,43,reviewed,tx,tx
2025-08-31T11:58:07.293Z,31.967,-103.326,7.2278,2.8,ml,29,87,0,0.1,tx,tx2025rddnxj,2025-11-19T21:59:46.040Z,"20 km SW of Jal, New Mexico",earthquake,0.69770957586339,0.60659678077665,0.2,52,reviewed,tx,tx
2025-08-29T06:35:34.755Z,31.657,-104.444,6.3049,2.7,ml,30,71,0,0.1,tx,tx2025qzbkay,2025-11-19T21:59:43.040Z,"57 km S of Whites City, New Mexico",earthquake,1.2723603868908,0.65904916672467,0.2,29,reviewed,tx,tx
2025-08-29T06:28:18.877Z,31.656,-104.432,5.6384,2.6,ml,39,88,0,0.2,tx,tx2025qzbdup,2025-11-19T21:59:43.040Z,"57 km S of Whites City, New Mexico",earthquake,0.87029118445664,0.492154845129,0.1,22,reviewed,tx,tx
2025-08-27T02:22:59.188Z,31.654,-104.442,5.946,2.7,ml,35,78,0,0.1,tx,tx2025qvborr,2025-11-19T21:59:40.040Z,"58 km S of Whites City, New Mexico",earthquake,1.0958140033955,0.49673193406396,0.1,50,reviewed,tx,tx
2025-08-25T17:58:17.276Z,32.108,-101.928,8.8623,2.6,ml,46,52,0.1,0.1,tx,tx2025qspcwz,2025-11-12T16:25:44.040Z,"13 km W of Stanton, Texas",earthquake,0.45651557430787,1.0936562610959,0.1,39,reviewed,tx,tx
2025-08-25T14:27:08.629Z,31.665,-104.266,6.4587,2.5,ml,47,65,0,0.2,tx,tx2025qsiclb,2025-11-12T16:25:44.040Z,"57 km S of Whites City, New Mexico",earthquake,0.69154447855369,0.47365819800549,0.2,26,reviewed,tx,tx
2025-08-21T04:20:51.091Z,31.648,-104.37,7.9712,2.8,ml,20,68,0.1,0.3,tx,tx2025qkfczp,2025-11-12T16:25:35.040Z,"58 km S of Whites City, New Mexico",earthquake,1.3200422331641,1.119814697505,0.1,16,reviewed,tx,tx
2025-08-21T04:00:07.474Z,31.668,-104.374,6.0999,3.5,ml,29,67,0,0.2,tx,tx2025qkelbt,2025-11-12T16:25:35.040Z,"56 km S of Whites City, New Mexico",earthquake,0.85128059086483,0.70410819870494,0.2,24,reviewed,tx,tx
2025-08-21T03:50:46.323Z,31.666,-104.377,6.6638,3.1,ml,20,66,0,0.1,tx,tx2025qkeche,2025-11-12T16:25:35.040Z,"56 km S of Whites City, New Mexico",earthquake,1.04452499472,0.91602507536527,0.2,17,reviewed,tx,tx
2025-08-21T00:58:46.959Z,31.571,-104.178,6.8048,2.5,ml,44,70,0,0.2,tx,tx2025qjykvo,2025-11-12T16:25:35.040Z,"46 km NW of Toyah, Texas",earthquake,0.50480311404785,0.55584084382204,0.2,25,reviewed,tx,tx
2025-08-20T05:38:19.991Z,32.401,-102.066,8.7158,2.6,ml,79,47,0,0.2,tx,tx2025qilywb,2025-11-12T16:25:33.040Z,"35 km WSW of Ackerly, Texas",earthquake,0.29354351115469,0.42207432852832,0.2,49,reviewed,tx,tx
2025-08-19T09:42:52.730Z,31.686,-104.407,5.8948,2.9,ml,39,85,0,0.2,tx,tx2025qgyisk,2025-11-04T16:44:00.040Z,"54 km S of Whites City, New Mexico",earthquake,1.9017240107474,1.0191596380768,0.2,25,reviewed,tx,tx
2025-08-18T22:33:53.638Z,31.646,-104.131,1.8958,3.2,ml,26,57,0.1,0.1,tx,tx2025qgcefs,2025-11-04T16:43:57.040Z,"48 km NW of Toyah, Texas",earthquake,0.44181232436337,0.95313362065771,0.2,20,reviewed,tx,tx
2025-08-16T00:06:02.436Z,31.881,-101.74,7.2998,2.6,ml,22,59,0,0.1,tx,tx2025qasaxv,2025-11-04T16:43:45.040Z,"24 km W of Garden City, Texas",earthquake,0.4377758255087,0.64857043547998,0.2,57,reviewed,tx,tx
2025-08-15T02:18:39.306Z,32.407,-102.094,7.0557,3.2,ml,38,60,0,0.1,tx,tx2025pzasju,2025-11-04T16:43:41.040Z,"37 km WSW of Ackerly, Texas",earthquake,0.42802813221412,0.35885001796242,0.2,71,reviewed,tx,tx
2025-08-14T23:10:41.412Z,31.68,-104.425,6.4146,3,ml,33,83,0,0.1,tx,tx2025pyumjw,2025-11-04T16:43:40.040Z,"55 km S of Whites City, New Mexico",earthquake,0.68845700062637,0.42896407786276,0.2,30,reviewed,tx,tx
2025-08-14T18:15:47.721Z,32.134,-101.639,6.5186,2.7,ml,66,64,0,0.1,tx,tx2025pyksht,2025-11-04T16:43:39.040Z,"14 km E of Stanton, Texas",earthquake,0.36359891823123,0.77801729706281,0.2,69,reviewed,tx,tx
2025-08-12T11:24:11.394Z,31.68,-104.323,7.5867,2.6,ml,44,84,0.1,0.2,tx,tx2025pufpvr,2025-10-25T13:40:42.040Z,"55 km S of Whites City, New Mexico",earthquake,0.65355904501391,0.53034472818645,0.2,24,reviewed,tx,tx
2025-08-12T06:58:52.338Z,31.671,-104.368,6.0999,3.5,ml,28,69,0.1,0.2,tx,tx2025ptwvfe,2025-10-25T13:40:42.040Z,"55 km S of Whites City, New Mexico",earthquake,0.8589699448826,0.73374023534074,0.1,17,reviewed,tx,tx
2025-08-07T13:45:30.804Z,32.412,-101.922,8.7646,2.7,ml,9,78,0,0.1,tx,tx2025plfrfo,2025-10-25T13:40:31.040Z,"23 km WSW of Ackerly, Texas",earthquake,0.69145516947268,0.95141802468102,0.1,26,reviewed,tx,tx
2025-08-06T19:23:53.545Z,32.132,-102.214,7.1045,2.6,ml,38,58,0,0.1,tx,tx2025pjvdyf,2025-10-25T13:40:29.040Z,"19 km NW of Midland, Texas",earthquake,0.49840114724596,1.4324936943046,0.2,16,reviewed,tx,tx
2025-08-06T03:15:02.212Z,31.662,-104.398,5.6384,2.9,ml,44,66,0,0.2,tx,tx2025pipayj,2025-10-25T13:40:27.040Z,"56 km S of Whites City, New Mexico",earthquake,0.73375148302781,0.63701027032102,0.1,24,reviewed,tx,tx
2025-08-05T13:48:53.038Z,32.151,-101.05,5.9326,2.8,ml,37,45,0.2,0.1,tx,tx2025phoijq,2025-10-17T22:51:42.040Z,"22 km S of Westbrook, Texas",earthquake,0.47054619330031,2.1296383609181,0.1,19,reviewed,tx,tx
2025-08-04T14:10:53.966Z,31.629,-104.015,6.3177,2.5,ml,40,27,0,0.1,tx,tx2025pftilp,2025-10-17T22:51:42.040Z,"40 km WSW of Mentone, Texas",earthquake,0.31130138263206,0.29855532164631,0.1,21,reviewed,tx,tx
2025-08-01T11:16:16.007Z,32.101,-102.128,8.3252,2.7,ml,54,35,0,0.1,tx,tx2025paajiq,2025-10-17T22:51:42.040Z,"12 km NNW of Midland, Texas",earthquake,0.24771035208993,0.54970453534877,0.1,30,reviewed,tx,tx
2025-08-01T10:17:30.034Z,32.411,-102.027,8.9111,2.5,ml,44,67,0,0.1,tx,tx2025ozykow,2025-10-17T22:51:42.040Z,"31 km WSW of Ackerly, Texas",earthquake,0.26343589296978,0.4575985961209,0.2,24,reviewed,tx,tx
2025-07-30T22:40:48.519Z,32.134,-101.082,8.4229,2.5,ml,42,55,0.2,0.1,tx,tx2025oxfnle,2025-10-17T22:51:42.040Z,"25 km SSW of Westbrook, Texas",earthquake,0.41828982643733,1.2147112484568,0.1,30,reviewed,tx,tx
2025-07-30T20:31:45.080Z,32.125,-101.105,6.1279,2.5,ml,43,48,0.2,0.1,tx,tx2025oxbigd,2025-10-17T22:51:42.040Z,"24 km E of Forsan, Texas",earthquake,0.5496661147809,2.2376316377956,0.1,21,reviewed,tx,tx
2025-07-30T19:58:19.893Z,32.119,-101.939,8.2764,3,ml,20,67,0,0.1,tx,tx2025oxafiu,2025-10-17T22:51:42.040Z,"14 km W of Stanton, Texas",earthquake,0.69869284358419,0.96560174061561,0.2,33,reviewed,tx,tx
2025-07-30T16:11:03.907Z,31.666,-104.19,6.4075,2.5,ml,35,62,0.1,0.1,tx,tx2025owsrpr,2025-10-17T22:51:42.040Z,"54 km NW of Toyah, Texas",earthquake,0.56454793598046,0.75100870477509,0.2,54,reviewed,tx,tx
2025-07-30T13:11:08.110Z,32.119,-101.92,8.8623,2.5,ml,62,52,0.1,0.1,tx,tx2025owmsok,2025-10-17T22:51:42.040Z,"12 km W of Stanton, Texas",earthquake,0.21083070334634,0.47161382818858,0.2,45,reviewed,tx,tx
2025-07-29T19:09:53.868Z,31.663,-104.379,5.1257,3.3,ml,35,62,0,0.1,tx,tx2025ovcwvs,2025-10-11T20:57:33.040Z,"56 km S of Whites City, New Mexico",earthquake,0.67987143100183,0.66510454825662,0.2,47,reviewed,tx,tx
2025-07-29T01:16:30.837Z,31.971,-102.314,8.2275,2.6,ml,52,39,0,0.2,tx,tx2025otthnz,2025-10-11T20:57:29.040Z,"8 km SE of Gardendale, Texas",earthquake,0.41795235724788,0.42666432839739,0.1,37,reviewed,tx,tx
2025-07-28T13:52:43.217Z,32.119,-101.924,7.8369,2.7,ml,41,37,0,0.1,tx,tx2025oswqqk,2025-10-11T20:57:27.040Z,"12 km W of Stanton, Texas",earthquake,0.28045596049663,0.62130151292586,0.1,25,reviewed,tx,tx
2025-07-28T09:20:23.361Z,31.708,-104.171,6.0999,3.8,ml,44,54,0.1,0.2,tx,tx2025osnpzc,2025-10-11T20:57:26.040Z,"54 km W of Mentone, Texas",earthquake,0.42065314504242,0.52950909216279,0.2,24,reviewed,tx,tx
2025-07-28T08:47:07.218Z,31.703,-104.172,6.1383,3.9,ml,39,55,0.1,0.2,tx,tx2025osmnhe,2025-10-11T20:57:26.040Z,"54 km W of Mentone, Texas",earthquake,0.44842995170727,0.47986377335277,0.1,19,reviewed,tx,tx
2025-07-27T07:31:52.972Z,31.71,-104.177,6.4075,2.9,ml,42,55,0.1,0.2,tx,tx2025oqogvv,2025-10-11T20:57:21.040Z,"54 km W of Mentone, Texas",earthquake,0.73825702411117,0.65165107786255,0.1,22,reviewed,tx,tx
2025-07-25T04:13:59.941Z,32.3654,-104.1305,5,2.8,ml,25,156,0.231,0.17,us,us6000quze,2025-10-11T20:57:11.040Z,"7 km ESE of Livingston Wheeler, New Mexico",earthquake,1.76,1.896,0.081,20,reviewed,us,us
2025-07-24T17:11:26.116Z,32.3622,-104.1333,6.104,3,ml,52,35,0.233,0.46,us,us6000qunb,2025-10-11T20:57:08.040Z,"7 km ESE of Livingston Wheeler, New Mexico",earthquake,1.94,3.796,0.077,22,reviewed,us,us
2025-07-23T01:47:56.822Z,31.717,-104.281,6.933,2.9,ml,34,54,0,0.1,tx,tx2025oitzqk,2025-10-11T20:56:59.040Z,"51 km S of Whites City, New Mexico",earthquake,0.4505502962233,0.5345014034931,0.1,16,reviewed,tx,tx
2025-07-22T05:22:53.313Z,32.2638,-103.2667,1.588,3.1,mb_lg,33,89,0.235,0.54,us,us6000qu2w,2025-10-03T18:41:26.040Z,"18 km NNW of Jal, New Mexico",earthquake,1.47,4.94,0.067,99,reviewed,us,us
2025-07-20T11:20:22.902Z,32.74,-100.664,6.3232,3.7,ml,21,57,0.1,0.2,tx,tx2025odzuij,2025-10-03T18:42:59.040Z,"14 km NE of Hermleigh, Texas",earthquake,0.79919728822762,2.5131181955421,0.1,31,reviewed,tx,tx
2025-07-17T19:55:13.968Z,32.312,-101.851,5.6396,2.5,ml,15,73,0,0.1,tx,tx2025nzdrir,2025-10-03T18:42:31.040Z,"21 km NNW of Stanton, Texas",earthquake,0.75409654293305,0.63146106626501,0.1,32,reviewed,tx,tx
2025-07-16T20:44:12.818Z,32.412,-102.143,8.8135,2.5,ml,53,80,0,0.1,tx,tx2025nxjoro,2025-10-03T18:42:15.040Z,"38 km ENE of McKinney Acres, Texas",earthquake,0.29661985033445,0.29276284768969,0.1,26,reviewed,tx,tx
2025-07-15T20:18:43.285Z,31.65,-104.426,5.6384,2.7,ml,29,77,0,0.2,tx,tx2025nvmzqe,2025-09-20T22:29:14.040Z,"58 km S of Whites City, New Mexico",earthquake,1.1026431736243,0.63646077835129,0.1,18,reviewed,tx,tx
2025-07-15T08:59:21.996Z,32.069,-103.726,6.8817,3.5,ml,16,67,0,0.1,tx,tx2025nuqmkn,2025-09-20T22:29:06.040Z,"36 km ESE of Malaga, New Mexico",earthquake,0.42030745159079,0.49343053375808,0.2,37,reviewed,tx,tx
2025-07-14T14:13:00.688Z,32.069,-103.728,7.6379,3.2,ml,28,43,0,0.1,tx,tx2025ntfduu,2025-09-20T22:28:55.040Z,"36 km ESE of Malaga, New Mexico",earthquake,0.49926008232463,0.69950336382933,0.2,22,reviewed,tx,tx
2025-07-12T13:14:15.068Z,31.609,-103.962,8.6249,2.9,ml,32,54,0,0.1,tx,tx2025npltjp,2025-09-20T22:28:31.040Z,"36 km WSW of Mentone, Texas",earthquake,0.4670859851212,0.48485752216517,0.2,42,reviewed,tx,tx
2025-07-10T21:07:33.422Z,31.448,-103.875,6.0486,3,ml,30,64,0.1,0.1,tx,tx2025nmjyqh,2025-09-20T22:28:08.040Z,"16 km NNW of Toyah, Texas",earthquake,0.6639301367766,1.3186807743668,0.2,24,reviewed,tx,tx
2025-07-10T14:37:52.213Z,32.44,-102.064,8.4229,3.7,ml,59,87,0.1,0.1,tx,tx2025nlxbop,2025-09-20T22:28:02.040Z,"33 km SSW of Los Ybanez, Texas",earthquake,0.5039472521661,0.58159863528694,0.2,58,reviewed,tx,tx
2025-07-10T02:28:53.695Z,32.066,-103.729,7.6508,3.3,ml,28,43,0,0.1,tx,tx2025nkyxnl,2025-09-20T22:27:54.040Z,"36 km ESE of Malaga, New Mexico",earthquake,0.43727275113262,0.65938761605122,0.2,21,reviewed,tx,tx
2025-07-08T08:12:34.090Z,31.677,-104.335,7.074,2.6,ml,54,67,0.1,0.2,tx,tx2025nhsvrr,2025-09-12T16:23:12.040Z,"55 km S of Whites City, New Mexico",earthquake,1.0208020973512,0.52135953239068,0.2,31,reviewed,tx,tx
2025-07-07T15:20:30.176Z,32.843,-100.524,2.1729,2.5,ml,34,78,0.1,0.2,tx,tx2025nglhuo,2025-09-12T16:23:11.040Z,"5 km W of Rotan, Texas",earthquake,0.93405422126962,1.1656457945951,0.1,25,reviewed,tx,tx
2025-07-07T12:46:49.956Z,31.717,-104.276,6.9073,2.7,ml,51,45,0,0.2,tx,tx2025nggfjq,2025-09-12T16:23:11.040Z,"51 km S of Whites City, New Mexico",earthquake,0.45382166654004,0.50593659729977,0.2,25,reviewed,tx,tx
2025-07-06T17:32:45.667Z,31.598,-104.465,7.3303,2.5,ml,55,71,0.1,0.2,tx,tx2025netyxn,2025-09-12T16:23:10.040Z,"64 km S of Whites City, New Mexico",earthquake,0.93486611773352,0.8643057512925,0.1,25,reviewed,tx,tx
2025-07-05T10:37:56.562Z,31.675,-104.189,6.3947,2.6,ml,44,61,0.1,0.2,tx,tx2025nckmhs,2025-09-12T16:23:08.040Z,"54 km NW of Toyah, Texas",earthquake,0.48852222257384,0.57544321334965,0.2,34,reviewed,tx,tx
2025-07-05T02:03:47.152Z,31.659,-104.306,7.8687,2.8,ml,43,68,0,0.2,tx,tx2025nbtlmq,2025-09-12T16:23:08.040Z,"57 km S of Whites City, New Mexico",earthquake,0.58825978676702,0.76003365819552,0.1,21,reviewed,tx,tx
2025-07-04T00:40:31.926Z,31.715,-101.729,9.0088,2.6,ml,45,59,0.1,0.1,tx,tx2025mzuywi,2025-09-12T16:23:07.040Z,"28 km SW of Garden City, Texas",earthquake,0.50914165695679,0.54314469210635,0.1,32,reviewed,tx,tx
2025-07-01T19:07:19.203Z,32.401,-102.072,6.9092,2.6,ml,38,49,0,0.1,tx,tx2025mvslyu,2025-09-04T20:40:04.040Z,"36 km WSW of Ackerly, Texas",earthquake,0.38431938032415,0.54375526856815,0.1,19,reviewed,tx,tx
2025-06-30T18:28:56.206Z,31.673,-104.425,6.7664,3.2,ml,37,66,0,0.1,tx,tx2025mtvmai,2025-09-04T20:40:03.040Z,"55 km S of Whites City, New Mexico",earthquake,1.0930390967963,0.50341097525184,0.2,32,reviewed,tx,tx
2025-06-30T05:24:31.777Z,32.314,-101.204,9.0088,2.5,ml,58,77,0.1,0.2,tx,tx2025msvlnn,2025-09-04T20:40:02.040Z,"9 km ENE of Coahoma, Texas",earthquake,0.52558198866584,0.67523360730175,0.1,37,reviewed,tx,tx
2025-06-28T01:30:23.690Z,31.725,-104.484,5.7922,2.7,ml,28,79,0,0.1,tx,tx2025mowgok,2025-09-04T20:40:00.040Z,"50 km SSW of Whites City, New Mexico",earthquake,0.74707199477985,0.486235362757,0.2,27,reviewed,tx,tx
2025-06-27T18:33:26.525Z,31.677,-104.365,6.2537,2.5,ml,46,68,0.1,0.1,tx,tx2025moikzg,2025-09-04T20:40:00.040Z,"55 km S of Whites City, New Mexico",earthquake,0.66278489422909,0.6864251615051,0.2,49,reviewed,tx,tx
2025-06-27T16:35:36.750Z,31.684,-104.376,5.8948,2.5,ml,26,68,0,0.1,tx,tx2025moelck,2025-09-04T20:40:00.040Z,"54 km S of Whites City, New Mexico",earthquake,0.89338170534905,0.95621347344404,0,7,reviewed,tx,tx
2025-06-27T16:16:37.975Z,31.666,-104.373,5.9973,2.7,ml,29,69,0,0.1,tx,tx2025modxft,2025-09-04T20:40:00.040Z,"56 km S of Whites City, New Mexico",earthquake,0.99636436899889,1.0095793494764,0.2,26,reviewed,tx,tx
2025-06-27T16:06:19.250Z,31.674,-104.37,6.2537,2.9,ml,39,68,0,0.1,tx,tx2025modnbn,2025-09-04T20:40:00.040Z,"55 km S of Whites City, New Mexico",earthquake,0.67525446354211,0.73897768450023,0.2,34,reviewed,tx,tx
2025-06-25T14:50:28.946Z,31.709,-104.166,6.7023,2.6,ml,24,57,0,0.2,tx,tx2025mkjpjq,2025-09-04T20:39:58.040Z,"53 km W of Mentone, Texas",earthquake,0.49387561002924,0.52785999003627,0.2,12,reviewed,tx,tx
2025-06-25T13:12:51.554Z,31.71,-104.168,6.9843,2.5,ml,47,53,0,0.2,tx,tx2025mkgjap,2025-09-04T20:39:58.040Z,"53 km W of Mentone, Texas",earthquake,0.42582801726457,0.52657730724958,0.2,26,reviewed,tx,tx
2025-06-25T07:58:01.412Z,31.05,-103.721,8.2275,2.8,ml,30,63,0.1,0.1,tx,tx2025mjvxyh,2025-09-04T20:39:58.040Z,"7 km NNE of Balmorhea, Texas",earthquake,0.66171784081923,1.27619342406,0.1,32,reviewed,tx,tx
2025-06-25T04:46:21.705Z,31.621,-104.361,6.4075,2.7,ml,35,79,0.1,0.1,tx,tx2025mjpoua,2025-09-04T20:39:57.040Z,"61 km S of Whites City, New Mexico",earthquake,0.80393346825066,0.87922284147595,0.1,53,reviewed,tx,tx
2025-06-24T23:21:09.881Z,31.63,-104.297,6.9202,3,ml,17,70,0,0.1,tx,tx2025mjeuok,2025-09-02T21:23:44.040Z,"59 km NW of Toyah, Texas",earthquake,0.91255960261873,1.035759224787,0.2,18,reviewed,tx,tx
2025-06-24T13:19:07.379Z,31.681,-104.417,6.0999,2.5,ml,42,67,0,0.2,tx,tx2025mikvtn,2025-09-02T21:23:43.040Z,"54 km S of Whites City, New Mexico",earthquake,0.74686726416833,0.39456663497504,0.2,29,reviewed,tx,tx
2025-06-24T00:12:44.805Z,31.551,-104.159,5.8948,3,ml,20,71,0,0.1,tx,tx2025mhkuba,2025-09-02T21:23:42.040Z,"43 km NW of Toyah, Texas",earthquake,0.71724027303848,0.54345033035037,0.1,36,reviewed,tx,tx
2025-06-22T14:08:55.211Z,31.052,-103.725,5.5103,2.6,ml,18,63,0.1,0.1,tx,tx2025meuysl,2025-09-02T21:23:40.040Z,"7 km NNE of Balmorhea, Texas",earthquake,1.1794854993762,1.8320549145467,0.2,14,reviewed,tx,tx
2025-06-22T11:43:01.293Z,31.043,-103.721,8.6377,2.6,ml,17,64,0.1,0.1,tx,tx2025meqety,2025-09-02T21:23:40.040Z,"6 km NNE of Balmorhea, Texas",earthquake,0.87097742273984,1.6773339488019,0.3,14,reviewed,tx,tx
2025-06-22T00:42:18.954Z,31.954,-103.367,7.843,3,ml,20,58,0,0.2,tx,tx2025mduhbh,2025-09-02T21:23:40.040Z,"24 km SW of Jal, New Mexico",earthquake,0.79547367930685,0.93139043048921,0.2,16,reviewed,tx,tx
2025-06-21T10:20:12.921Z,31.659,-104.368,7.3303,3.1,ml,35,67,0.1,0.2,tx,tx2025mcrsyx,2025-09-02T21:23:40.040Z,"57 km S of Whites City, New Mexico",earthquake,0.84843869371967,0.82081195359326,0.2,27,reviewed,tx,tx
2025-06-19T04:24:32.041Z,31.672,-104.19,6.0999,2.5,ml,42,61,0.1,0.2,tx,tx2025lyomsc,2025-09-02T21:23:38.040Z,"54 km NW of Toyah, Texas",earthquake,0.53720307588521,0.7189040121118,0.1,21,reviewed,tx,tx
2025-06-18T16:51:57.995Z,31.656,-104.295,6.5613,3,ml,34,66,0,0.2,tx,tx2025lxrnwr,2025-09-02T21:23:38.040Z,"58 km S of Whites City, New Mexico",earthquake,0.76239516255072,0.80672023125827,0.2,26,reviewed,tx,tx
2025-06-18T11:56:58.428Z,32.2779,-103.2947,4.506,3.4,mwr,37,91,0.249,0.42,us,us6000ql01,2025-09-02T21:23:37.040Z,"20 km NNW of Jal, New Mexico",earthquake,2.31,7.654,,15,reviewed,us,slm
2025-06-18T03:58:14.386Z,31.543,-104.163,6.0999,3,ml,33,71,0,0.1,tx,tx2025lwrxdx,2025-09-02T21:23:37.040Z,"43 km NW of Toyah, Texas",earthquake,1.0310893065104,0.80508772413423,0.2,25,reviewed,tx,tx
2025-06-17T20:08:55.001Z,31.701,-104.133,6.933,2.5,ml,40,42,0.1,0.2,tx,tx2025lwcita,2025-08-22T20:26:03.040Z,"50 km W of Mentone, Texas",earthquake,0.45405156951845,0.49676606676205,0.2,25,reviewed,tx,tx
2025-06-17T18:51:59.494Z,31.658,-104.302,7.074,3.1,ml,38,58,0,0.2,tx,tx2025lvzuln,2025-08-22T20:26:03.040Z,"57 km S of Whites City, New Mexico",earthquake,0.7266976100423,0.73249598182835,0.2,31,reviewed,tx,tx
2025-06-17T06:49:09.622Z,31.675,-104.366,6.5613,2.5,ml,32,68,0.1,0.3,tx,tx2025lvbvoe,2025-08-22T20:26:03.040Z,"55 km S of Whites City, New Mexico",earthquake,0.86425427373965,0.83567796757089,0.2,24,reviewed,tx,tx
2025-06-16T19:54:24.549Z,31.616,-103.99,7.7277,2.5,ml,36,38,0,0.2,tx,tx2025lugbgh,2025-08-22T20:26:03.040Z,"38 km NNW of Toyah, Texas",earthquake,0.50246663569101,0.3646610354752,0.1,19,reviewed,tx,tx
2025-06-16T19:24:58.393Z,31.955,-103.362,7.6379,2.8,ml,28,59,0,0.2,tx,tx2025lufdyx,2025-08-22T20:26:03.040Z,"23 km SW of Jal, New Mexico",earthquake,0.52213005348826,0.75574731660216,0.1,12,reviewed,tx,tx
2025-06-16T19:19:41.294Z,31.61,-103.986,7.561,2.9,ml,22,41,0,0.1,tx,tx2025luezlf,2025-08-22T20:26:02.040Z,"37 km NNW of Toyah, Texas",earthquake,0.7063674671183,0.58235886031067,0.3,35,reviewed,tx,tx
2025-06-16T18:21:07.693Z,31.673,-104.38,6.1511,2.8,ml,27,135,0,0.2,tx,tx2025ludazi,2025-08-22T20:26:02.040Z,"55 km S of Whites City, New Mexico",earthquake,0.92885112580142,0.71618091209578,0.1,21,reviewed,tx,tx
2025-06-16T09:23:14.085Z,32.005,-103.808,7.3431,3,ml,18,44,0,0.1,tx,tx2025ltlfjp,2025-08-22T20:26:02.040Z,"34 km SE of Malaga, New Mexico",earthquake,0.49547597875939,0.46875823933048,0.1,22,reviewed,tx,tx
2025-06-16T08:05:01.688Z,31.94,-103.385,5.6256,2.6,ml,7,79,0,0,tx,tx2025ltiqdg,2025-08-22T20:26:02.040Z,"26 km SW of Jal, New Mexico",earthquake,0.77761884067342,0.50259051492624,0.1,12,reviewed,tx,tx
2025-06-16T06:57:13.702Z,31.941,-103.383,6.0486,2.6,ml,12,69,0,0.1,tx,tx2025ltgjmt,2025-08-22T20:26:02.040Z,"26 km SW of Jal, New Mexico",earthquake,1.0291891119789,0.53691926761427,0.2,7,reviewed,tx,tx
2025-06-15T19:40:03.884Z,31.674,-104.378,6.0999,2.8,ml,36,69,0,0.2,tx,tx2025lsjych,2025-08-22T20:26:01.040Z,"55 km S of Whites City, New Mexico",earthquake,0.64674346902355,0.49347233637054,0.2,28,reviewed,tx,tx
2025-06-15T19:35:43.520Z,31.675,-104.38,6.0999,3.2,ml,36,68,0,0.2,tx,tx2025lsjuje,2025-08-22T20:26:01.040Z,"55 km S of Whites City, New Mexico",earthquake,0.74053328817628,0.55745498773386,0.1,14,reviewed,tx,tx
2025-06-14T23:47:02.798Z,31.938,-103.376,6.3562,2.8,ml,15,74,0,0.1,tx,tx2025lqwjsl,2025-08-22T20:26:01.040Z,"25 km SW of Jal, New Mexico",earthquake,1.3578616131311,0.58268398134743,0.1,12,reviewed,tx,tx
2025-06-14T12:49:49.078Z,31.679,-104.192,6.0999,2.6,ml,41,61,0.1,0.1,tx,tx2025lqaomz,2025-08-22T20:26:01.040Z,"55 km NW of Toyah, Texas",earthquake,0.48612923791428,0.68269395119717,0.1,7,reviewed,tx,tx
2025-06-14T11:01:51.683Z,31.953,-103.37,7.074,2.7,ml,24,59,0,0.2,tx,tx2025lpxamn,2025-08-22T20:26:00.040Z,"24 km SW of Jal, New Mexico",earthquake,0.78396379007158,0.86991643138432,0.2,12,reviewed,tx,tx
2025-06-14T09:11:59.793Z,31.939,-103.377,6.7279,2.5,ml,22,74,0,0.1,tx,tx2025lptjzp,2025-08-22T20:26:00.040Z,"25 km SW of Jal, New Mexico",earthquake,0.90701372177231,0.5100954921244,0.2,38,reviewed,tx,tx
2025-06-14T05:58:28.265Z,31.669,-104.184,6.0358,2.6,ml,33,67,0.1,0.1,tx,tx2025lpmzde,2025-08-22T20:26:00.040Z,"54 km NW of Toyah, Texas",earthquake,0.46146819586559,0.75085550066159,0.2,34,reviewed,tx,tx
2025-06-14T04:39:57.586Z,31.673,-104.191,6.1383,3.5,ml,40,61,0.1,0.2,tx,tx2025lpkjpj,2025-08-22T20:26:00.040Z,"54 km NW of Toyah, Texas",earthquake,0.44283774118073,0.5042311879533,0.2,18,reviewed,tx,tx
2025-06-14T04:36:21.350Z,31.675,-104.192,6.0999,3.5,ml,43,68,0.1,0.1,tx,tx2025lpkgmj,2025-08-22T20:26:00.040Z,"55 km NW of Toyah, Texas",earthquake,0.40335716469445,0.43514777062647,0.1,17,reviewed,tx,tx
2025-06-14T04:23:24.813Z,31.673,-104.194,6.0358,3.3,ml,40,61,0.1,0.1,tx,tx2025lpjvig,2025-08-22T20:26:00.040Z,"55 km NW of Toyah, Texas",earthquake,0.4694131061902,0.57339606339166,0.2,34,reviewed,tx,tx
2025-06-14T03:47:42.809Z,31.671,-104.191,2.9596,3,ml,25,61,0.1,0.1,tx,tx2025lpiqop,2025-08-22T20:26:00.040Z,"54 km NW of Toyah, Texas",earthquake,0.36547313564324,0.89810525592332,0.1,25,reviewed,tx,tx
2025-06-13T05:02:32.815Z,31.958,-103.361,7.8943,2.6,ml,23,62,0,0.2,tx,tx2025lnpkep,2025-08-22T20:26:00.040Z,"23 km SW of Jal, New Mexico",earthquake,0.66918657303295,0.90996930246357,0.2,19,reviewed,tx,tx
2025-06-12T20:53:30.988Z,32.004,-103.811,7.8046,3.7,ml,24,76,0,0.1,tx,tx2025lmzctl,2025-08-22T20:25:59.040Z,"34 km SE of Malaga, New Mexico",earthquake,0.47122918547953,0.41909760217121,0.1,12,reviewed,tx,tx
2025-06-12T17:30:52.441Z,31.663,-104.294,7.6379,2.9,ml,38,67,0,0.2,tx,tx2025lmsmdc,2025-08-22T20:25:59.040Z,"57 km S of Whites City, New Mexico",earthquake,0.67401336281141,0.67724686630209,0.2,30,reviewed,tx,tx
2025-06-12T11:32:17.731Z,31.709,-104.177,6.6638,2.5,ml,37,56,0.1,0.1,tx,tx2025lkxh,2025-08-22T20:25:59.040Z,"54 km W of Mentone, Texas",earthquake,0.45961902404572,0.67965276341796,0.1,7,reviewed,tx,tx
2025-06-12T05:31:39.223Z,31.71,-104.172,7.2919,2.8,ml,37,54,0.1,0.2,tx,tx2025lklb,2025-08-22T20:25:59.040Z,"54 km W of Mentone, Texas",earthquake,0.42068461661587,0.5304580281466,0.1,14,reviewed,tx,tx
2025-06-12T05:30:05.709Z,31.705,-104.171,6.0614,2.8,ml,26,73,0.1,0.1,tx,tx2025lkky,2025-08-22T20:25:59.040Z,"54 km W of Mentone, Texas",earthquake,0.44631850101448,0.60881920191906,0.1,19,reviewed,tx,tx
2025-06-11T15:50:43.241Z,31.708,-104.175,6.6382,2.7,ml,35,82,0.1,0.2,tx,tx2025ljjy,2025-08-22T20:25:58.040Z,"54 km W of Mentone, Texas",earthquake,0.46497309318245,0.65085096458727,0.1,6,reviewed,tx,tx
2025-06-10T18:43:30.094Z,31.667,-104.311,6.51,2.7,ml,40,67,0,0.2,tx,tx2025lhum,2025-08-20T16:09:00.040Z,"56 km S of Whites City, New Mexico",earthquake,0.62930173490218,0.92575241370559,0.2,21,reviewed,tx,tx
2025-06-10T17:32:46.190Z,31.662,-104.298,6.9586,2.8,ml,38,67,0,0.1,tx,tx2025lhsd,2025-08-20T16:09:00.040Z,"57 km S of Whites City, New Mexico",earthquake,0.59030972554751,0.58808843933831,0.1,20,reviewed,tx,tx
2025-06-10T17:16:34.015Z,31.658,-104.292,7.5354,3.4,ml,23,67,0,0.2,tx,tx2025lhrp,2025-08-20T16:09:00.040Z,"57 km S of Whites City, New Mexico",earthquake,0.69848768457185,0.76007528090103,0.1,10,reviewed,tx,tx
2025-06-10T17:11:50.014Z,31.665,-104.291,7.1893,3.5,ml,39,67,0,0.1,tx,tx2025lhrl,2025-08-20T16:09:00.040Z,"57 km S of Whites City, New Mexico",earthquake,0.53884900279803,0.63127007379414,0.2,36,reviewed,tx,tx
2025-06-10T12:17:20.035Z,31.661,-104.291,7.9456,2.5,ml,39,67,0,0.3,tx,tx2025lhht,2025-08-20T16:09:00.040Z,"57 km S of Whites City, New Mexico",earthquake,0.5969166685534,0.76590892960067,0.2,25,reviewed,tx,tx
2025-06-10T07:27:27.690Z,31.663,-104.354,6.7664,2.5,ml,33,69,0.1,0.2,tx,tx2025lgyd,2025-08-20T16:09:00.040Z,"56 km S of Whites City, New Mexico",earthquake,0.71378210741994,0.74532277134754,0.1,28,reviewed,tx,tx
2025-06-10T06:36:42.088Z,31.042,-103.682,7.7661,3.1,ml,19,85,0.1,0.2,tx,tx2025lgvw,2025-08-20T16:09:00.040Z,"8 km NE of Balmorhea, Texas",earthquake,0.83866901476874,1.7864665275673,0.1,10,reviewed,tx,tx
2025-06-10T06:02:43.507Z,31.658,-104.297,6.9458,3.7,ml,42,67,0,0.2,tx,tx2025lgul,2025-08-20T16:09:00.040Z,"57 km S of Whites City, New Mexico",earthquake,0.60590460941173,0.60817425888495,0.1,34,reviewed,tx,tx
2025-06-09T04:31:47.946Z,31.67,-104.338,5.2795,2.5,ml,19,68,0.1,0.1,tx,tx2025lewj,2025-08-20T16:08:59.040Z,"56 km S of Whites City, New Mexico",earthquake,0.65516782179449,0.86815506287518,0.2,38,reviewed,tx,tx
2025-06-08T16:49:40.945Z,31.663,-104.309,6.4075,2.9,ml,33,66,0,0.2,tx,tx2025ldzc,2025-08-20T16:08:58.040Z,"57 km S of Whites City, New Mexico",earthquake,0.68420004078375,0.9045115953444,0.2,17,reviewed,tx,tx
2025-06-08T05:56:01.877Z,31.697,-104.373,6.0999,2.7,ml,40,64,0,0.1,tx,tx2025ldeb,2025-08-20T16:08:58.040Z,"53 km S of Whites City, New Mexico",earthquake,0.69142113519497,1.1294419887445,0.1,23,reviewed,tx,tx
2025-06-08T00:44:13.194Z,31.641,-104.471,6.2024,3.1,ml,50,68,0,0.1,tx,tx2025lcts,2025-08-20T16:08:58.040Z,"59 km S of Whites City, New Mexico",earthquake,1.1225481264326,0.82821979751161,0.1,28,reviewed,tx,tx
2025-06-07T16:48:17.650Z,31.679,-104.398,6.9458,2.5,ml,14,108,0,0.2,tx,tx2025lcdy,2025-08-20T16:08:58.040Z,"55 km S of Whites City, New Mexico",earthquake,1.1050426078403,0.98101656673193,0.3,6,reviewed,tx,tx
2025-06-07T16:48:08.027Z,31.677,-104.391,5.8051,2.9,ml,50,65,0,0.1,tx,tx2025lcdx,2025-08-20T16:08:58.040Z,"55 km S of Whites City, New Mexico",earthquake,0.57246045278198,0.46935887457235,0.1,29,reviewed,tx,tx
2025-06-07T11:02:39.712Z,31.675,-104.388,6.0999,3.3,ml,39,66,0,0.1,tx,tx2025lbso,2025-08-20T16:08:57.040Z,"55 km S of Whites City, New Mexico",earthquake,0.74445207067567,0.5858930360211,0.1,21,reviewed,tx,tx
2025-06-07T05:57:09.428Z,31.67,-104.196,5.2411,2.7,ml,33,62,0.1,0.1,tx,tx2025lbir,2025-08-20T16:08:57.040Z,"54 km NW of Toyah, Texas",earthquake,0.55770082186499,0.88504760404125,0.2,16,reviewed,tx,tx
2025-06-07T05:38:07.901Z,31.652,-104.432,6.0999,3.3,ml,37,67,0,0.2,tx,tx2025lbia,2025-08-20T16:08:57.040Z,"58 km S of Whites City, New Mexico",earthquake,1.1974415626457,0.48866913039195,0.1,19,reviewed,tx,tx
2025-06-07T00:32:24.372Z,31.671,-104.197,5.9332,2.5,ml,37,62,0.1,0.1,tx,tx2025laxc,2025-08-20T16:08:57.040Z,"55 km NW of Toyah, Texas",earthquake,0.45566602501722,0.604150567351,0.1,21,reviewed,tx,tx
2025-06-06T22:17:18.203Z,31.666,-104.195,6.0999,2.6,ml,38,62,0.1,0.1,tx,tx2025lasy,2025-08-20T16:08:57.040Z,"54 km NW of Toyah, Texas",earthquake,0.47108471805635,0.54380214591088,0.1,21,reviewed,tx,tx
2025-06-06T21:51:42.054Z,31.671,-104.188,6.2537,2.5,ml,24,61,0.1,0.2,tx,tx2025lasd,2025-08-20T16:09:02.040Z,"54 km NW of Toyah, Texas",earthquake,0.61995848222271,0.95431062808499,0.2,12,reviewed,tx,tx
2025-06-06T21:12:01.354Z,31.67,-104.189,5.882,3,ml,37,61,0.1,0.1,tx,tx2025laqp,2025-08-20T16:08:56.040Z,"54 km NW of Toyah, Texas",earthquake,0.44036290447417,0.67605355774046,0.1,19,reviewed,tx,tx
2025-06-06T03:27:22.999Z,31.953,-103.301,4.9719,2.7,ml,23,85,0.1,0.2,tx,tx2025kzhi,2025-08-20T16:08:56.040Z,"20 km SSW of Jal, New Mexico",earthquake,0.67314744630556,0.92143062260684,0.1,11,reviewed,tx,tx
2025-06-05T20:25:06.570Z,31.94,-103.372,6.4331,2.7,ml,29,41,0,0.2,tx,tx2025kytn,2025-08-20T16:08:56.040Z,"25 km SW of Jal, New Mexico",earthquake,1.6079209154786,1.1352235548539,0.1,14,reviewed,tx,tx
2025-06-05T06:43:47.619Z,31.669,-104.192,5.9076,2.7,ml,36,61,0.1,0.1,tx,tx2025kxsl,2025-08-20T16:08:55.040Z,"54 km NW of Toyah, Texas",earthquake,0.45987819545926,0.70971636161998,0.1,18,reviewed,tx,tx
2025-06-02T20:01:16.241Z,31.68,-104.374,5.6897,2.5,ml,31,68,0,0.2,tx,tx2025ktgp,2025-08-16T21:54:14.040Z,"54 km S of Whites City, New Mexico",earthquake,0.78366299369902,1.1900858079491,0.2,24,reviewed,tx,tx
2025-06-02T17:33:29.474Z,31.942,-103.382,6.1383,2.5,ml,21,55,0,0.1,tx,tx2025ktbo,2025-08-16T21:54:14.040Z,"26 km SW of Jal, New Mexico",earthquake,0.56306758043352,0.44928548228696,0.2,7,reviewed,tx,tx
2025-06-02T12:28:11.340Z,31.683,-104.393,5.177,3.1,ml,38,68,0,0.1,tx,tx2025ksrt,2025-08-16T21:54:14.040Z,"54 km S of Whites City, New Mexico",earthquake,0.67789081325562,0.70555222679268,0.2,36,reviewed,tx,tx
2025-06-02T08:09:27.262Z,31.958,-103.382,6.3049,2.6,ml,19,58,0.1,0.1,tx,tx2025ksjf,2025-08-16T21:54:13.040Z,"24 km SW of Jal, New Mexico",earthquake,0.7019898724,0.95769707340386,0.2,38,reviewed,tx,tx
2025-06-01T14:47:56.377Z,31.682,-104.378,6.0358,2.9,ml,42,68,0,0.1,tx,tx2025krar,2025-08-16T21:54:13.040Z,"54 km S of Whites City, New Mexico",earthquake,0.55173436887401,0.55478582906007,0.2,41,reviewed,tx,tx
2025-06-01T10:45:17.072Z,31.672,-104.369,4.2542,2.6,ml,22,68,0,0.1,tx,tx2025kqte,2025-08-16T21:54:12.040Z,"55 km S of Whites City, New Mexico",earthquake,0.63923006328283,0.87402307252708,0.2,26,reviewed,tx,tx
2025-06-01T09:28:46.203Z,31.674,-104.374,5.4846,3.6,ml,37,68,0,0.1,tx,tx2025kqqg,2025-08-16T21:54:12.040Z,"55 km S of Whites City, New Mexico",earthquake,0.80512724961802,0.78709968646327,0.2,33,reviewed,tx,tx
2025-06-01T09:27:16.795Z,31.678,-104.369,6.0999,3.3,ml,42,65,0,0.1,tx,tx2025kqqd,2025-08-16T21:54:12.040Z,"55 km S of Whites City, New Mexico",earthquake,0.56655915815845,0.57518370382313,0.2,33,reviewed,tx,tx
2025-06-01T01:29:49.052Z,31.682,-104.386,6.7664,2.8,ml,37,68,0,0.1,tx,tx2025kqaq,2025-08-16T21:54:12.040Z,"54 km S of Whites City, New Mexico",earthquake,0.94148993221561,0.99531975082581,0.1,30,reviewed,tx,tx
2025-05-31T21:40:59.186Z,31.679,-104.389,6.0999,2.6,ml,29,68,0,0.1,tx,tx2025kptg,2025-08-16T21:54:12.040Z,"55 km S of Whites City, New Mexico",earthquake,0.94280616682877,0.9352476692403,0.1,24,reviewed,tx,tx
2025-05-31T21:31:26.324Z,31.685,-104.39,6.087,3.2,ml,33,68,0,0.1,tx,tx2025kpsy,2025-08-16T21:54:12.040Z,"54 km S of Whites City, New Mexico",earthquake,0.55049548795516,0.53382720349267,0.1,25,reviewed,tx,tx
2025-05-31T21:13:11.391Z,31.685,-104.389,6.0101,2.8,ml,34,65,0,0.1,tx,tx2025kpsj,2025-08-16T21:54:12.040Z,"54 km S of Whites City, New Mexico",earthquake,0.56752959916196,0.62637217937419,0.1,30,reviewed,tx,tx
2025-05-31T20:33:51.917Z,31.677,-104.381,6.0999,3,ml,30,68,0.1,0.1,tx,tx2025kprd,2025-08-16T21:54:12.040Z,"55 km S of Whites City, New Mexico",earthquake,0.70022333079379,0.91582005871585,0.1,36,reviewed,tx,tx
2025-05-31T20:33:41.096Z,31.682,-104.386,5.8948,2.6,ml,24,79,0,0.1,tx,tx2025kprb,2025-08-16T21:54:12.040Z,"54 km S of Whites City, New Mexico",earthquake,0.83671521432944,0.94099725229236,0.2,25,reviewed,tx,tx
2025-05-31T18:03:01.028Z,31.683,-104.371,6.933,3.2,ml,46,68,0,0.1,tx,tx2025kpmc,2025-08-16T21:54:12.040Z,"54 km S of Whites City, New Mexico",earthquake,0.47912400262193,0.67595605140972,0.2,54,reviewed,tx,tx
2025-05-31T16:24:13.518Z,31.661,-104.426,4.7156,2.6,ml,26,71,0,0.1,tx,tx2025kpiv,2025-08-16T21:54:12.040Z,"57 km S of Whites City, New Mexico",earthquake,0.86584949933798,0.50659269283011,0.1,47,reviewed,tx,tx
2025-05-31T10:26:52.556Z,31.682,-104.379,5.9717,3.3,ml,33,85,0,0.1,tx,tx2025kowx,2025-08-16T21:54:11.040Z,"54 km S of Whites City, New Mexico",earthquake,0.61201836222913,0.62013480407821,0.2,29,reviewed,tx,tx
2025-05-31T02:23:55.655Z,31.663,-104.414,5.4333,2.6,ml,26,85,0,0.1,tx,tx2025kogj,2025-08-16T21:54:11.040Z,"56 km S of Whites City, New Mexico",earthquake,0.83970627465366,0.74858836238789,0.2,13,reviewed,tx,tx
2025-05-30T21:38:09.895Z,31.489,-103.968,4.8694,2.6,ml,27,65,0.1,0.1,tx,tx2025knxl,2025-08-16T21:54:11.040Z,"25 km NW of Toyah, Texas",earthquake,0.55279234823346,1.0466691957499,0.2,24,reviewed,tx,tx
2025-05-29T15:41:58.474Z,31.938,-103.371,7.9834,2.7,ml,16,72,0,0.1,tx,tx2025klpu,2025-08-16T21:54:10.040Z,"25 km SW of Jal, New Mexico",earthquake,0.91770794744961,0.65936308122507,0.2,19,reviewed,tx,tx
2025-05-28T18:36:38.014Z,31.679,-104.429,6.8433,2.9,ml,31,73,0,0.1,tx,tx2025kjzu,2025-08-16T21:54:09.040Z,"55 km S of Whites City, New Mexico",earthquake,0.71713248382616,0.64031847342426,0.2,21,reviewed,tx,tx
2025-05-28T09:45:19.251Z,32.148,-101.051,8.3496,2.8,ml,29,58,0.2,0.1,tx,tx2025kjiq,2025-08-16T21:54:09.040Z,"23 km S of Westbrook, Texas",earthquake,0.64998963730628,2.2348835640585,0.1,18,reviewed,tx,tx
2025-05-25T22:05:37.104Z,32.416,-102.044,7.3486,3.3,ml,29,44,0.1,0.1,tx,tx2025keue,2025-08-13T15:14:32.040Z,"33 km WSW of Ackerly, Texas",earthquake,0.50885593866067,0.93258782048754,0.1,48,reviewed,tx,tx
2025-05-24T03:49:39.029Z,31.7,-104.492,6.0999,3.2,ml,30,65,0,0.2,tx,tx2025kbon,2025-08-13T15:14:31.040Z,"53 km SSW of Whites City, New Mexico",earthquake,1.3950157432049,0.83782954990057,0.1,24,reviewed,tx,tx
2025-05-23T16:06:18.298Z,31.955,-103.363,8.9197,2.8,ml,38,31,0,0.2,tx,tx2025kasb,2025-08-13T15:14:31.040Z,"23 km SW of Jal, New Mexico",earthquake,0.51845373285972,0.60075558955161,0.2,34,reviewed,tx,tx
2025-05-23T11:57:20.141Z,31.955,-103.362,6.3306,2.6,ml,17,82,0.1,0.1,tx,tx2025kajr,2025-08-13T15:14:31.040Z,"23 km SW of Jal, New Mexico",earthquake,0.58728892453858,0.85869045520825,0.2,24,reviewed,tx,tx
2025-05-21T22:16:24.736Z,35.327,-101.749,6.7139,2.6,ml,12,82,0.2,0.4,tx,tx2025jxmx,2025-08-13T15:14:29.040Z,"13 km NNE of Amarillo, Texas",earthquake,3.2013715146807,2.9791828766729,0.1,18,reviewed,tx,tx
2025-05-21T15:17:50.016Z,31.707,-101.704,9.1797,2.7,ml,26,60,0.1,0.1,tx,tx2025jwzh,2025-08-13T15:14:29.040Z,"27 km SW of Garden City, Texas",earthquake,0.68652022363141,0.98534259427217,0.1,42,reviewed,tx,tx
2025-05-21T12:47:51.944Z,31.671,-104.399,7.2791,2.5,ml,24,66,0,0.2,tx,tx2025jwty,2025-08-13T15:14:29.040Z,"56 km S of Whites City, New Mexico",earthquake,0.9954097500212,0.7858748680984,0.2,18,reviewed,tx,tx
2025-05-21T09:55:46.930Z,31.681,-104.394,5.8179,2.5,ml,34,68,0,0.2,tx,tx2025jwoi,2025-08-13T15:14:29.040Z,"54 km S of Whites City, New Mexico",earthquake,0.77495236175671,0.53817078458677,0.1,24,reviewed,tx,tx
2025-05-20T04:53:16.824Z,31.665,-104.363,7.0227,2.8,ml,35,66,0.1,0.2,tx,tx2025juiq,2025-07-25T17:06:20.040Z,"56 km S of Whites City, New Mexico",earthquake,0.8301802771378,0.75712918943656,0.2,27,reviewed,tx,tx
2025-05-17T04:34:23.602Z,31.674,-104.396,7.843,3.2,ml,16,69,0,0.2,tx,tx2025jovq,2025-07-25T17:06:17.040Z,"55 km S of Whites City, New Mexico",earthquake,0.8743473993141,0.72458532283737,0.2,17,reviewed,tx,tx
2025-05-16T20:36:54.346Z,31.677,-104.397,6.0999,2.6,ml,26,56,0,0.2,tx,tx2025jofx,2025-07-25T17:06:17.040Z,"55 km S of Whites City, New Mexico",earthquake,0.69664688656747,0.58806717141136,0.1,21,reviewed,tx,tx
2025-05-16T16:13:58.465Z,31.677,-104.394,6.0999,2.7,ml,18,56,0,0.2,tx,tx2025jnxf,2025-07-25T17:06:16.040Z,"55 km S of Whites City, New Mexico",earthquake,0.7293822711953,0.66835281562903,0.2,14,reviewed,tx,tx
2025-05-15T12:03:55.127Z,31.666,-104.368,6.4075,2.5,ml,27,69,0.1,0.1,tx,tx2025jlti,2025-07-25T17:06:15.040Z,"56 km S of Whites City, New Mexico",earthquake,0.85796165922972,0.97885040568233,0,7,reviewed,tx,tx
2025-05-14T02:08:31.726Z,31.618,-104.002,8.0994,2.6,ml,9,70,0,0.1,tx,tx2025jjed,2025-07-25T17:06:14.040Z,"39 km NNW of Toyah, Texas",earthquake,0.75805965997895,0.50517621329822,0.2,12,reviewed,tx,tx
2025-05-11T07:06:04.096Z,31.652,-104.47,5.946,2.9,ml,32,67,0,0.1,tx,tx2025jece,2025-07-24T21:30:14.040Z,"58 km S of Whites City, New Mexico",earthquake,1.3847735866317,0.81999564079682,0.1,17,reviewed,tx,tx
2025-05-09T15:33:21.024Z,32.114,-101.056,6.9092,2.5,ml,29,68,0.2,0.1,tx,tx2025jbbe,2025-07-24T21:30:08.040Z,"27 km S of Westbrook, Texas",earthquake,0.68272705267186,1.9486118814237,0.1,16,reviewed,tx,tx
2025-05-09T12:14:19.684Z,31.685,-104.492,6.0999,2.5,ml,14,85,0,0.1,tx,tx2025jauw,2025-07-24T21:30:12.040Z,"55 km SSW of Whites City, New Mexico",earthquake,0.88954683229439,0.53266532589075,0.2,12,reviewed,tx,tx
2025-05-09T01:46:10.521Z,32.2674,-103.2966,10,2.8,mb_lg,31,89,0.25,0.61,us,us7000py4l,2025-07-24T21:30:12.040Z,"19 km NNW of Jal, New Mexico",earthquake,1.29,1.999,0.069,80,reviewed,us,us
2025-05-09T00:19:21.815Z,31.67,-104.345,6.0999,3.4,ml,35,66,0.1,0.2,tx,tx2025izxa,2025-07-24T21:30:12.040Z,"56 km S of Whites City, New Mexico",earthquake,0.6771181447686,0.6816145401919,0.1,18,reviewed,tx,tx
2025-05-08T19:34:52.257Z,32.114,-101.054,6.7139,3.2,ml,29,48,0.2,0.1,tx,tx2025izoc,2025-07-24T21:30:12.040Z,"27 km S of Westbrook, Texas",earthquake,0.55471919608481,2.4233121155282,0.1,12,reviewed,tx,tx
2025-05-08T19:28:50.220Z,31.665,-104.35,6.0999,3.4,ml,34,66,0.1,0.1,tx,tx2025iznv,2025-07-24T21:30:12.040Z,"56 km S of Whites City, New Mexico",earthquake,0.7494665641689,0.91247104368926,0.1,18,reviewed,tx,tx
2025-05-08T18:29:51.617Z,32.3337,-103.256,9.387,2.8,mb_lg,42,58,0.252,0.64,us,us7000py1a,2025-07-24T21:30:12.040Z,"14 km SW of Eunice, New Mexico",earthquake,2.72,7.241,0.081,58,reviewed,us,us
2025-05-08T18:24:10.570Z,32.2727,-103.2874,4.637,3.3,mwr,45,58,0.254,0.63,us,us7000py15,2025-07-24T21:30:12.040Z,"19 km NNW of Jal, New Mexico",earthquake,2.37,7.42,,19,reviewed,us,slm
2025-05-08T00:37:04.041Z,32.282,-101.137,6.9092,3,ml,29,49,0.1,0.1,tx,tx2025iyci,2025-07-24T21:30:11.040Z,"14 km SW of Westbrook, Texas",earthquake,0.54967361265921,1.7474271382863,0.1,18,reviewed,tx,tx
2025-05-07T05:07:24.555Z,31.663,-104.337,6.4331,3.3,ml,36,68,0.1,0.1,tx,tx2025iwpw,2025-07-24T21:30:10.040Z,"56 km S of Whites City, New Mexico",earthquake,0.6842864935023,0.92171677868001,0.1,18,reviewed,tx,tx
2025-05-06T03:48:03.314Z,31.616,-103.983,8.83,2.6,ml,30,59,0,0.1,tx,tx2025iurl,2025-07-12T16:30:46.040Z,"37 km WSW of Mentone, Texas",earthquake,0.61380786891707,0.41112832193858,0.1,16,reviewed,tx,tx
2025-05-06T01:40:13.175Z,31.683,-104.422,4.1003,2.5,ml,26,58,0,0.1,tx,tx2025iunk,2025-07-12T16:30:46.040Z,"54 km S of Whites City, New Mexico",earthquake,0.6868190257271,0.49621310344643,0.1,6,reviewed,tx,tx
2025-05-05T11:11:59.623Z,32.004,-103.814,6.651,2.7,ml,22,61,0,0.1,tx,tx2025itko,2025-07-12T16:30:46.040Z,"34 km SE of Malaga, New Mexico",earthquake,0.38605638104549,0.43382883763777,0.2,19,reviewed,tx,tx
2025-05-05T09:48:20.757Z,32.006,-103.809,7.0227,2.9,ml,26,45,0,0.1,tx,tx2025ithu,2025-07-12T16:30:45.040Z,"34 km SE of Malaga, New Mexico",earthquake,0.63093695326308,0.56077765506351,0.1,15,reviewed,tx,tx
2025-05-05T09:42:31.674Z,31.653,-104.458,6.8556,3.6,ml,10,72,0,0.1,tx,tx2025ithp,2025-07-30T15:43:08.384Z,"58 km S of Whites City, New Mexico",earthquake,0.89445324948481,0.60777517528606,0.2,18,reviewed,tx,tx
2025-05-04T17:41:09.765Z,31.655,-104.46,6.6638,2.6,ml,17,67,0,0.2,tx,tx2025isco,2025-07-12T16:30:45.040Z,"58 km S of Whites City, New Mexico",earthquake,1.226814696635,0.59383548546874,0.2,14,reviewed,tx,tx
2025-05-04T17:14:46.381Z,31.657,-104.447,5.7922,2.5,ml,18,77,0,0.2,tx,tx2025isbs,2025-07-12T16:30:45.040Z,"57 km S of Whites City, New Mexico",earthquake,1.2647080973314,0.65492872289688,0.1,12,reviewed,tx,tx
2025-05-04T03:24:45.861Z,31.661,-104.451,6.6382,2.9,ml,23,73,0,0.2,tx,tx2025irao,2025-07-12T16:30:44.040Z,"57 km S of Whites City, New Mexico",earthquake,0.95782902346735,0.54160972666194,0.1,19,reviewed,tx,tx
2025-05-04T01:57:07.667Z,31.65,-104.432,7.1252,2.8,ml,16,72,0,0.1,tx,tx2025iqww,2025-12-11T16:49:31.613Z,"58 km S of Whites City, New Mexico",earthquake,0.67383042690296,0.45045305097631,0.1,12,reviewed,tx,tx
2025-05-04T01:47:05.553Z,31.647,-104.458,7.5354,5.4,ml,12,69,0,0.1,tx,tx2025iqwk,2026-05-04T01:57:09.962Z,"59 km S of Whites City, New Mexico",earthquake,2.0135156122329,0.63320682144029,0.1,35,reviewed,tx,tx
2025-05-03T03:34:56.636Z,31.634,-104.025,6.5741,3.4,ml,21,60,0,0.1,tx,tx2025ipeo,2025-07-12T16:30:43.040Z,"41 km W of Mentone, Texas",earthquake,0.55140278429795,0.39853745710055,0.2,26,reviewed,tx,tx
2025-05-02T08:58:50.695Z,32.437,-102.127,5.8105,3.6,ml,35,59,0,0.1,tx,tx2025intt,2025-07-12T16:30:41.040Z,"36 km SSW of Los Ybanez, Texas",earthquake,0.56140606450385,0.65370615552764,0.2,51,reviewed,tx,tx
2025-05-01T22:58:27.544Z,31.731,-104.375,5.0745,2.9,ml,29,70,0,0.2,tx,tx2025imzv,2025-07-12T16:30:41.040Z,"49 km S of Whites City, New Mexico",earthquake,0.65764029784788,0.9123486430598,0.2,24,reviewed,tx,tx
2025-04-29T15:27:01.239Z,32.429,-102.13,6.2744,2.7,ml,33,50,0,0.1,tx,tx2025iitz,2025-07-11T15:46:24.040Z,"37 km SSW of Los Ybanez, Texas",earthquake,0.46369884112317,0.54437552039233,0.1,18,reviewed,tx,tx
2025-04-29T01:13:11.438Z,31.266,-103.504,2.1777,2.6,ml,18,57,0.1,0.2,tx,tx2025ihru,2025-07-11T15:46:24.040Z,"11 km SSE of Lindsay, Texas",earthquake,0.96386495414468,2.1581373674968,0.2,25,reviewed,tx,tx
2025-04-25T14:58:31.817Z,31.997,-103.245,7.7405,2.7,ml,17,47,0.1,0.1,tx,tx2025ibkz,2025-07-11T15:46:20.040Z,"13 km SSW of Jal, New Mexico",earthquake,1.0396164053203,1.6408208588424,0.2,27,reviewed,tx,tx
2025-04-25T12:43:48.815Z,32.004,-103.245,7.7405,3.3,ml,23,78,0.1,0.1,tx,tx2025ibgp,2025-07-11T15:46:20.040Z,"13 km SSW of Jal, New Mexico",earthquake,0.54415026759016,1.1035293377747,0.2,35,reviewed,tx,tx
2025-04-25T08:18:03.382Z,31.781,-103.777,6.0999,3.1,ml,38,26,0.2,0.1,tx,tx2025iaxu,2025-07-11T15:46:20.040Z,"18 km WNW of Mentone, Texas",earthquake,0.46722859354066,1.9715581442718,0.2,52,reviewed,tx,tx
2025-04-25T07:34:36.103Z,32.008,-103.244,8.2019,2.7,ml,15,88,0.1,0.2,tx,tx2025iawk,2025-07-11T15:46:20.040Z,"12 km SSW of Jal, New Mexico",earthquake,0.64921844334514,1.2913182523793,0.1,9,reviewed,tx,tx
2025-04-24T07:57:38.001Z,32.003,-103.236,5.8435,2.5,ml,17,46,0.1,0.1,tx,tx2025hzbp,2025-07-11T15:46:19.040Z,"12 km SSW of Jal, New Mexico",earthquake,0.4968485751631,0.85928798968108,0.2,6,reviewed,tx,tx
2025-04-23T14:40:59.236Z,32.003,-103.233,5.7922,2.5,ml,21,46,0.1,0.2,tx,tx2025hxts,2025-07-11T15:46:19.040Z,"12 km SSW of Jal, New Mexico",earthquake,0.62013308724205,1.4464624837882,0.2,18,reviewed,tx,tx
2025-04-21T21:19:02.251Z,32.136,-102.209,6.5674,2.5,ml,27,67,0,0.1,tx,tx2025huqf,2025-06-27T00:34:46.040Z,"19 km NW of Midland, Texas",earthquake,0.70224081540153,1.2035761308035,0.2,39,reviewed,tx,tx
2025-04-20T16:18:14.493Z,31.673,-104.305,6.6125,3.1,ml,19,66,0,0.1,tx,tx2025hskf,2025-06-27T00:34:40.040Z,"56 km S of Whites City, New Mexico",earthquake,0.79977346664239,0.59840754461589,0.2,24,reviewed,tx,tx
2025-04-18T13:01:02.622Z,31.668,-104.332,6.2537,3.3,ml,33,68,0.1,0.1,tx,tx2025homq,2025-06-27T00:34:24.040Z,"56 km S of Whites City, New Mexico",earthquake,0.87898304921144,0.9990515983881,0.2,38,reviewed,tx,tx
2025-04-16T20:44:10.284Z,32.235,-103.097,6.9092,2.7,ml,20,86,0,0.1,tx,tx2025hlkx,2025-06-27T00:34:14.040Z,"16 km NE of Jal, New Mexico",earthquake,0.87777691958332,1.277426794827,0.2,37,reviewed,tx,tx
2025-04-16T00:58:15.372Z,31.94,-102.038,8.4229,2.5,ml,36,69,0.1,0.1,tx,tx2025hjxt,2025-06-27T00:34:08.040Z,"7 km SSE of Midland, Texas",earthquake,0.39488174166999,1.4217030757844,0.1,47,reviewed,tx,tx
2025-04-16T00:07:48.298Z,31.653,-104.298,6.3049,2.5,ml,38,68,0,0.1,tx,tx2025hjvz,2025-06-27T00:34:08.040Z,"58 km S of Whites City, New Mexico",earthquake,0.62649984813891,1.0418446752769,0,6,reviewed,tx,tx
2025-04-15T05:36:34.411Z,32.143,-101.065,6.6162,2.6,ml,37,69,0.2,0.1,tx,tx2025hill,2025-06-14T18:26:44.040Z,"24 km SSW of Westbrook, Texas",earthquake,0.70927765469605,1.8598966351058,0.1,47,reviewed,tx,tx
2025-04-15T01:27:55.069Z,31.665,-104.372,7.5867,2.6,ml,28,69,0,0.1,tx,tx2025hidh,2025-06-14T18:26:44.040Z,"56 km S of Whites City, New Mexico",earthquake,1.036962035382,0.96748224497999,0.1,43,reviewed,tx,tx
2025-04-13T13:25:09.675Z,31.741,-104.117,5.1642,2.7,ml,34,35,0,0.1,tx,tx2025hfjy,2025-06-14T18:26:42.040Z,"49 km W of Mentone, Texas",earthquake,0.33446298409515,0.5524175997722,0.2,19,reviewed,tx,tx
2025-04-13T00:12:13.083Z,32.13,-102.211,6.3232,3.1,ml,32,58,0,0.1,tx,tx2025heju,2025-06-14T18:26:41.040Z,"19 km NW of Midland, Texas",earthquake,0.46906030362901,0.90513600223566,0.1,23,reviewed,tx,tx
2025-04-12T13:56:11.202Z,32.005,-103.801,7.6764,2.7,ml,26,43,0,0.1,tx,tx2025hdpj,2025-06-14T18:26:41.040Z,"35 km SE of Malaga, New Mexico",earthquake,0.49061486984254,0.39422086727128,0.2,15,reviewed,tx,tx
2025-04-12T13:47:35.741Z,31.743,-104.12,6.3947,2.5,ml,28,58,0,0.2,tx,tx2025hdpd,2025-06-14T18:26:41.040Z,"49 km W of Mentone, Texas",earthquake,0.41397544820432,0.40257547107861,0.2,18,reviewed,tx,tx
2025-04-12T12:58:26.032Z,32.3266,-104.4544,8.707,2.5,ml,33,89,0.491,0.49,us,us6000q5me,2025-06-14T18:26:41.040Z,"18 km NNW of Whites City, New Mexico",earthquake,2.32,8.553,0.05,52,reviewed,us,us
2025-04-12T12:19:13.776Z,32.3384,-104.4484,7.973,3.5,ml,46,50,0.488,0.45,us,us6000q5m9,2025-06-14T18:26:41.040Z,"19 km NNW of Whites City, New Mexico",earthquake,2.6,6.248,0.038,90,reviewed,us,us
2025-04-11T21:47:02.670Z,32.442,-102.106,7.7393,2.7,ml,33,68,0,0.1,tx,tx2025hcjl,2025-06-14T18:26:41.040Z,"35 km SSW of Los Ybanez, Texas",earthquake,0.63539306259789,0.80244918726883,0.1,16,reviewed,tx,tx
2025-04-09T14:01:29.613Z,31.52,-104.015,7.843,2.5,ml,26,65,0,0.1,tx,tx2025gydb,2025-06-14T18:26:38.040Z,"31 km NW of Toyah, Texas",earthquake,0.90515918859581,0.67052441086305,0.2,26,reviewed,tx,tx
2025-04-08T14:50:42.387Z,31.715,-104.269,6.7664,2.5,ml,34,55,0,0.2,tx,tx2025gwjf,2025-06-09T13:38:44.040Z,"52 km S of Whites City, New Mexico",earthquake,0.67136837913204,0.5940763925092,0.1,26,reviewed,tx,tx
2025-04-07T05:29:27.137Z,31.664,-104.351,7.1252,2.6,ml,18,69,0.1,0.3,tx,tx2025gtve,2025-06-09T13:38:43.040Z,"56 km S of Whites City, New Mexico",earthquake,0.93453736872267,1.2187326720803,0.1,10,reviewed,tx,tx
2025-04-06T23:47:39.460Z,32.096,-101.48,8.8623,2.6,ml,30,53,0.1,0.1,tx,tx2025gtjx,2025-06-09T13:38:43.040Z,"10 km W of Forsan, Texas",earthquake,0.39278266626043,0.5952495233226,0.2,14,reviewed,tx,tx
2025-04-06T03:14:48.320Z,31.675,-104.429,7.4841,3.2,ml,30,56,0,0.1,tx,tx2025grvf,2025-06-09T13:38:42.040Z,"55 km S of Whites City, New Mexico",earthquake,0.83223362791849,0.58397226412519,0.1,15,reviewed,tx,tx
2025-04-05T04:09:40.293Z,32.165,-101.789,8.1787,2.8,ml,37,48,0.1,0.1,tx,tx2025gqbm,2025-06-09T13:38:41.040Z,"3 km N of Stanton, Texas",earthquake,0.26352389175898,0.42702943948312,0.2,26,reviewed,tx,tx
2025-04-05T01:22:27.560Z,31.655,-104.28,6.0999,3.1,ml,22,67,0.1,0.2,tx,tx2025gpwd,2025-06-09T13:38:41.040Z,"58 km S of Whites City, New Mexico",earthquake,0.81227090994254,1.2341955302483,0.2,25,reviewed,tx,tx
2025-04-05T01:22:18.228Z,31.66,-104.288,6.4075,2.7,ml,31,67,0.1,0.2,tx,tx2025gpwc,2025-06-09T13:38:41.040Z,"57 km S of Whites City, New Mexico",earthquake,0.66908850292603,1.3682271991682,0.2,27,reviewed,tx,tx
2025-04-04T11:58:34.038Z,31.603,-103.979,8.8171,2.5,ml,12,62,0,0.1,tx,tx2025govm,2025-06-09T13:38:40.040Z,"36 km NNW of Toyah, Texas",earthquake,0.59580170732308,0.4730919336925,0.1,25,reviewed,tx,tx
2025-04-04T11:17:39.469Z,31.667,-104.365,6.9458,2.8,ml,26,69,0.1,0.2,tx,tx2025gouf,2025-06-09T13:38:40.040Z,"56 km S of Whites City, New Mexico",earthquake,0.65177149961849,0.70730413840581,0.1,20,reviewed,tx,tx
2025-04-04T09:23:13.778Z,31.525,-104.007,6.7151,2.6,ml,16,59,0,0.1,tx,tx2025goqq,2025-06-09T13:38:40.040Z,"30 km NW of Toyah, Texas",earthquake,0.85823124204969,0.56828517637211,0.1,12,reviewed,tx,tx
2025-04-04T06:33:46.687Z,31.519,-104.018,7.074,2.5,ml,20,61,0.1,0.2,tx,tx2025golb,2025-06-09T13:38:40.040Z,"31 km NW of Toyah, Texas",earthquake,1.6042475181448,0.93463439051912,0.2,8,reviewed,tx,tx
2025-04-04T06:14:28.620Z,31.662,-104.201,7.2791,2.5,ml,17,64,0.1,0.1,tx,tx2025gokk,2025-06-09T13:38:40.040Z,"54 km NW of Toyah, Texas",earthquake,0.86864752014975,0.99506564051088,0.2,10,reviewed,tx,tx
2025-04-03T22:10:30.938Z,32.4985,-104.6508,5,3.3,ml,37,46,0.657,0.55,us,us6000q3ty,2025-06-09T13:38:39.040Z,"35 km SSE of Hope, New Mexico",earthquake,4.07,1.974,0.06,63,reviewed,us,us
2025-04-03T12:58:42.045Z,31.713,-101.723,9.7412,3.4,ml,26,63,0.1,0.1,tx,tx2025gnbz,2025-06-09T13:38:39.040Z,"28 km SW of Garden City, Texas",earthquake,0.84677943795163,0.94613497457052,0.1,12,reviewed,tx,tx
2025-04-01T17:05:27.215Z,31.658,-104.286,7.8943,2.5,ml,19,67,0,0.2,tx,tx2025gjte,2025-06-06T21:12:20.040Z,"58 km S of Whites City, New Mexico",earthquake,0.86164548266652,0.78488612270478,0.1,16,reviewed,tx,tx
2025-04-01T15:18:52.234Z,32.5125,-104.6222,3.82,2.5,ml,59,36,0.668,0.56,us,us7000pp8x,2025-06-06T21:12:30.040Z,"34 km SSE of Hope, New Mexico",earthquake,1.56,6.024,0.085,18,reviewed,us,us
2025-03-31T07:40:43.871Z,31.673,-104.301,6.6125,2.8,ml,14,66,0,0.1,tx,tx2025ghez,2025-06-06T21:12:29.040Z,"56 km S of Whites City, New Mexico",earthquake,1.0086375989483,0.84789461692182,0.2,28,reviewed,tx,tx
2025-03-31T04:46:20.000Z,31.664,-104.328,5.946,2.6,ml,25,68,0.1,0.1,tx,tx2025ggzf,2025-06-06T21:12:28.040Z,"56 km S of Whites City, New Mexico",earthquake,0.89956221464304,0.95936555637818,0.2,43,reviewed,tx,tx
2025-03-30T11:07:11.360Z,31.526,-104.013,7.1252,2.7,ml,23,57,0,0.1,tx,tx2025gfqh,2025-06-06T21:12:28.040Z,"31 km NW of Toyah, Texas",earthquake,0.64924316710231,0.51884769217002,0.2,43,reviewed,tx,tx
2025-03-29T19:09:49.985Z,31.527,-104.012,7.5739,2.6,ml,32,57,0,0.1,tx,tx2025gekr,2025-06-06T21:12:27.040Z,"31 km NW of Toyah, Texas",earthquake,0.60941189496145,0.47665759065822,0.2,34,reviewed,tx,tx
2025-03-29T01:54:36.567Z,31.619,-104.281,6.8176,2.6,ml,44,70,0.1,0.1,tx,tx2025gdcn,2025-06-06T21:12:26.040Z,"57 km NW of Toyah, Texas",earthquake,0.56669198603285,0.73926434907361,0.2,31,reviewed,tx,tx
2025-03-28T16:28:48.554Z,31.086,-103.25,8.0481,2.6,ml,29,74,0.1,0.1,tx,tx2025gcjx,2025-06-06T21:12:26.040Z,"24 km SW of Coyanosa, Texas",earthquake,0.91093846452642,0.83228411762662,0.2,62,reviewed,tx,tx
2025-03-25T13:08:12.561Z,31.535,-104.009,6.1511,2.5,ml,16,56,0,0.1,tx,tx2025fwqt,2025-05-29T17:36:32.040Z,"31 km NW of Toyah, Texas",earthquake,1.1834318142373,0.78240046220579,0.1,12,reviewed,tx,tx
2025-03-24T05:11:01.757Z,31.524,-104.015,6.9202,2.8,ml,16,60,0,0.1,tx,tx2025fufo,2025-05-29T17:36:30.040Z,"31 km NW of Toyah, Texas",earthquake,0.85946162989724,0.56469911735709,0.1,12,reviewed,tx,tx
2025-03-23T14:28:36.728Z,31.704,-104.168,7.074,2.7,ml,31,54,0.1,0.1,tx,tx2025ftck,2025-05-29T17:36:30.040Z,"53 km W of Mentone, Texas",earthquake,0.58157659030966,0.71143979531965,0.3,25,reviewed,tx,tx
2025-03-23T13:08:49.940Z,31.237,-103.755,7.4841,2.5,ml,15,78,0.1,0.1,tx,tx2025fszz,2025-05-29T17:36:30.040Z,"9 km SSE of Toyah, Texas",earthquake,0.65515644802123,2.103468343495,0.1,27,reviewed,tx,tx
2025-03-23T12:04:46.154Z,31.681,-104.403,6.4587,3,ml,33,56,0,0.2,tx,tx2025fsxt,2025-05-29T17:36:30.040Z,"54 km S of Whites City, New Mexico",earthquake,0.80295719823163,0.67151182135755,0.2,25,reviewed,tx,tx
2025-03-23T11:08:31.193Z,31.678,-104.4,6.0999,2.6,ml,33,56,0,0.2,tx,tx2025fsvu,2025-05-29T17:36:30.040Z,"55 km S of Whites City, New Mexico",earthquake,0.93030676172906,0.8204664524962,0.2,25,reviewed,tx,tx
2025-03-23T06:56:33.212Z,31.679,-104.406,5.8435,2.5,ml,23,56,0,0.2,tx,tx2025fsnm,2025-05-29T17:36:29.040Z,"55 km S of Whites City, New Mexico",earthquake,0.92865959755507,0.70722734118238,0.2,19,reviewed,tx,tx
2025-03-22T14:20:08.799Z,31.621,-104.336,6.0999,2.6,ml,40,61,0.1,0.2,tx,tx2025frgq,2025-05-29T17:36:29.040Z,"61 km S of Whites City, New Mexico",earthquake,0.90783303913749,1.1158883688523,0.2,30,reviewed,tx,tx
2025-03-21T20:35:47.710Z,32.005,-103.802,7.3303,2.5,ml,25,51,0,0.1,tx,tx2025fpxp,2025-05-29T17:36:28.040Z,"35 km SE of Malaga, New Mexico",earthquake,0.57667035535041,0.58417817798562,0.2,36,reviewed,tx,tx
2025-03-21T16:58:23.912Z,31.998,-103.832,6.3562,2.6,ml,25,57,0.1,0.1,tx,tx2025fpqi,2025-05-29T17:36:28.040Z,"33 km SE of Malaga, New Mexico",earthquake,0.69041670549925,0.88401877400132,0.2,25,reviewed,tx,tx
2025-03-20T17:59:53.682Z,32.1734,-103.3609,9.674,2.6,mb_lg,35,83,0.221,0.55,us,us7000plds,2025-05-29T17:36:27.040Z,"17 km WNW of Jal, New Mexico",earthquake,1.55,6.251,0.098,44,reviewed,us,us
2025-03-20T06:47:04.130Z,32.5171,-104.6476,5,2.7,ml,30,96,0.657,0.53,us,us6000pzxn,2025-05-29T17:36:24.040Z,"33 km SSE of Hope, New Mexico",earthquake,3.15,1.967,0.053,46,reviewed,us,us
2025-03-20T05:51:31.556Z,31.67,-104.409,7.843,2.9,ml,44,58,0,0.2,tx,tx2025fmyy,2025-05-29T17:36:24.040Z,"56 km S of Whites City, New Mexico",earthquake,0.88749067683958,0.85326800315829,0.1,33,reviewed,tx,tx
2025-03-20T04:49:03.518Z,32.5048,-104.6148,15.415,3.3,ml,32,77,0.66,0.71,us,us6000pzws,2025-05-29T17:36:24.040Z,"35 km SSE of Hope, New Mexico",earthquake,1.78,8.014,0.042,74,reviewed,us,us
2025-03-20T04:17:55.001Z,32.4801,-104.6231,8.711,3.5,ml,57,45,0.661,0.56,us,us6000pzw8,2025-05-29T17:36:24.040Z,"37 km W of Carlsbad, New Mexico",earthquake,2.79,8.396,0.041,78,reviewed,us,us
2025-03-20T04:11:18.259Z,32.5199,-104.6408,9.267,2.8,ml,30,78,0.652,0.41,us,us6000pzw7,2025-05-29T17:36:24.040Z,"33 km SSE of Hope, New Mexico",earthquake,2.61,7.403,0.048,58,reviewed,us,us
2025-03-20T04:04:32.954Z,32.5195,-104.6348,8.09,2.8,ml,30,78,0.647,0.75,us,us6000pzw4,2025-05-29T17:36:24.040Z,"33 km SSE of Hope, New Mexico",earthquake,2.31,6.47,0.05,52,reviewed,us,us
2025-03-18T09:44:26.627Z,32.434,-101.74,7.3486,2.6,ml,38,63,0,0.1,tx,tx2025fjpn,2025-05-17T19:20:00.040Z,"10 km SSW of Ackerly, Texas",earthquake,0.60117123567956,0.72110907970935,0.2,36,reviewed,tx,tx
2025-03-15T14:28:30.190Z,32.361,-102.091,6.7627,2.6,ml,37,46,0,0.1,tx,tx2025femj,2025-05-17T19:19:58.040Z,"38 km NW of Stanton, Texas",earthquake,0.33402998043363,0.51599760188229,0.2,54,reviewed,tx,tx
2025-03-14T03:28:26.118Z,31.872,-101.721,7.8857,2.5,ml,51,77,0,0.1,tx,tx2025fbvc,2025-05-17T19:19:57.040Z,"22 km W of Garden City, Texas",earthquake,0.34403804034966,0.86076124215306,0.1,39,reviewed,tx,tx
2025-03-13T08:41:40.632Z,32.419,-102.088,7.0801,2.5,ml,18,56,0,0.1,tx,tx2025fajy,2025-05-17T19:19:57.040Z,"36 km SSW of Los Ybanez, Texas",earthquake,0.63229793544549,0.71408363628886,0.1,25,reviewed,tx,tx
2025-03-10T02:18:10.729Z,32.081,-103.719,7.6379,2.5,ml,28,40,0,0.1,tx,tx2025eukw,2025-05-16T17:30:04.040Z,"36 km ESE of Malaga, New Mexico",earthquake,0.40741515264738,0.64744347680402,0.1,17,reviewed,tx,tx
2025-03-08T10:34:36.448Z,31.682,-104.413,6.228,2.6,ml,38,69,0,0.2,tx,tx2025erkd,2025-05-16T17:30:03.040Z,"54 km S of Whites City, New Mexico",earthquake,0.81844160671771,0.51056215270981,0.1,19,reviewed,tx,tx
2025-03-07T22:02:43.400Z,32.3847,-104.3594,8.631,2.9,ml,44,66,0.408,0.69,us,us6000pxid,2026-04-06T20:28:13.399Z,"12 km WSW of Carlsbad, New Mexico",earthquake,2.8,8.47,0.085,18,reviewed,us,us
2025-03-06T23:26:38.867Z,31.641,-104.012,5.5872,3.1,ml,29,38,0,0.1,tx,tx2025eosp,2025-05-16T17:30:02.040Z,"39 km W of Mentone, Texas",earthquake,0.32653969710538,0.44760525236178,0.1,17,reviewed,tx,tx
2025-03-03T04:12:56.392Z,31.669,-104.368,7.1509,2.5,ml,21,57,0.1,0.2,tx,tx2025ehub,2025-05-08T19:24:45.040Z,"56 km S of Whites City, New Mexico",earthquake,0.89993354271282,0.78497565986539,0.1,17,reviewed,tx,tx
2025-03-03T01:10:47.578Z,31.716,-104.267,6.792,2.5,ml,18,53,0,0.1,tx,tx2025ehod,2025-05-08T19:24:45.040Z,"52 km SSE of Whites City, New Mexico",earthquake,0.70520693677934,0.75524918195917,0.1,8,reviewed,tx,tx
2025-03-02T22:32:18.943Z,31.718,-104.273,6.9202,4.2,ml,39,52,0,0.1,tx,tx2025ehit,2025-05-08T19:24:45.040Z,"51 km S of Whites City, New Mexico",earthquake,0.61789799116568,0.6673562062577,0.2,33,reviewed,tx,tx
2025-02-28T21:47:01.075Z,32.387,-101.635,6.8115,2.6,ml,41,54,0,0.1,tx,tx2025edqv,2025-05-08T19:24:43.040Z,"17 km SSE of Ackerly, Texas",earthquake,0.49038032641286,0.79431266006476,0.1,31,reviewed,tx,tx
2025-02-28T19:33:24.297Z,32.37,-101.926,6.8115,4.8,ml,43,41,0,0,tx,tx2025edml,2026-02-28T19:43:37.413Z,"26 km SW of Ackerly, Texas",earthquake,0.48900832804111,1.4946286777463,0.2,45,reviewed,tx,tx
2025-02-27T05:31:21.985Z,32.409,-102.059,7.5928,3.4,ml,31,53,0,0,tx,tx2025eaoq,2025-05-08T19:24:41.040Z,"34 km WSW of Ackerly, Texas",earthquake,0.76408161829081,1.003773623866,0.1,38,reviewed,tx,tx
2025-02-27T04:19:19.327Z,31.607,-103.971,8.8171,2.9,ml,21,58,0,0.1,tx,tx2025eamf,2025-05-08T19:24:41.040Z,"36 km NNW of Toyah, Texas",earthquake,0.50580779245173,0.57271520867879,0.2,66,reviewed,tx,tx
2025-02-24T21:21:42.573Z,32.442,-102.109,8.7158,2.7,ml,31,66,0,0.1,tx,tx2025dwhl,2025-05-06T21:39:12.040Z,"35 km SSW of Los Ybanez, Texas",earthquake,0.78810945947292,0.83309346303742,0.2,37,reviewed,tx,tx
2025-02-24T13:42:21.130Z,31.511,-104.01,7.9712,2.5,ml,20,73,0,0.1,tx,tx2025dvsk,2025-05-06T21:39:20.040Z,"29 km NW of Toyah, Texas",earthquake,1.3688664946256,1.0553413825249,0.1,19,reviewed,tx,tx
2025-02-22T19:59:24.711Z,31.662,-104.303,7.074,2.7,ml,19,67,0,0.1,tx,tx2025dsns,2025-05-06T21:39:18.040Z,"57 km S of Whites City, New Mexico",earthquake,0.784952043615,0.64038340565478,0.2,53,reviewed,tx,tx
2025-02-18T12:16:28.873Z,31.711,-104.502,3.8953,4.7,ml,6,110,0,0.1,tx,tx2025dkql,2025-05-06T12:26:43.036Z,"52 km SSW of Whites City, New Mexico",earthquake,0.5980317782579,1.1220820869052,0.1,18,reviewed,tx,tx
2025-02-18T08:58:08.350Z,31.656,-104.296,6.3177,3.4,ml,35,68,0,0.1,tx,tx2025dkjx,2025-05-04T02:21:00.471Z,"58 km S of Whites City, New Mexico",earthquake,0.47877184817154,0.55022331444067,0.2,34,reviewed,tx,tx
2025-02-18T02:01:40.914Z,31.697,-104.164,5.9332,2.9,ml,27,64,0.1,0.1,tx,tx2025djwf,2025-05-02T16:26:21.040Z,"53 km W of Mentone, Texas",earthquake,0.49787601127802,0.65197452670683,0.2,56,reviewed,tx,tx
2025-02-17T23:27:39.165Z,31.678,-104.098,6.4972,2.5,ml,39,72,0,0.1,tx,tx2025djrf,2025-05-02T16:26:21.040Z,"47 km W of Mentone, Texas",earthquake,0.30436583345607,0.40010537159502,0.2,37,reviewed,tx,tx
2025-02-15T05:28:16.653Z,31.67,-104.187,4.9463,2.6,ml,29,61,0.1,0.1,tx,tx2025deqm,2025-05-02T16:26:18.040Z,"54 km NW of Toyah, Texas",earthquake,0.53979665989953,1.3057033033218,0.1,17,reviewed,tx,tx
2025-02-15T05:26:32.404Z,31.67,-104.188,6.0999,2.7,ml,18,121,0.1,0.2,tx,tx2025deql,2025-05-02T16:26:18.040Z,"54 km NW of Toyah, Texas",earthquake,0.83216830783,1.4641683386904,0.4,7,reviewed,tx,tx
2025-02-15T05:25:28.896Z,31.672,-104.19,6.0999,3.8,ml,32,61,0.1,0.1,tx,tx2025deqk,2025-05-02T16:26:18.040Z,"54 km NW of Toyah, Texas",earthquake,0.60457699034153,0.73812235805646,0.2,17,reviewed,tx,tx
2025-02-15T05:23:21.429Z,31.661,-104.18,6.0999,5,ml,18,61,0.1,0.1,tx,tx2025deqh,2026-02-15T05:33:24.088Z,"53 km NW of Toyah, Texas",earthquake,0.63410533157452,1.0110250127169,0.1,10,reviewed,tx,tx
2025-02-15T02:53:54.732Z,32.462,-102.036,6.5674,2.6,ml,29,59,0.1,0.1,tx,tx2025dell,2025-05-17T21:06:37.372Z,"30 km SSW of Los Ybanez, Texas",earthquake,0.62463452480926,1.1186307878166,0.1,14,reviewed,tx,tx
2025-02-12T23:59:18.069Z,32.007,-103.805,7.0868,2.7,ml,33,28,0,0.1,tx,tx2025daop,2025-05-02T16:26:16.040Z,"34 km SE of Malaga, New Mexico",earthquake,0.41944671679803,0.52918561143446,0.2,18,reviewed,tx,tx
2025-02-12T23:37:55.276Z,32.007,-103.805,6.933,2.8,ml,31,44,0,0.1,tx,tx2025danx,2025-05-02T16:26:16.040Z,"34 km SE of Malaga, New Mexico",earthquake,0.46436048962956,0.49040105218934,0.1,18,reviewed,tx,tx
2025-02-10T19:58:40.672Z,31.666,-104.304,6.6638,2.7,ml,17,67,0,0.1,tx,tx2025cwps,2025-04-26T14:47:07.040Z,"56 km S of Whites City, New Mexico",earthquake,0.74994380872567,0.62448485431125,0.2,24,reviewed,tx,tx
2025-02-08T23:33:09.784Z,31.975,-103.786,6.5997,2.9,ml,19,64,0,0.1,tx,tx2025ctfv,2025-04-26T14:47:06.040Z,"34 km NNW of Mentone, Texas",earthquake,0.31210074556825,0.30622803399605,0.2,8,reviewed,tx,tx
2025-02-03T20:52:17.859Z,32.766,-100.666,6.8604,2.5,ml,11,78,0.1,0.1,tx,tx2025cjwx,2025-04-15T20:55:31.040Z,"16 km NNE of Hermleigh, Texas",earthquake,0.63564745160361,1.1969783843493,0.1,13,reviewed,tx,tx
2025-02-03T20:36:20.466Z,32.771,-100.674,4.4189,2.9,ml,15,48,0.1,0.1,tx,tx2025cjwi,2025-04-15T20:55:31.040Z,"17 km NNE of Hermleigh, Texas",earthquake,0.75639149065292,1.8410273966929,0.1,23,reviewed,tx,tx
2025-02-03T13:34:57.811Z,31.659,-104.281,6.7151,2.8,ml,41,58,0,0.2,tx,tx2025cjim,2025-04-15T20:55:30.040Z,"58 km S of Whites City, New Mexico",earthquake,0.74552944383564,0.94730892234911,0.2,31,reviewed,tx,tx
2025-02-01T14:38:37.193Z,31.664,-104.39,6.0999,2.6,ml,41,70,0,0.2,tx,tx2025cftp,2025-04-15T20:55:27.040Z,"56 km S of Whites City, New Mexico",earthquake,0.7320350974343,0.63198702466781,0.2,32,reviewed,tx,tx
2025-02-01T12:58:07.407Z,31.596,-104.227,6.1896,2.5,ml,42,70,0.1,0.1,tx,tx2025cfqg,2025-04-15T20:55:26.040Z,"51 km NW of Toyah, Texas",earthquake,0.61019880285009,0.51753817644633,0.2,53,reviewed,tx,tx
2025-01-30T22:51:50.605Z,31.292,-103.396,3.1262,2.6,ml,14,63,0,0.2,tx,tx2025ccsy,2025-04-15T20:55:26.040Z,"15 km ESE of Lindsay, Texas",earthquake,1.3516904157228,1.4791799643051,0.1,21,reviewed,tx,tx
2025-01-30T05:12:21.460Z,31.653,-104.351,5.9717,2.5,ml,34,70,0.1,0.1,tx,tx2025cbke,2025-06-06T15:06:38.510Z,"58 km S of Whites City, New Mexico",earthquake,0.89545152077314,0.87458997666208,0.1,11,reviewed,tx,tx
2025-01-29T10:13:15.479Z,32.931,-100.912,7.0557,3.1,ml,27,74,0,0.2,tx,tx2025bzyi,2025-04-15T20:55:24.040Z,"23 km N of Snyder, Texas",earthquake,0.77091095280052,0.82216314952271,0.1,21,reviewed,tx,tx
2025-01-28T15:24:03.482Z,31.278,-103.385,5.7922,2.6,ml,27,42,0.1,0.2,tx,tx2025bynd,2025-04-08T22:01:02.040Z,"17 km SE of Lindsay, Texas",earthquake,0.8517874444419,2.1265428966967,0.2,26,reviewed,tx,tx
2025-01-28T06:08:31.268Z,31.535,-104.161,6.0999,3,ml,41,72,0.1,0.2,tx,tx2025bxut,2025-04-08T22:01:02.040Z,"42 km NW of Toyah, Texas",earthquake,0.768052168758,0.7702911504884,0.1,30,reviewed,tx,tx
2025-01-27T10:11:39.395Z,32.6923,-104.4115,5,2.6,mb_lg,34,56,0.525,0.74,us,us6000pmj9,2025-04-08T22:01:01.040Z,"8 km SSW of Atoka, New Mexico",earthquake,2.36,1.95,0.071,52,reviewed,us,us
2025-01-26T17:07:06.153Z,31.265,-103.365,6.9971,3,ml,21,69,0,0.1,tx,tx2025buzn,2025-04-08T22:01:01.040Z,"20 km SE of Lindsay, Texas",earthquake,0.63270510037273,2.469470296646,0.2,48,reviewed,tx,tx
2025-01-26T04:22:21.640Z,31.315,-103.361,0.9729,2.5,ml,20,51,0,0.3,tx,tx2025buaf,2025-04-08T22:01:02.040Z,"16 km S of Barstow, Texas",earthquake,1.5315767652586,1.0464824884555,0.1,10,reviewed,tx,tx
2025-01-26T04:20:06.767Z,31.675,-104.305,6.8689,2.8,ml,16,84,0,0.1,tx,tx2025buae,2025-04-08T22:01:00.040Z,"55 km S of Whites City, New Mexico",earthquake,0.70202507357822,0.64192009953135,0.2,43,reviewed,tx,tx
2025-01-25T22:04:24.473Z,32.002,-103.815,7.7789,2.6,ml,21,60,0,0.1,tx,tx2025btnt,2025-04-08T22:01:00.040Z,"34 km SE of Malaga, New Mexico",earthquake,0.3723870815221,0.4058764590584,0.2,35,reviewed,tx,tx
2025-01-25T15:44:09.395Z,31.675,-104.305,6.8689,3,ml,17,66,0,0.1,tx,tx2025btbf,2025-04-08T22:01:00.040Z,"55 km S of Whites City, New Mexico",earthquake,0.71946794494406,0.61749233018372,0.2,30,reviewed,tx,tx
2025-01-25T13:58:52.617Z,32.01,-101.727,7.9834,2.5,ml,48,74,0.1,0.1,tx,tx2025bsxu,2025-04-08T22:01:00.040Z,"14 km SSE of Stanton, Texas",earthquake,0.28471266272765,0.88610384041787,0.1,40,reviewed,tx,tx
2025-01-23T00:48:13.902Z,31.605,-103.955,8.3942,2.5,ml,22,58,0,0.1,tx,tx2025bogr,2025-04-08T22:00:58.040Z,"35 km WSW of Mentone, Texas",earthquake,0.28790377938373,0.42682073778891,0.2,35,reviewed,tx,tx
2025-01-21T03:43:04.168Z,32.406,-102.043,7.9102,2.6,ml,34,81,0.1,0.1,tx,tx2025bkvl,2025-03-29T22:12:45.040Z,"33 km WSW of Ackerly, Texas",earthquake,0.37518142015219,0.91750896560009,0.2,32,reviewed,tx,tx
2025-01-20T21:09:48.857Z,31.665,-104.36,7.3816,2.7,ml,32,69,0.1,0.1,tx,tx2025bkil,2025-03-29T22:12:45.040Z,"56 km S of Whites City, New Mexico",earthquake,0.59050846952715,0.73572919685296,0.2,28,reviewed,tx,tx
2025-01-20T11:24:17.070Z,31.956,-103.344,6.6638,2.8,ml,16,74,0,0.1,tx,tx2025bjpe,2025-03-29T22:12:44.040Z,"22 km SW of Jal, New Mexico",earthquake,0.87532793866202,0.67811085813266,0.2,38,reviewed,tx,tx
2025-01-20T11:02:10.154Z,31.965,-103.343,7.4585,2.6,ml,14,74,0,0.2,tx,tx2025bjok,2025-03-29T22:12:44.040Z,"21 km SW of Jal, New Mexico",earthquake,1.1310989418751,0.77004793854261,0.2,9,reviewed,tx,tx
2025-01-19T19:06:53.268Z,31.671,-104.295,8.0481,2.5,ml,12,115,0,0.1,tx,tx2025biix,2025-03-29T22:12:38.040Z,"56 km S of Whites City, New Mexico",earthquake,0.85650949959047,1.006599088511,0.1,22,reviewed,tx,tx
2025-01-19T04:17:01.654Z,31.664,-104.29,7.1509,2.5,ml,13,67,0.1,0.2,tx,tx2025bhfk,2025-03-29T22:12:43.040Z,"57 km S of Whites City, New Mexico",earthquake,1.4431646105506,2.3182495066923,0.1,17,reviewed,tx,tx
2025-01-14T12:48:52.850Z,32.004,-103.846,7.1893,2.8,ml,28,52,0,0.2,tx,tx2025aytd,2025-03-20T20:55:27.040Z,"32 km SE of Malaga, New Mexico",earthquake,0.5410992875196,0.58545895393898,0.2,23,reviewed,tx,tx
2025-01-12T01:09:28.891Z,31.683,-104.411,5.5359,2.9,ml,36,56,0,0.1,tx,tx2025auew,2025-03-20T20:55:10.040Z,"54 km S of Whites City, New Mexico",earthquake,0.77141549866846,0.8548440919689,0.1,20,reviewed,tx,tx
2025-01-10T21:05:50.502Z,31.574,-104.183,6.228,2.9,ml,32,63,0,0.1,tx,tx2025asbi,2025-03-20T20:55:03.040Z,"46 km NW of Toyah, Texas",earthquake,0.90555554626367,0.73943820276868,0.1,15,reviewed,tx,tx
2025-01-10T19:34:08.034Z,31.689,-104.307,6.2024,2.6,ml,25,57,0,0.1,tx,tx2025aryg,2025-03-20T20:55:03.040Z,"54 km S of Whites City, New Mexico",earthquake,0.72828573234229,0.67407378610265,0.3,15,reviewed,tx,tx
2025-01-10T11:42:12.619Z,31.746,-104.175,7.2791,2.5,ml,36,60,0,0.1,tx,tx2025arir,2025-03-20T20:55:00.040Z,"51 km SSE of Whites City, New Mexico",earthquake,0.37367014965433,0.50332994348465,0.2,27,reviewed,tx,tx
2025-01-09T11:26:39.039Z,31.564,-104.025,7.7789,2.5,ml,20,59,0,0.1,tx,tx2025apmr,2025-03-20T20:54:55.040Z,"35 km NW of Toyah, Texas",earthquake,0.5594025208859,0.41560078635966,0.1,28,reviewed,tx,tx
2025-01-09T07:09:20.754Z,31.673,-104.339,6.0999,2.5,ml,28,67,0.1,0.1,tx,tx2025apel,2025-03-20T20:54:53.040Z,"55 km S of Whites City, New Mexico",earthquake,0.67965250434239,0.78788455628775,0.2,23,reviewed,tx,tx
2025-01-09T04:41:49.258Z,32.533,-104.6305,9.919,2.7,ml,43,53,0.645,0.5,us,us6000pit4,2025-03-20T20:54:52.040Z,"32 km SSE of Hope, New Mexico",earthquake,1.85,8.506,0.091,16,reviewed,us,us
2025-01-09T04:22:20.363Z,31.664,-104.362,5.946,2.5,ml,23,69,0.1,0.1,tx,tx2025aoyu,2025-03-20T20:54:52.040Z,"56 km S of Whites City, New Mexico",earthquake,0.96343648766617,0.93375790589158,0.2,30,reviewed,tx,tx
2025-01-09T03:52:17.871Z,31.666,-104.357,5.946,4.2,ml,28,57,0.1,0.1,tx,tx2025aoxt,2025-03-20T20:54:52.040Z,"56 km S of Whites City, New Mexico",earthquake,0.77887642233657,0.92885686285869,0.2,21,reviewed,tx,tx
2025-01-03T06:35:10.910Z,32.097,-101.474,8.96,2.7,ml,19,59,0.1,0.1,tx,tx2025aeeb,2025-03-17T21:34:24.040Z,"10 km W of Forsan, Texas",earthquake,0.36651465031286,0.57126481808423,0.2,39,reviewed,tx,tx
2025-01-01T17:02:27.574Z,31.557,-104.184,7.4329,2.8,ml,17,73,0.1,0.1,tx,tx2025abht,2025-03-17T21:34:07.040Z,"45 km NW of Toyah, Texas",earthquake,0.9316603914107,1.0142015413206,0.1,34,reviewed,tx,tx
2025-01-01T16:48:52.371Z,32.007,-103.846,7.1381,2.7,ml,19,61,0,0.1,tx,tx2025abhh,2025-03-17T21:34:06.040Z,"32 km SE of Malaga, New Mexico",earthquake,0.43124878920433,0.61203930455825,0.1,13,reviewed,tx,tx
2025-01-01T16:10:06.682Z,32.403,-102.064,7.1533,3,ml,40,47,0,0.1,tx,tx2025abga,2025-03-17T21:34:06.040Z,"35 km WSW of Ackerly, Texas",earthquake,0.36061760899083,0.56970050497402,0.1,20,reviewed,tx,tx
2024-12-28T19:52:22.424Z,32.769,-100.662,8.2275,3,ml,19,50,0.1,0.1,tx,tx2024zmxl,2025-03-08T22:39:11.040Z,"17 km NNE of Hermleigh, Texas",earthquake,0.64348206203104,1.0470980247364,0.1,37,reviewed,tx,tx
2024-12-28T19:46:42.468Z,32.764,-100.662,7.7881,2.6,ml,19,80,0.1,0.1,tx,tx2024zmxg,2025-03-08T22:39:11.040Z,"16 km NNE of Hermleigh, Texas",earthquake,1.0247455891082,1.1726889936638,0.1,43,reviewed,tx,tx
2024-12-27T01:09:13.638Z,31.975,-104.023,8.374,2.7,ml,37,73,0,0.1,tx,tx2024zjqx,2025-03-08T22:39:10.040Z,"28 km S of Malaga, New Mexico",earthquake,0.43305684294696,0.59217381099807,0.1,42,reviewed,tx,tx
2024-12-21T14:43:36.555Z,31.665,-104.329,6.6382,3,ml,40,68,0.1,0.1,tx,tx2024yzss,2025-02-27T17:30:54.040Z,"56 km S of Whites City, New Mexico",earthquake,0.75529646124507,0.8551272648474,0.2,30,reviewed,tx,tx
2024-12-21T12:18:53.440Z,31.662,-104.327,6.3818,2.5,ml,21,58,0.1,0.1,tx,tx2024yznz,2025-02-27T17:30:54.040Z,"57 km S of Whites City, New Mexico",earthquake,0.90253916914571,1.0336622514322,0.1,18,reviewed,tx,tx
2024-12-20T00:23:02.094Z,31.569,-104.185,7.074,2.7,ml,29,71,0.1,0.2,tx,tx2024ywuv,2025-02-27T17:30:53.040Z,"46 km NW of Toyah, Texas",earthquake,0.92021682428062,0.77850418248692,0.1,31,reviewed,tx,tx
2024-12-16T20:41:12.251Z,31.605,-103.954,8.7018,2.8,ml,22,60,0,0.1,tx,tx2024yrbf,2025-02-27T17:30:50.040Z,"35 km WSW of Mentone, Texas",earthquake,0.37314953407413,0.40781045421148,0.1,31,reviewed,tx,tx
2024-12-16T17:49:37.218Z,31.708,-104.158,7.7533,2.8,ml,30,51,0,0.1,tx,tx2024yqvo,2025-02-27T17:30:50.040Z,"52 km W of Mentone, Texas",earthquake,0.3817365208317,0.53878246334542,0.1,15,reviewed,tx,tx
2024-12-16T06:48:57.251Z,31.63,-104.027,5.8563,2.8,ml,18,47,0,0.1,tx,tx2024ypzp,2025-02-27T17:30:50.040Z,"41 km WSW of Mentone, Texas",earthquake,0.3417040536559,0.44765515894294,0.2,16,reviewed,tx,tx
2024-12-16T06:48:17.706Z,31.634,-104.027,6.7151,3.2,ml,33,41,0,0.1,tx,tx2024ypzo,2025-02-27T17:30:50.040Z,"41 km W of Mentone, Texas",earthquake,0.37644642541341,0.33876731563168,0.2,33,reviewed,tx,tx
2024-12-15T19:45:59.301Z,31.305,-103.603,0.0885,2.5,ml,20,56,0,0.3,tx,tx2024ypdr,2025-02-18T20:03:01.040Z,"9 km SW of Lindsay, Texas",earthquake,0.51685338491968,0.8039787070647,0.2,13,reviewed,tx,tx
2024-12-15T02:39:46.642Z,31.653,-104.373,8.4473,2.9,ml,20,70,0.1,0.1,tx,tx2024ynvw,2025-02-18T20:03:00.040Z,"57 km S of Whites City, New Mexico",earthquake,0.72973259609885,0.73720829929547,0.1,28,reviewed,tx,tx
2024-12-12T16:34:12.429Z,32.755,-100.642,6.6162,3.2,ml,26,52,0.1,0.2,tx,tx2024yjkw,2025-02-18T20:02:56.040Z,"17 km NE of Hermleigh, Texas",earthquake,0.74217351923651,1.0834940988624,0.1,37,reviewed,tx,tx
2024-12-12T09:11:31.674Z,31.672,-104.396,7.074,2.6,ml,26,69,0,0.2,tx,tx2024yiwg,2025-02-18T20:02:56.040Z,"55 km S of Whites City, New Mexico",earthquake,0.674477301976,0.77343359700694,0.1,20,reviewed,tx,tx
2024-12-08T22:11:21.411Z,32.259,-101.937,8.2764,2.5,ml,45,33,0,0.1,tx,tx2024ycnz,2025-02-15T18:31:11.040Z,"20 km NW of Stanton, Texas",earthquake,0.23102903728783,0.42338687054775,0.1,67,reviewed,tx,tx
2024-12-08T15:00:40.712Z,32.248,-101.946,7.5439,3,ml,44,31,0,0.1,tx,tx2024ybzt,2025-02-15T18:31:00.040Z,"19 km NW of Stanton, Texas",earthquake,0.31472037578237,0.54193424760467,0.1,26,reviewed,tx,tx
2024-12-06T02:24:11.683Z,32.233,-101.913,5.835,3.1,ml,41,34,0,0.1,tx,tx2024xxju,2025-02-15T18:30:12.040Z,"16 km NW of Stanton, Texas",earthquake,0.2956011226686,0.59205598446229,0.1,18,reviewed,tx,tx
2024-12-05T23:09:12.482Z,32.1906,-104.524,10.73,2.8,ml,34,69,0.488,0.63,us,us7000nwdk,2025-02-15T18:30:09.040Z,"13 km W of Whites City, New Mexico",earthquake,2.02,8.221,0.06,64,reviewed,us,us
2024-12-05T22:52:20.758Z,32.1963,-104.5066,9.078,2.8,ml,32,85,0.478,0.49,us,us7000nwcc,2025-02-15T18:30:06.040Z,"12 km W of Whites City, New Mexico",earthquake,1.99,8.494,0.047,68,reviewed,us,us
2024-12-04T04:45:06.187Z,31.679,-104.093,5.4205,3.8,ml,31,45,0,0.1,tx,tx2024xtxo,2025-02-15T18:29:22.040Z,"46 km W of Mentone, Texas",earthquake,0.37288286057242,0.48042009784726,0.1,19,reviewed,tx,tx
2024-11-27T00:03:30.016Z,31.983,-103.79,7.4841,2.6,ml,39,46,0,0.2,tx,tx2024xgtr,2025-02-02T00:52:17.040Z,"35 km NNW of Mentone, Texas",earthquake,0.65125876439714,0.50748304014553,0.2,56,reviewed,tx,tx
2024-11-26T00:45:44.077Z,31.508,-103.704,5.2283,2.6,ml,21,51,0.1,0.1,tx,tx2024xezn,2025-02-02T00:51:43.040Z,"22 km NW of Lindsay, Texas",earthquake,0.66994197468506,2.269199938527,0.2,19,reviewed,tx,tx
2024-11-23T16:30:26.201Z,31.652,-104.299,8.2019,2.5,ml,19,58,0,0.3,tx,tx2024xasf,2025-01-30T17:00:32.040Z,"58 km S of Whites City, New Mexico",earthquake,1.2834157011212,0.97609733719934,0.1,19,reviewed,tx,tx
2024-11-22T01:08:08.516Z,32.764,-100.662,7.6904,2.8,ml,17,79,0.1,0.1,tx,tx2024wxsg,2025-01-30T17:00:32.040Z,"16 km NNE of Hermleigh, Texas",earthquake,0.65833718797138,1.070011848331,0.1,24,reviewed,tx,tx
2024-11-21T23:13:53.250Z,31.656,-104.307,6.1255,2.7,ml,37,58,0,0.1,tx,tx2024wxom,2025-01-30T17:00:32.040Z,"57 km S of Whites City, New Mexico",earthquake,0.72111686608741,0.83330837849314,0.1,18,reviewed,tx,tx
2024-11-21T02:59:52.329Z,31.669,-104.302,7.3303,3.4,ml,21,60,0,0.1,tx,tx2024wwan,2025-01-30T17:00:31.040Z,"56 km S of Whites City, New Mexico",earthquake,0.82771104641994,0.86423462746421,0.2,19,reviewed,tx,tx
2024-11-20T23:19:34.372Z,31.654,-104.3,8.2019,2.5,ml,11,68,0,0.2,tx,tx2024wvtm,2025-01-30T17:00:31.040Z,"58 km S of Whites City, New Mexico",earthquake,1.4457505638123,1.2076347270386,0.1,11,reviewed,tx,tx
2024-11-19T23:38:30.476Z,31.057,-103.689,5.177,2.5,ml,22,63,0.1,0.1,tx,tx2024wtyh,2025-01-30T17:00:30.040Z,"9 km NNE of Balmorhea, Texas",earthquake,0.68910500446065,1.715184199922,0.2,24,reviewed,tx,tx
2024-11-19T22:46:44.000Z,31.106,-103.265,2.9852,3,ml,23,69,0,0.1,tx,tx2024wtwo,2025-01-30T17:00:30.040Z,"24 km SW of Coyanosa, Texas",earthquake,0.42891969569329,0.71947727767863,0.2,34,reviewed,tx,tx
2024-11-19T12:56:02.383Z,31.674,-104.417,6.3947,2.5,ml,28,77,0,0.1,tx,tx2024wtdc,2025-01-30T17:00:35.040Z,"55 km S of Whites City, New Mexico",earthquake,0.50039811868153,0.43511132022087,0.1,27,reviewed,tx,tx
2024-11-19T02:46:38.142Z,31.61,-103.969,7.7277,2.8,ml,20,55,0,0.1,tx,tx2024wsiz,2025-01-30T17:00:35.040Z,"36 km WSW of Mentone, Texas",earthquake,0.37314457214897,0.57938186832245,0.2,54,reviewed,tx,tx
2024-11-18T19:28:31.040Z,32.31,-101.836,6.1768,2.6,ml,15,66,0,0.1,tx,tx2024wrup,2025-01-30T17:00:35.040Z,"20 km NNW of Stanton, Texas",earthquake,0.65090725268144,0.75864621307017,0.1,17,reviewed,tx,tx
2024-11-18T12:45:41.414Z,31.679,-104.401,6.228,2.8,ml,30,69,0,0.1,tx,tx2024wrhe,2025-01-30T17:00:35.040Z,"55 km S of Whites City, New Mexico",earthquake,0.57885416321349,0.55834982736494,0.2,43,reviewed,tx,tx
2024-11-14T22:29:22.292Z,32.233,-101.913,6.5674,2.7,ml,38,34,0,0.1,tx,tx2024wksu,2025-01-26T16:29:53.040Z,"16 km NW of Stanton, Texas",earthquake,0.40013978403091,0.7052539247775,0.1,19,reviewed,tx,tx
2024-11-14T19:18:44.394Z,32.145,-101.058,5.6396,2.6,ml,37,48,0.2,0.1,tx,tx2024wkmf,2025-01-26T16:29:50.040Z,"23 km S of Westbrook, Texas",earthquake,0.61287090901549,2.1253258186103,0.1,21,reviewed,tx,tx
2024-11-12T22:05:06.861Z,32.757,-100.636,8.1787,2.5,ml,17,80,0.1,0.1,tx,tx2024whar,2025-01-26T16:29:01.040Z,"17 km NE of Hermleigh, Texas",earthquake,0.73766584754527,1.4503198825519,0.1,27,reviewed,tx,tx
2024-11-11T13:43:26.846Z,31.561,-104.096,6.1639,3.1,ml,26,63,0,0.2,tx,tx2024weow,2025-01-26T16:29:15.040Z,"39 km NW of Toyah, Texas",earthquake,0.65095422286194,0.43375287348348,0.2,20,reviewed,tx,tx
2024-11-11T10:47:10.800Z,31.676,-104.371,6.0999,2.7,ml,33,68,0.1,0.1,tx,tx2024weiy,2025-01-26T16:29:14.040Z,"55 km S of Whites City, New Mexico",earthquake,0.51606726172404,0.68922804915898,0.2,20,reviewed,tx,tx
2024-11-09T10:24:20.827Z,32.6576,-104.3874,8.715,3.2,ml,37,100,0.49,0.3,us,us7000nqv6,2025-02-15T11:29:55.743Z,"12 km S of Atoka, New Mexico",earthquake,3.23,8.461,0.091,16,reviewed,us,us
2024-11-07T23:50:56.787Z,32.2397,-104.4694,7.493,2.6,ml,29,86,0.478,0.45,us,us7000nqip,2025-01-24T19:51:22.040Z,"11 km NW of Whites City, New Mexico",earthquake,1.29,5.458,0.048,58,reviewed,us,us
2024-11-05T12:07:43.049Z,31.665,-104.442,6.0358,2.5,ml,35,71,0,0.1,tx,tx2024vtmm,2025-01-24T19:51:15.040Z,"56 km S of Whites City, New Mexico",earthquake,0.63410390792152,0.46052564837391,0.2,30,reviewed,tx,tx
2024-11-04T00:00:02.708Z,31.638,-104.373,6.0101,2.7,ml,29,74,0.1,0.1,tx,tx2024vqth,2025-01-24T19:51:11.040Z,"59 km S of Whites City, New Mexico",earthquake,0.56833109344558,0.54670028441248,0.1,24,reviewed,tx,tx
2024-11-03T18:31:22.702Z,32.315,-101.841,6.3721,3,ml,31,57,0,0.1,tx,tx2024vqie,2025-01-16T18:48:08.040Z,"21 km NNW of Stanton, Texas",earthquake,0.36503861628877,0.36292192491164,0.2,68,reviewed,tx,tx
2024-11-02T13:40:35.389Z,31.673,-104.366,5.5487,3,ml,39,68,0.1,0.1,tx,tx2024vodp,2025-01-16T18:47:11.040Z,"55 km S of Whites City, New Mexico",earthquake,0.46513134666005,0.59835937020704,0.2,36,reviewed,tx,tx
2024-11-02T01:48:54.477Z,31.67,-104.363,4.9078,2.9,ml,32,68,0.1,0.1,tx,tx2024vnfw,2025-01-16T18:46:40.040Z,"56 km S of Whites City, New Mexico",earthquake,0.52171405765887,0.66568183157677,0.2,42,reviewed,tx,tx
2024-11-02T01:39:39.364Z,31.669,-104.364,5.6897,2.8,ml,22,69,0.1,0.1,tx,tx2024vnfp,2025-01-16T18:46:42.040Z,"56 km S of Whites City, New Mexico",earthquake,0.82287904945266,0.83690506737607,0.2,47,reviewed,tx,tx
2024-11-02T01:36:48.147Z,31.674,-104.355,5.8307,4.2,ml,32,71,0.1,0.1,tx,tx2024vnfl,2025-01-16T18:46:39.040Z,"55 km S of Whites City, New Mexico",earthquake,0.57669607587434,0.57012523046477,0.1,58,reviewed,tx,tx
2024-11-01T16:41:55.157Z,31.646,-104.453,7.3303,2.5,ml,15,66,0,0.2,tx,tx2024vmns,2025-01-16T18:46:26.040Z,"59 km S of Whites City, New Mexico",earthquake,1.1486445536647,0.85248714371198,0.1,24,reviewed,tx,tx
2024-10-31T20:48:41.242Z,31.662,-104.446,5.3436,2.7,ml,35,71,0,0.1,tx,tx2024vlaf,2025-01-16T18:45:57.040Z,"57 km S of Whites City, New Mexico",earthquake,0.67800335552146,0.63526225724664,0.1,49,reviewed,tx,tx
2024-10-31T10:56:34.492Z,32.769,-100.668,5.8838,2.5,ml,24,49,0.1,0.1,tx,tx2024vkgp,2025-01-16T18:42:58.040Z,"17 km NNE of Hermleigh, Texas",earthquake,0.56089595959193,1.0183459934554,0.1,53,reviewed,tx,tx
2024-10-28T16:50:26.982Z,31.115,-103.274,4.7156,2.5,ml,25,56,0,0.1,tx,tx2024vfft,2025-01-16T18:44:31.040Z,"24 km SW of Coyanosa, Texas",earthquake,1.0449831133345,0.86402090987876,0.2,23,reviewed,tx,tx
2024-10-28T13:00:11.423Z,31.603,-103.958,8.9325,2.5,ml,21,58,0,0.1,tx,tx2024veyf,2025-01-16T18:44:22.040Z,"35 km NNW of Toyah, Texas",earthquake,0.33045256294604,0.33544504306644,0.2,56,reviewed,tx,tx
2024-10-26T23:48:00.311Z,32.752,-100.678,6.9824,2.9,ml,26,45,0.1,0.1,tx,tx2024vccn,2025-01-04T23:08:22.040Z,"15 km NNE of Hermleigh, Texas",earthquake,0.88143991365375,1.6824037471631,0.2,25,reviewed,tx,tx
2024-10-23T06:00:31.356Z,32.141,-101.065,8.2764,2.5,ml,16,68,0.2,0.1,tx,tx2024uvgv,2025-01-04T23:07:07.040Z,"24 km SSW of Westbrook, Texas",earthquake,0.8792580905397,2.7032051148866,0.2,16,reviewed,tx,tx
2024-10-22T12:29:34.616Z,31.67,-104.376,6.6125,2.5,ml,14,69,0,0.2,tx,tx2024utyd,2025-01-04T23:07:29.040Z,"56 km S of Whites City, New Mexico",earthquake,1.2269213192168,1.4498710531021,0.1,45,reviewed,tx,tx
2024-10-20T17:50:02.435Z,31.703,-104.135,7.0099,2.7,ml,21,56,0.1,0.1,tx,tx2024uqrs,2024-12-26T23:04:25.040Z,"50 km W of Mentone, Texas",earthquake,0.62267687595932,0.53938568160495,0.2,17,reviewed,tx,tx
2024-10-20T07:00:21.255Z,31.702,-104.131,6.792,2.6,ml,19,79,0.1,0.2,tx,tx2024upwg,2024-12-26T23:04:18.040Z,"50 km W of Mentone, Texas",earthquake,0.68109106968695,0.5321308485479,0.1,15,reviewed,tx,tx
2024-10-20T03:44:24.956Z,31.702,-104.131,6.51,2.5,ml,20,78,0.1,0.2,tx,tx2024uppx,2024-12-26T23:04:26.040Z,"50 km W of Mentone, Texas",earthquake,0.69333947160147,0.51055436996743,0.2,16,reviewed,tx,tx
2024-10-20T03:42:48.435Z,31.706,-104.131,7.2278,2.5,ml,20,77,0.1,0.2,tx,tx2024uppu,2024-12-26T23:04:25.040Z,"50 km W of Mentone, Texas",earthquake,0.74730779606758,0.60759647978876,0.2,16,reviewed,tx,tx
2024-10-18T18:34:22.453Z,32.412,-102.059,6.3721,3.1,ml,16,48,0,0.1,tx,tx2024uncf,2024-12-26T23:04:25.040Z,"34 km WSW of Ackerly, Texas",earthquake,0.61344000256282,0.90183781354584,0.1,36,reviewed,tx,tx
2024-10-18T18:24:19.896Z,32.411,-102.061,7.2021,3.4,ml,17,68,0,0.1,tx,tx2024unbv,2024-12-26T23:04:30.040Z,"34 km WSW of Ackerly, Texas",earthquake,0.53565494634285,0.6361793952354,0.2,40,reviewed,tx,tx
2024-10-18T05:49:50.476Z,31.665,-104.193,6.087,2.8,ml,18,62,0.1,0.1,tx,tx2024umcy,2024-12-26T23:04:21.040Z,"54 km NW of Toyah, Texas",earthquake,0.47961487094284,0.73786742041483,0.1,7,reviewed,tx,tx
2024-10-17T11:44:26.048Z,31.617,-104.004,8.0096,3.2,ml,18,55,0,0,tx,tx2024uktd,2024-12-26T23:04:20.040Z,"39 km NNW of Toyah, Texas",earthquake,0.44092486119017,0.40105770525256,0.3,25,reviewed,tx,tx
2024-10-11T22:06:42.988Z,31.659,-104.452,5.1514,2.6,ml,36,65,0,0.1,tx,tx2024uaor,2024-12-23T15:46:57.040Z,"57 km S of Whites City, New Mexico",earthquake,1.0633426136528,0.7332094623524,0.1,18,reviewed,tx,tx
2024-10-11T08:27:39.408Z,31.713,-104.291,6.8304,2.6,ml,28,61,0,0.1,tx,tx2024tznq,2024-12-23T15:46:46.040Z,"51 km S of Whites City, New Mexico",earthquake,0.53676815692692,0.45610627509172,0.1,36,reviewed,tx,tx
2024-10-10T16:00:45.452Z,31.65,-104.47,6.0999,2.5,ml,29,67,0,0.1,tx,tx2024tyhb,2024-12-23T15:47:35.040Z,"58 km S of Whites City, New Mexico",earthquake,1.3058117076462,0.82587018118855,0.1,16,reviewed,tx,tx
2024-10-03T02:43:17.979Z,32.413,-102.06,7.3242,3.2,ml,37,49,0,0.1,tx,tx2024tkmw,2024-12-14T14:50:23.040Z,"34 km WSW of Ackerly, Texas",earthquake,0.51231017485862,0.67368977478806,0.2,30,reviewed,tx,tx
2024-10-01T13:24:08.211Z,31.723,-104.29,6.3306,2.9,ml,30,57,0,0.2,tx,tx2024thqr,2024-12-14T14:50:56.040Z,"50 km S of Whites City, New Mexico",earthquake,0.57635710575316,0.64526644640027,0.2,24,reviewed,tx,tx
2024-10-01T00:54:14.421Z,31.607,-103.962,8.7274,3.4,ml,16,58,0,0.1,tx,tx2024tgrx,2025-02-15T08:11:01.631Z,"36 km WSW of Mentone, Texas",earthquake,0.52044157463413,0.47248784632408,0.2,24,reviewed,tx,tx
2024-09-27T17:24:53.058Z,32.409,-102.044,7.6904,3.3,ml,23,71,0.1,0.2,tx,tx2024taqv,2024-12-06T19:30:17.040Z,"33 km WSW of Ackerly, Texas",earthquake,0.6950023600921,1.2482739331512,0.1,29,reviewed,tx,tx
2024-09-26T07:56:50.031Z,31.56,-104.102,6.7151,3.8,ml,42,64,0,0.1,tx,tx2024sycb,2024-12-06T19:30:15.040Z,"40 km NW of Toyah, Texas",earthquake,0.57948008762516,0.49016283365082,0.1,33,reviewed,tx,tx
2024-09-26T02:22:07.862Z,31.558,-104.093,6.3049,3.7,ml,36,64,0,0.1,tx,tx2024sxrb,2024-12-06T19:30:15.040Z,"39 km NW of Toyah, Texas",earthquake,0.65561335610897,0.50325937414503,0.1,29,reviewed,tx,tx
2024-09-25T23:08:15.526Z,32.3082,-103.1746,5,3.2,mb_lg,24,87,0.195,0.34,us,us7000nggh,2024-12-06T19:30:15.040Z,"14 km S of Eunice, New Mexico",earthquake,1.53,1.907,0.051,111,reviewed,us,us
2024-09-25T22:17:11.736Z,31.622,-103.947,7.7661,3.2,ml,23,57,0,0.1,tx,tx2024sxja,2024-12-06T19:30:15.040Z,"34 km WSW of Mentone, Texas",earthquake,1.7498264399333,1.7784641533407,0.2,40,reviewed,tx,tx
2024-09-25T22:10:36.580Z,31.605,-103.962,8.407,2.5,ml,12,56,0,0.1,tx,tx2024sxiw,2024-12-06T19:30:15.040Z,"35 km NNW of Toyah, Texas",earthquake,0.55198934495081,0.79943653863718,0.1,16,reviewed,tx,tx
2024-09-25T17:25:13.735Z,31.578,-103.939,6.7664,2.5,ml,16,75,0,0.1,tx,tx2024swzn,2024-12-06T19:30:15.040Z,"32 km NNW of Toyah, Texas",earthquake,0.55424323836761,0.72729251417751,0.1,8,reviewed,tx,tx
2024-09-25T09:48:09.206Z,31.666,-104.375,6.5613,2.5,ml,22,69,0,0.2,tx,tx2024swkf,2024-12-06T19:30:15.040Z,"56 km S of Whites City, New Mexico",earthquake,0.74240264905584,0.85709645039724,0.1,18,reviewed,tx,tx
2024-09-24T06:45:48.654Z,31.563,-104.108,7.2278,2.8,ml,24,64,0,0.2,tx,tx2024suis,2024-12-06T19:30:13.040Z,"40 km NW of Toyah, Texas",earthquake,0.93818190315778,0.66134996715124,0.1,36,reviewed,tx,tx
2024-09-23T10:14:15.059Z,32.422,-102.068,8.4717,2.9,ml,26,80,0,0.1,tx,tx2024ssub,2024-12-06T19:30:12.040Z,"35 km WSW of Ackerly, Texas",earthquake,0.4797854482183,0.50748938151392,0.2,48,reviewed,tx,tx
2024-09-23T00:17:21.081Z,32.222,-102.004,7.7393,2.6,ml,43,64,0.1,0.1,tx,tx2024ssak,2024-12-06T19:30:12.040Z,"22 km WNW of Stanton, Texas",earthquake,0.28662207705493,0.9995705748828,0.1,49,reviewed,tx,tx
2024-09-22T08:48:13.699Z,31.656,-104.397,5.7922,3.4,ml,26,71,0,0.1,tx,tx2024sqvt,2024-11-23T23:26:46.040Z,"57 km S of Whites City, New Mexico",earthquake,0.77638545709685,0.68617074068051,0.2,38,reviewed,tx,tx
2024-09-21T09:27:00.178Z,32.411,-102.062,8.0566,2.9,ml,38,48,0,0.1,tx,tx2024spbr,2024-11-23T23:26:33.040Z,"34 km WSW of Ackerly, Texas",earthquake,0.52826794303648,0.58688595158988,0.2,40,reviewed,tx,tx
2024-09-21T09:25:12.189Z,32.409,-102.055,5.8838,2.7,ml,14,73,0.1,0.1,tx,tx2024spbn,2024-11-23T23:26:33.040Z,"34 km WSW of Ackerly, Texas",earthquake,0.67201723304364,1.3562597635408,0.2,42,reviewed,tx,tx
2024-09-20T16:58:55.483Z,31.705,-101.715,9.8145,3.1,ml,24,60,0.1,0.1,tx,tx2024snux,2024-11-23T23:26:26.040Z,"28 km SW of Garden City, Texas",earthquake,0.6255305743981,0.77260098872261,0.2,42,reviewed,tx,tx
2024-09-20T07:17:51.619Z,32.418,-102.064,8.667,2.5,ml,39,50,0,0.1,tx,tx2024snbt,2024-11-23T23:26:16.040Z,"34 km WSW of Ackerly, Texas",earthquake,0.40485866977852,0.45034478136552,0.2,36,reviewed,tx,tx
2024-09-17T17:27:47.895Z,31.566,-104.103,6.0999,2.6,ml,37,64,0,0.1,tx,tx2024sijn,2024-11-23T23:25:44.040Z,"40 km NW of Toyah, Texas",earthquake,0.47261454068291,0.29767343482108,0.2,68,reviewed,tx,tx
2024-09-17T05:46:35.528Z,32.407,-102.044,8.5205,2.9,ml,31,68,0.1,0.1,tx,tx2024shmf,2024-11-23T23:27:26.040Z,"33 km WSW of Ackerly, Texas",earthquake,0.47934067943094,0.51584175993597,0,7,reviewed,tx,tx
2024-09-17T00:53:24.104Z,32.416,-102.055,6.8604,2.9,ml,21,75,0,0.1,tx,tx2024sjiovu,2024-12-11T15:25:27.758Z,"34 km WSW of Ackerly, Texas",earthquake,0.64830111306388,0.91885941001419,0.2,9,reviewed,tx,tx
2024-09-17T00:49:42.183Z,32.411,-102.057,6.1279,5.1,ml,24,38,0,0.1,tx,tx2024shcj,2025-10-17T17:02:13.680Z,"2024 North of Tarzan, Texas Earthquake",earthquake,0.39816164788025,1.1197002263205,0.2,36,reviewed,tx,tx
2024-09-16T23:49:31.521Z,31.565,-104.107,5.8435,2.9,ml,30,63,0,0.2,tx,tx2024shal,2024-11-23T23:27:23.040Z,"40 km NW of Toyah, Texas",earthquake,0.64165106416426,0.44988984423712,0.1,37,reviewed,tx,tx
2024-09-14T17:04:56.977Z,31.643,-104.462,8.1506,2.7,ml,31,67,0,0.2,tx,tx2024scwe,2024-11-21T22:58:58.040Z,"59 km S of Whites City, New Mexico",earthquake,0.66731196253661,0.76504154393727,0.1,35,reviewed,tx,tx
2024-09-14T17:03:13.564Z,31.652,-104.456,6.8689,2.8,ml,16,86,0,0.2,tx,tx2024scwd,2024-11-21T22:58:58.040Z,"58 km S of Whites City, New Mexico",earthquake,1.2856594917633,0.89627961567896,0.1,15,reviewed,tx,tx
2024-09-14T17:01:06.539Z,31.653,-104.447,6.2024,3.9,ml,38,65,0,0.1,tx,tx2024scvz,2024-11-21T22:58:57.040Z,"58 km S of Whites City, New Mexico",earthquake,0.85125312114013,0.64666037497562,0.2,51,reviewed,tx,tx
2024-09-14T03:51:06.392Z,31.674,-104.424,6.6638,2.6,ml,31,65,0,0.1,tx,tx2024sbvx,2024-11-21T22:58:57.040Z,"55 km S of Whites City, New Mexico",earthquake,0.66261507680624,0.62502302373816,0.2,48,reviewed,tx,tx
2024-09-12T14:34:44.695Z,32.408,-102.054,9.2285,2.8,ml,16,84,0,0.1,tx,tx2024rzad,2025-06-22T20:44:44.359Z,"34 km WSW of Ackerly, Texas",earthquake,0.70355891331951,1.6549369984899,0.2,12,reviewed,tx,tx
2024-09-10T20:13:15.520Z,31.662,-104.365,7.0227,2.7,ml,23,69,0.1,0.3,tx,tx2024rvui,2024-11-21T22:58:55.040Z,"56 km S of Whites City, New Mexico",earthquake,0.95401207737609,1.1086908578298,0.2,18,reviewed,tx,tx
2024-09-10T18:03:00.826Z,31.666,-104.355,6.1511,3.8,ml,32,66,0.1,0.2,tx,tx2024rvqa,2024-11-21T22:58:55.040Z,"56 km S of Whites City, New Mexico",earthquake,0.69131082548895,0.91344108479223,0.1,24,reviewed,tx,tx
2024-09-10T16:34:26.943Z,32.764,-100.664,7.2998,2.5,ml,13,49,0.1,0.1,tx,tx2024rvnc,2024-11-21T22:58:55.040Z,"16 km NNE of Hermleigh, Texas",earthquake,0.75057062469356,1.5112373016242,0.1,31,reviewed,tx,tx
2024-09-08T02:37:22.660Z,31.663,-104.452,6.0999,3.8,ml,45,66,0,0.1,tx,tx2024rquq,2024-11-15T16:20:06.040Z,"57 km S of Whites City, New Mexico",earthquake,1.0906218990459,0.69711035625448,0.1,25,reviewed,tx,tx
2024-09-07T05:05:14.684Z,31.629,-104.22,3.3826,2.6,ml,41,66,0.1,0.1,tx,tx2024rpdv,2024-11-15T16:20:02.040Z,"53 km NW of Toyah, Texas",earthquake,0.60067568466511,0.88571647360491,0.1,24,reviewed,tx,tx
2024-09-07T02:07:16.827Z,31.672,-104.402,6.7664,2.5,ml,15,69,0,0.2,tx,tx2024roya,2024-11-15T16:20:01.040Z,"55 km S of Whites City, New Mexico",earthquake,0.88661234569012,0.8623493423649,0.1,24,reviewed,tx,tx
2024-09-06T23:19:19.628Z,31.601,-104.326,6.4331,3.3,ml,45,70,0.1,0.1,tx,tx2024rosl,2024-11-15T16:20:01.040Z,"59 km WNW of Toyah, Texas",earthquake,0.70021966539667,1.0519065252582,0.1,24,reviewed,tx,tx
2024-09-04T21:18:55.883Z,31.606,-103.96,8.3429,2.9,ml,26,49,0,0.1,tx,tx2024rkxm,2024-11-15T16:19:55.040Z,"35 km WSW of Mentone, Texas",earthquake,0.41012094808189,0.48681488022687,0.2,14,reviewed,tx,tx
2024-09-03T10:18:51.614Z,31.695,-104.133,5.7025,2.7,ml,40,42,0.1,0.1,tx,tx2024rigf,2024-11-15T16:19:51.040Z,"50 km W of Mentone, Texas",earthquake,0.49233247505995,0.61672695254642,0.1,25,reviewed,tx,tx
2024-09-02T14:00:40.689Z,32.411,-102.053,7.8369,2.8,ml,22,45,0,0.1,tx,tx2024rgrz,2024-11-15T16:19:48.040Z,"34 km WSW of Ackerly, Texas",earthquake,0.56588116197405,0.88126437122899,0.1,14,reviewed,tx,tx
2024-09-01T10:37:25.609Z,32.108,-102.216,5.9326,2.8,ml,25,36,0,0.1,tx,tx2024repx,2024-11-09T21:19:01.040Z,"17 km NW of Midland, Texas",earthquake,0.72910574488203,1.0498269394571,0.2,42,reviewed,tx,tx
2024-08-31T10:01:04.052Z,31.627,-104.007,6.0999,3.4,ml,25,50,0.1,0.1,tx,tx2024rctc,2024-11-09T21:18:55.040Z,"39 km WSW of Mentone, Texas",earthquake,0.65544981318493,1.1772018502794,0.2,33,reviewed,tx,tx
2024-08-31T07:56:24.998Z,31.667,-104.373,6.0999,3.3,ml,34,69,0.1,0.2,tx,tx2024rcoz,2024-11-09T21:18:53.040Z,"56 km S of Whites City, New Mexico",earthquake,0.86434189678799,1.1177276056335,0.1,26,reviewed,tx,tx
2024-08-30T18:06:33.771Z,31.142,-103.036,2.6648,2.7,ml,18,62,0,0.2,tx,tx2024rbnp,2024-11-09T21:18:49.040Z,"11 km SSE of Coyanosa, Texas",earthquake,0.83253470553381,0.92732369661016,0.2,19,reviewed,tx,tx
2024-08-30T05:00:41.803Z,31.602,-103.986,9.4452,2.7,ml,24,64,0,0.1,tx,tx2024ranr,2024-11-09T21:18:45.040Z,"36 km NNW of Toyah, Texas",earthquake,0.46906746188542,0.5232991975097,0.2,43,reviewed,tx,tx
2024-08-29T20:11:09.835Z,32.337,-101.783,6.1768,2.8,ml,38,41,0,0.2,tx,tx2024qzwf,2024-11-09T21:18:42.040Z,"21 km SSW of Ackerly, Texas",earthquake,0.58753372247808,0.7285536097054,0.2,30,reviewed,tx,tx
2024-08-28T19:58:55.590Z,31.676,-104.371,6.228,3.3,ml,29,68,0.1,0.2,tx,tx2024qyai,2024-11-09T21:18:36.040Z,"55 km S of Whites City, New Mexico",earthquake,1.627790112237,1.4622734019539,0.1,24,reviewed,tx,tx
2024-08-28T19:57:22.208Z,31.663,-104.363,6.7664,3.9,ml,32,57,0.1,0.2,tx,tx2024qyag,2024-11-09T21:18:36.040Z,"56 km S of Whites City, New Mexico",earthquake,0.96338039065603,1.3737558888721,0.2,35,reviewed,tx,tx
2024-08-28T16:50:40.721Z,31.674,-104.375,6.6638,2.5,ml,39,68,0.1,0.1,tx,tx2024qxuc,2024-11-09T21:18:35.040Z,"55 km S of Whites City, New Mexico",earthquake,0.54128436440114,0.74129396881211,0.2,60,reviewed,tx,tx
2024-08-26T13:51:48.872Z,31.675,-104.477,5.6897,2.7,ml,36,55,0,0.2,tx,tx2024qtxg,2024-11-09T21:19:15.040Z,"56 km S of Whites City, New Mexico",earthquake,1.0004485395619,0.62152478350396,0.1,18,reviewed,tx,tx
2024-08-26T01:55:40.428Z,31.616,-103.965,6.9843,2.9,ml,18,68,0,0.1,tx,tx2024qszo,2024-11-09T21:19:12.040Z,"36 km WSW of Mentone, Texas",earthquake,0.38539161578033,0.42247190186704,0.2,16,reviewed,tx,tx
2024-08-25T03:22:50.076Z,31.683,-104.396,4.5618,2.9,ml,12,57,0,0.2,tx,tx2024qrgy,2024-11-02T21:29:03.040Z,"54 km S of Whites City, New Mexico",earthquake,1.4002531649665,1.7791895660671,0.1,30,reviewed,tx,tx
2024-08-23T04:38:52.579Z,31.701,-101.707,9.4238,3.3,ml,28,62,0.1,0.1,tx,tx2024qnsk,2024-11-02T21:28:51.040Z,"28 km SW of Garden City, Texas",earthquake,0.7825237471477,0.78531557102148,0.1,37,reviewed,tx,tx
2024-08-23T03:21:38.866Z,31.659,-104.456,6.0999,3.9,ml,36,66,0,0.1,tx,tx2024qnpx,2024-11-02T21:28:51.040Z,"57 km S of Whites City, New Mexico",earthquake,1.3530056227831,0.81090849347625,0.2,33,reviewed,tx,tx
2024-08-20T16:40:07.600Z,31.668,-104.184,6.5741,3,ml,37,58,0.1,0.1,tx,tx2024qjds,2024-11-02T21:28:32.040Z,"53 km NW of Toyah, Texas",earthquake,0.47829084547448,0.60308969061142,0.2,31,reviewed,tx,tx
2024-08-17T00:08:05.522Z,31.61,-103.96,8.1378,3.1,ml,30,53,0,0.1,tx,tx2024qckj,2024-10-26T15:49:08.040Z,"35 km WSW of Mentone, Texas",earthquake,0.41268187703197,0.38968079612028,0.2,24,reviewed,tx,tx
2024-08-16T21:37:34.037Z,31.618,-103.96,6.3306,2.8,ml,27,80,0.1,0.2,tx,tx2024qcfn,2024-10-26T15:49:05.040Z,"35 km WSW of Mentone, Texas",earthquake,0.75248637843483,2.1555784177396,0.1,37,reviewed,tx,tx
2024-08-15T22:59:30.242Z,31.692,-101.704,8.0078,3.8,ml,18,63,0.1,0.1,tx,tx2024qamq,2024-10-26T15:48:51.040Z,"28 km SW of Garden City, Texas",earthquake,0.64856557377917,1.0179780776222,0.2,30,reviewed,tx,tx
2024-08-15T15:50:03.818Z,31.7,-104.483,5.946,2.5,ml,24,89,0,0.2,tx,tx2024pzyn,2024-10-26T15:48:45.040Z,"53 km S of Whites City, New Mexico",earthquake,0.96383210589168,0.70459424652984,0.2,24,reviewed,tx,tx
2024-08-15T12:31:12.928Z,32.767,-100.613,5.4199,2.8,ml,25,54,0,0.1,tx,tx2024pzsb,2024-10-26T15:48:43.040Z,"16 km SW of Rotan, Texas",earthquake,0.86488767929801,1.1128194963007,0.1,14,reviewed,tx,tx
2024-08-15T05:25:50.575Z,32.6546,-104.3926,4.856,2.7,ml,33,81,0.493,0.35,us,us7000n73u,2024-10-26T15:48:38.040Z,"12 km S of Atoka, New Mexico",earthquake,3.03,6.187,0.081,20,reviewed,us,us
2024-08-15T05:06:11.879Z,32.6346,-104.3888,5,2.6,ml,32,81,0.481,0.47,us,us7000n73p,2024-10-26T15:48:37.040Z,"14 km S of Atoka, New Mexico",earthquake,2.41,1.962,0.077,22,reviewed,us,us
2024-08-14T20:18:37.269Z,32.5765,-104.2815,5,2.5,ml,25,105,0.374,0.45,us,us6000nk72,2024-10-26T15:48:00.040Z,"15 km NNW of La Huerta, New Mexico",earthquake,1.33,1.952,0.081,22,reviewed,us,us
2024-08-14T15:52:25.659Z,31.649,-104.299,6.665,3.1,ml,29,68,0,0.1,tx,tx2024pydc,2024-10-26T15:47:55.040Z,"58 km S of Whites City, New Mexico",earthquake,0.51661608981067,0.69742127964751,0.1,30,reviewed,tx,tx
2024-08-14T07:12:29.660Z,32.78,-100.702,3.7842,3.6,ml,13,61,0.1,0.1,tx,tx2024pxly,2024-10-26T15:47:47.040Z,"16 km NNE of Hermleigh, Texas",earthquake,0.70651295489507,1.7990617881696,0.1,18,reviewed,tx,tx
2024-08-13T03:00:27.752Z,32.4248,-104.4585,7.784,2.5,ml,28,92,0.514,0.24,us,us6000njs8,2025-05-04T04:20:16.716Z,"21 km W of Carlsbad, New Mexico",earthquake,1.68,5.829,0.077,22,reviewed,us,us
2024-08-11T01:00:00.988Z,32.758,-100.644,5.7861,3.1,ml,25,50,0.1,0.2,tx,tx2024prne,2024-10-24T17:58:04.040Z,"17 km NE of Hermleigh, Texas",earthquake,0.93755016080554,1.8155875514873,0.1,13,reviewed,tx,tx
2024-08-10T23:41:51.132Z,31.923,-103.413,6.0999,2.6,ml,12,72,0,0.1,tx,tx2024prkp,2024-10-24T17:56:20.040Z,"29 km SW of Jal, New Mexico",earthquake,0.48900718618948,0.62309014836292,0.2,20,reviewed,tx,tx
2024-08-10T20:23:33.433Z,31.92,-103.416,5.5231,2.7,ml,10,73,0,0.1,tx,tx2024preb,2024-10-24T17:56:17.040Z,"29 km NE of Mentone, Texas",earthquake,0.63912087655221,0.97409248465057,0.1,13,reviewed,tx,tx
2024-08-10T13:34:46.336Z,31.691,-101.708,5.9326,3.6,ml,23,63,0.1,0.1,tx,tx2024pqqp,2024-10-24T17:57:59.040Z,"28 km SW of Garden City, Texas",earthquake,0.76399614674657,1.4013477287158,0.2,19,reviewed,tx,tx
2024-08-08T04:09:39.222Z,31.613,-103.993,7.9456,2.8,ml,16,58,0,0.1,tx,tx2024pmgy,2024-10-24T17:57:25.040Z,"38 km NNW of Toyah, Texas",earthquake,0.59450331353971,0.65359249564999,0.1,11,reviewed,tx,tx
2024-08-08T04:09:11.227Z,31.613,-103.996,8.1378,2.9,ml,29,37,0,0.1,tx,tx2024pmgx,2024-10-24T17:57:25.040Z,"38 km NNW of Toyah, Texas",earthquake,0.4328075017155,0.41005292605175,0.1,17,reviewed,tx,tx
2024-08-08T03:11:42.924Z,32.403,-102.053,6.9092,2.6,ml,28,55,0,0.1,tx,tx2024pmfa,2024-10-24T17:57:24.040Z,"34 km WSW of Ackerly, Texas",earthquake,0.49984214671566,1.0900323827244,0,11,reviewed,tx,tx
2024-08-06T13:43:38.926Z,31.668,-104.455,5.5359,2.8,ml,41,64,0,0.1,tx,tx2024pjiv,2024-10-24T17:56:44.040Z,"56 km S of Whites City, New Mexico",earthquake,0.91057494645358,0.53170195090107,0.1,24,reviewed,tx,tx
2024-08-06T13:09:26.746Z,31.667,-104.368,5.741,2.8,ml,18,66,0.1,0.2,tx,tx2024pjip,2024-10-24T17:56:43.040Z,"56 km S of Whites City, New Mexico",earthquake,1.4275092571953,1.2916979517043,0,6,reviewed,tx,tx
2024-08-06T12:39:56.604Z,31.669,-104.37,7.3688,2.8,ml,37,69,0.1,0.1,tx,tx2024pjgt,2024-10-24T17:56:43.040Z,"56 km S of Whites City, New Mexico",earthquake,0.52444083435869,0.61202004662241,0.1,37,reviewed,tx,tx
2024-08-05T08:56:57.602Z,31.678,-104.379,5.5872,3.1,ml,51,58,0.1,0.1,tx,tx2024phdx,2024-10-24T17:56:33.040Z,"55 km S of Whites City, New Mexico",earthquake,0.6695483964853,0.92241771000269,0.1,28,reviewed,tx,tx
2024-08-04T02:23:06.135Z,31.674,-104.367,5.9204,2.9,ml,50,57,0.1,0.1,tx,tx2024pevk,2024-10-11T19:39:10.040Z,"55 km S of Whites City, New Mexico",earthquake,0.66183073002025,0.74765469230067,0.1,29,reviewed,tx,tx
2024-08-04T02:04:19.049Z,31.672,-104.367,5.6384,2.6,ml,39,57,0.1,0.1,tx,tx2024peuv,2024-10-11T19:39:10.040Z,"55 km S of Whites City, New Mexico",earthquake,0.70734024276732,0.88004591868335,0.2,23,reviewed,tx,tx
2024-08-03T23:52:05.716Z,31.663,-104.449,5.8435,2.6,ml,21,87,0,0.2,tx,tx2024peqk,2024-10-11T19:39:10.040Z,"57 km S of Whites City, New Mexico",earthquake,0.80351259567646,0.41521445616422,0.1,21,reviewed,tx,tx
2024-08-03T18:35:24.366Z,31.673,-104.373,6.4075,3.3,ml,46,57,0.1,0.1,tx,tx2024pefy,2024-10-11T19:39:10.040Z,"55 km S of Whites City, New Mexico",earthquake,0.76402471560749,0.8097307963153,0.1,27,reviewed,tx,tx
2024-08-03T17:24:28.328Z,31.664,-104.365,6.2537,3.4,ml,39,57,0.1,0.1,tx,tx2024pedq,2024-10-11T19:39:10.040Z,"56 km S of Whites City, New Mexico",earthquake,0.77760394197767,0.78041658238813,0.1,22,reviewed,tx,tx
2024-08-03T16:54:23.508Z,31.67,-104.368,4.5105,2.5,ml,32,57,0.1,0.1,tx,tx2024pect,2024-10-11T19:39:10.040Z,"56 km S of Whites City, New Mexico",earthquake,0.76644853049139,1.1114902811553,0.1,18,reviewed,tx,tx
2024-08-03T16:48:58.605Z,31.671,-104.368,5.946,3,ml,36,57,0.1,0.1,tx,tx2024pecl,2024-10-11T19:39:10.040Z,"55 km S of Whites City, New Mexico",earthquake,0.88977814423141,0.9295255194146,0.2,19,reviewed,tx,tx
2024-08-02T18:51:46.752Z,31.618,-104.114,6.2665,2.7,ml,54,53,0,0.2,tx,tx2024pcla,2024-10-11T19:39:09.040Z,"45 km NW of Toyah, Texas",earthquake,0.50097893825632,0.49059401715573,0.1,22,reviewed,tx,tx
2024-08-02T15:58:45.786Z,31.669,-104.346,7.074,2.9,ml,53,68,0.1,0.2,tx,tx2024pcfh,2024-10-11T19:39:08.040Z,"56 km S of Whites City, New Mexico",earthquake,0.67811883627472,0.81358058414768,0.1,25,reviewed,tx,tx
2024-08-02T15:18:38.180Z,31.678,-104.415,8.9197,3.1,ml,59,56,0,0.2,tx,tx2024pcdy,2024-10-11T19:39:08.040Z,"55 km S of Whites City, New Mexico",earthquake,0.76868585448361,0.82061337074501,0.1,46,reviewed,tx,tx
2024-08-02T06:01:48.448Z,31.667,-104.377,8.7146,2.7,ml,49,69,0,0.2,tx,tx2024pblp,2024-10-11T19:39:08.040Z,"56 km S of Whites City, New Mexico",earthquake,0.66904457689765,0.87744834588223,0.1,25,reviewed,tx,tx
2024-08-01T23:05:32.415Z,31.668,-104.341,4.7668,2.5,ml,31,68,0.1,0.1,tx,tx2024paxx,2024-10-11T19:39:08.040Z,"56 km S of Whites City, New Mexico",earthquake,0.7488319849288,0.88328681282734,0.2,18,reviewed,tx,tx
2024-08-01T07:06:22.343Z,32.011,-101.38,9.3018,2.7,ml,23,75,0.2,0.1,tx,tx2024ozsg,2024-10-11T19:39:07.040Z,"11 km S of Forsan, Texas",earthquake,0.53608713469978,2.7592458110753,0.1,14,reviewed,tx,tx
2024-07-31T23:52:48.204Z,32.2259,-104.5324,7.028,2.5,ml,33,63,0.513,0.32,us,us6000nh8k,2024-10-11T19:39:07.040Z,"15 km WNW of Whites City, New Mexico",earthquake,2.13,1.822,0.066,44,reviewed,us,us
2024-07-31T14:57:07.617Z,32.414,-102.091,7.9346,2.9,ml,17,56,0,0.2,tx,tx2024oymg,2024-10-11T19:39:07.040Z,"37 km WSW of Ackerly, Texas",earthquake,0.76656665224619,0.83622870875504,0.2,29,reviewed,tx,tx
2024-07-30T17:43:08.464Z,32.744,-100.649,8.1299,3.8,ml,29,81,0.1,0.2,tx,tx2024owwf,2024-10-11T19:39:07.040Z,"15 km NE of Hermleigh, Texas",earthquake,1.4843235652184,1.6950772200399,0.1,24,reviewed,tx,tx
2024-07-30T16:53:08.508Z,31.675,-104.193,7.3816,3.2,ml,73,61,0.1,0.2,tx,tx2024owuo,2024-10-11T19:39:07.040Z,"55 km NW of Toyah, Texas",earthquake,0.51898913029917,0.73087849887757,0.2,38,reviewed,tx,tx
2024-07-30T07:16:00.560Z,32.129,-101.041,2.0752,3,ml,15,63,0.2,0.1,tx,tx2024owbn,2024-10-11T19:39:06.040Z,"25 km S of Westbrook, Texas",earthquake,1.0844082249704,2.3244783522574,0.1,6,reviewed,tx,tx
2024-07-30T05:31:23.550Z,31.667,-104.362,3.5364,2.5,ml,23,69,0.1,0.1,tx,tx2024ovyc,2024-10-11T19:39:06.040Z,"56 km S of Whites City, New Mexico",earthquake,0.89373032149689,1.2745794098744,0.1,13,reviewed,tx,tx
2024-07-29T22:46:11.938Z,32.766,-100.659,7.9346,2.6,ml,16,79,0.1,0.1,tx,tx2024ovks,2024-10-11T19:39:06.040Z,"17 km NNE of Hermleigh, Texas",earthquake,0.6687538397952,0.84752048197841,0.1,20,reviewed,tx,tx
2024-07-29T21:04:25.600Z,32.334,-101.077,8.9111,2.7,ml,17,73,0.2,0.1,tx,tx2024ovhj,2024-10-11T19:39:06.040Z,"6 km WSW of Westbrook, Texas",earthquake,1.4542417022059,2.1033656200091,0.1,11,reviewed,tx,tx
2024-07-27T23:19:57.282Z,32.223,-103.093,3.2154,3.2,ml,57,34,0.1,0.5,tx,tx2024oruv,2024-10-08T21:49:13.005Z,"15 km NE of Jal, New Mexico",earthquake,0,1.2491210699081,0.1,38,reviewed,tx,tx
2024-07-27T23:08:29.989Z,32.785,-100.682,4.0527,2.9,ml,16,41,0.1,0.2,tx,tx2024orul,2024-10-08T21:49:13.005Z,"18 km NNE of Hermleigh, Texas",earthquake,1.4359093042989,1.7356583164622,0.1,17,reviewed,tx,tx
2024-07-27T21:12:08.040Z,32.781,-100.695,7.5684,2.8,ml,10,90,0.1,0.2,tx,tx2024orqp,2024-10-08T21:49:13.005Z,"17 km NNE of Hermleigh, Texas",earthquake,1.0677892591563,2.4120535842104,0.1,15,reviewed,tx,tx
2024-07-27T21:08:31.409Z,32.744,-100.696,3.4424,4.5,ml,44,38,0.1,0.3,tx,tx2024orqm,2024-10-09T00:18:00.572Z,"13 km NNE of Hermleigh, Texas",earthquake,1.6034596516964,1.6350194811015,0.1,33,reviewed,tx,tx
2024-07-27T14:40:23.903Z,32.764,-100.653,6.8604,2.5,ml,16,79,0.1,0.1,tx,tx2024ords,2024-10-08T21:49:08.005Z,"17 km NE of Hermleigh, Texas",earthquake,0.99770950579559,1.2278347123369,0.1,28,reviewed,tx,tx
2024-07-27T10:24:33.174Z,32.777,-100.707,7.0557,2.6,ml,26,76,0.1,0.2,tx,tx2024oqvg,2024-10-08T21:49:08.005Z,"16 km NNE of Hermleigh, Texas",earthquake,0.96233616965966,1.5678013949509,0.1,24,reviewed,tx,tx
2024-07-26T23:19:56.974Z,31.622,-103.973,6.3947,2.9,ml,31,51,0,0.1,tx,tx2024opzi,2024-10-08T21:49:12.005Z,"36 km WSW of Mentone, Texas",earthquake,0.39583914327233,0.43051024464573,0.2,24,reviewed,tx,tx
2024-07-26T19:40:36.437Z,32.768,-100.696,4.4678,2.9,ml,20,50,0.1,0.3,tx,tx2024opsc,2024-10-08T21:49:12.005Z,"15 km NNE of Hermleigh, Texas",earthquake,1.0428841879393,1.585620383088,0.1,18,reviewed,tx,tx
2024-07-26T16:11:57.560Z,32.755,-100.666,6.8115,2.5,ml,17,88,0.1,0.1,tx,tx2024oplm,2024-10-08T21:49:08.005Z,"15 km NNE of Hermleigh, Texas",earthquake,0.75365822456543,1.0967806475833,0.1,27,reviewed,tx,tx
2024-07-26T15:44:58.694Z,32.762,-100.662,3.2959,2.7,ml,21,52,0.3,0.3,tx,tx2024opla,2024-10-08T21:49:12.005Z,"16 km NNE of Hermleigh, Texas",earthquake,1.3802541554851,2.2954433655878,0.1,19,reviewed,tx,tx
2024-07-26T14:40:34.114Z,32.769,-100.659,4.1748,3.3,ml,15,53,0.1,0.2,tx,tx2024opin,2024-10-08T21:49:12.005Z,"17 km NNE of Hermleigh, Texas",earthquake,1.5784080312579,1.893002752749,0.2,22,reviewed,tx,tx
2024-07-26T14:34:40.755Z,32.766,-100.668,7.6416,2.6,ml,15,52,0.1,0.1,tx,tx2024opid,2024-10-08T21:49:09.005Z,"16 km NNE of Hermleigh, Texas",earthquake,0.83600045484123,1.3322958894433,0.2,5,reviewed,tx,tx
2024-07-26T14:32:42.311Z,32.753,-100.679,8.4717,3,ml,12,79,0.1,0.1,tx,tx2024opib,2024-10-08T21:49:12.005Z,"15 km NNE of Hermleigh, Texas",earthquake,0.57670526018712,0.96130410919399,0.2,8,reviewed,tx,tx
2024-07-26T14:28:29.143Z,32.766,-100.659,3.2959,5.1,ml,38,30,0.1,0.3,tx,tx2024ophu,2025-07-26T14:38:42.328Z,"17 km NNE of Hermleigh, Texas",earthquake,1.7481024574265,1.5279342440951,0.1,43,reviewed,tx,tx
2024-07-26T10:23:31.619Z,32.2889,-104.6318,8.626,2.7,ml,32,88,0.618,0.48,us,us6000ng3g,2024-10-08T21:49:12.005Z,"27 km WNW of Whites City, New Mexico",earthquake,2.13,8.536,0.055,64,reviewed,us,us
2024-07-25T15:29:11.811Z,32.773,-100.679,2.1729,2.6,ml,21,51,0.1,0.3,tx,tx2024onoh,2024-10-08T21:49:12.005Z,"17 km NNE of Hermleigh, Texas",earthquake,1.3393110687455,1.8647490998026,0.2,16,reviewed,tx,tx
2024-07-25T04:15:19.790Z,32.751,-100.657,7.7881,2.5,ml,14,80,0.1,0.1,tx,tx2024omsb,2024-10-08T21:49:08.005Z,"16 km NE of Hermleigh, Texas",earthquake,0.58574361052261,0.88562269050949,0.1,23,reviewed,tx,tx
2024-07-25T03:14:58.494Z,32.753,-100.659,7.9834,2.7,ml,13,68,0.1,0.1,tx,tx2024omqa,2024-10-08T21:49:08.005Z,"16 km NE of Hermleigh, Texas",earthquake,0.85989431104543,1.0682123589675,0.1,19,reviewed,tx,tx
2024-07-25T02:57:42.991Z,32.768,-100.683,3.0029,4,ml,33,56,0.1,0.4,tx,tx2024ompo,2024-10-09T00:45:44.657Z,"16 km NNE of Hermleigh, Texas",earthquake,1.7254234701009,1.1814816804956,0.1,43,reviewed,tx,tx
2024-07-25T01:22:27.346Z,32.76,-100.644,8.7158,3.1,ml,16,70,0.1,0.1,tx,tx2024ommk,2024-10-08T21:49:12.005Z,"17 km NE of Hermleigh, Texas",earthquake,1.1779568581468,1.6061926994837,0.1,24,reviewed,tx,tx
2024-07-25T00:20:56.346Z,32.768,-100.679,5.3955,2.6,ml,11,73,0.1,0.2,tx,tx2024omki,2024-10-08T21:49:12.005Z,"16 km NNE of Hermleigh, Texas",earthquake,1.1839023252274,2.3551602240541,0.2,16,reviewed,tx,tx
2024-07-24T20:45:55.606Z,32.769,-100.668,3.7354,3.4,ml,17,53,0.1,0.2,tx,tx2024omdf,2024-10-08T21:49:11.005Z,"17 km NNE of Hermleigh, Texas",earthquake,0.9398502936247,1.6368798936421,0.2,19,reviewed,tx,tx
2024-07-24T16:48:29.893Z,32.765,-100.714,6.1523,3.1,ml,32,56,0.1,0.2,tx,tx2024olvk,2024-10-08T21:49:11.005Z,"15 km NNE of Hermleigh, Texas",earthquake,1.2837739178936,1.3491417941026,0.2,31,reviewed,tx,tx
2024-07-24T04:44:22.179Z,31.676,-104.41,5.4333,3.4,ml,50,56,0,0.2,tx,tx2024okxn,2024-10-08T21:49:11.005Z,"55 km S of Whites City, New Mexico",earthquake,0.96567788900999,1.0631241971262,0.2,38,reviewed,tx,tx
2024-07-23T20:07:15.158Z,31.623,-104.004,7.5867,2.8,ml,26,41,0,0.1,tx,tx2024okgl,2024-10-08T21:49:10.005Z,"39 km WSW of Mentone, Texas",earthquake,0.8439317450477,0.83896516460504,0.2,36,reviewed,tx,tx
2024-07-23T18:50:38.922Z,31.615,-103.995,7.8046,2.5,ml,30,37,0,0.1,tx,tx2024okec,2024-10-08T21:49:07.005Z,"38 km NNW of Toyah, Texas",earthquake,0.3981938033582,0.45313489073738,0.1,19,reviewed,tx,tx
2024-07-23T12:19:26.449Z,32.764,-100.64,4.0771,3,ml,29,52,0.1,0.2,tx,tx2024ojrb,2024-10-08T21:49:10.005Z,"18 km NE of Hermleigh, Texas",earthquake,0.89165231790436,1.8065471751019,0.1,14,reviewed,tx,tx
2024-07-23T08:22:10.928Z,31.686,-104.401,6.0999,2.6,ml,25,58,0,0.2,tx,tx2024ojjo,2024-10-08T21:49:10.005Z,"54 km S of Whites City, New Mexico",earthquake,0.76219887167971,0.70133845355069,0.1,20,reviewed,tx,tx
2024-07-23T06:50:27.877Z,31.692,-104.413,5.8435,3.2,ml,31,60,0,0.3,tx,tx2024ojhb,2024-10-08T21:49:10.005Z,"53 km S of Whites City, New Mexico",earthquake,0.81503797938429,0.68412987535873,0.2,25,reviewed,tx,tx
2024-07-23T06:41:47.618Z,31.692,-104.419,4.9719,2.7,ml,23,57,0,0.2,tx,tx2024ojgt,2024-10-08T21:49:10.005Z,"53 km S of Whites City, New Mexico",earthquake,0.87259709673028,1.2918758983701,0.1,7,reviewed,tx,tx
2024-07-23T04:56:50.504Z,32.745,-100.656,7.666,3.1,ml,19,57,0.1,0.2,tx,tx2024ojdc,2024-10-08T21:49:10.005Z,"15 km NE of Hermleigh, Texas",earthquake,0.9723155894909,1.7975708194325,0.1,12,reviewed,tx,tx
2024-07-23T03:46:25.342Z,32.764,-100.679,3.2959,4.4,ml,25,56,0.1,0.3,tx,tx2024ojad,2024-10-09T01:28:19.215Z,"16 km NNE of Hermleigh, Texas",earthquake,1.4786369398208,1.7377573127246,0.2,37,reviewed,tx,tx
2024-07-23T03:43:21.329Z,32.769,-100.664,2.6611,2.8,ml,14,78,0.1,0.2,tx,tx2024ojaa,2024-10-08T21:49:10.005Z,"17 km NNE of Hermleigh, Texas",earthquake,1.3056973564008,2.4586445394415,0.1,6,reviewed,tx,tx
2024-07-23T03:38:42.943Z,32.766,-100.659,3.1982,4.9,ml,37,48,0.1,0.4,tx,tx2024oizv,2025-02-28T19:40:13.669Z,"17 km NNE of Hermleigh, Texas",earthquake,1.255270858143,1.4674164174733,0.1,53,reviewed,tx,tx
2024-07-23T02:31:04.397Z,31.676,-104.407,5.5872,4.2,ml,35,56,0,0.2,tx,tx2024oixr,2025-02-25T02:41:10.165Z,"55 km S of Whites City, New Mexico",earthquake,0.82012059875584,0.85115187278401,0.2,35,reviewed,tx,tx
2024-07-23T02:30:25.546Z,31.674,-104.409,5.5359,2.5,ml,24,66,0,0.2,tx,tx2024oixp,2024-10-08T21:49:10.005Z,"55 km S of Whites City, New Mexico",earthquake,1.1081701176825,1.1381700577253,0.1,18,reviewed,tx,tx
2024-07-22T04:10:27.952Z,31.659,-104.461,6.0999,2.5,ml,24,71,0,0.2,tx,tx2024ohfk,2024-10-08T21:49:16.005Z,"57 km S of Whites City, New Mexico",earthquake,1.4259574082855,0.88934440051248,0.2,30,reviewed,tx,tx
2024-07-19T11:21:20.013Z,32.33,-101.077,8.6182,3.6,ml,34,44,0.2,0.1,tx,tx2024ochc,2024-10-09T02:16:19.604Z,"6 km WSW of Westbrook, Texas",earthquake,0.64712780566325,1.5228806177499,0.2,28,reviewed,tx,tx
2024-07-19T04:12:30.486Z,32.151,-101.055,8.9355,2.5,ml,13,70,0.2,0.1,tx,tx2024obsy,2024-09-28T22:42:28.040Z,"22 km S of Westbrook, Texas",earthquake,0.80071945475826,2.3748658743663,0.2,31,reviewed,tx,tx
2024-07-18T13:45:41.231Z,31.608,-103.971,8.5223,2.7,ml,23,57,0,0.1,tx,tx2024oaqi,2024-09-28T22:42:20.040Z,"36 km NNW of Toyah, Texas",earthquake,0.35203514820052,0.45748762241037,0.2,29,reviewed,tx,tx
2024-07-17T16:04:16.408Z,31.688,-104.423,6.1127,2.5,ml,33,60,0,0.1,tx,tx2024nyzk,2024-09-28T22:42:10.040Z,"54 km S of Whites City, New Mexico",earthquake,0.56046975971912,0.47056119808681,0.2,33,reviewed,tx,tx
2024-07-17T04:41:41.021Z,32.22,-101.991,8.1787,2.9,ml,16,61,0.1,0.1,tx,tx2024nycy,2025-04-08T09:52:19.719Z,"21 km WNW of Stanton, Texas",earthquake,0.61717325105261,0.84327734696563,0.2,24,reviewed,tx,tx
2024-07-17T00:25:36.912Z,32.22,-101.988,6.9092,2.5,ml,21,61,0,0.1,tx,tx2024nxum,2024-09-28T22:42:06.040Z,"21 km WNW of Stanton, Texas",earthquake,0.52118326893931,0.7236626501877,0,6,reviewed,tx,tx
2024-07-16T17:06:27.373Z,31.572,-104.026,7.3944,2.7,ml,14,74,0,0.1,tx,tx2024nxfy,2024-09-28T22:40:36.040Z,"36 km NW of Toyah, Texas",earthquake,0.55681809870987,0.47007262779318,0.2,12,reviewed,tx,tx
2024-07-14T19:31:37.975Z,31.654,-104.467,6.0999,2.8,ml,16,72,0,0.2,tx,tx2024nttu,2024-09-20T16:00:56.040Z,"58 km S of Whites City, New Mexico",earthquake,1.5773053682148,0.91419654830407,0.2,13,reviewed,tx,tx
2024-07-14T06:44:24.690Z,31.675,-104.394,6.7407,2.8,ml,29,66,0,0.2,tx,tx2024nsum,2024-09-20T16:00:56.040Z,"55 km S of Whites City, New Mexico",earthquake,0.66890622420982,0.67670157913185,0.2,28,reviewed,tx,tx
2024-07-07T20:01:17.337Z,31.606,-103.96,8.5223,2.5,ml,17,56,0,0.1,tx,tx2024nhaf,2024-09-12T21:52:30.040Z,"35 km WSW of Mentone, Texas",earthquake,0.40088144484489,0.4595086544334,0.2,27,reviewed,tx,tx
2024-07-06T07:00:22.263Z,31.682,-104.42,5.5359,3.1,ml,37,62,0,0.1,tx,tx2024neey,2024-09-12T21:52:29.040Z,"54 km S of Whites City, New Mexico",earthquake,0.73955234363336,0.71492580099471,0.1,19,reviewed,tx,tx
2024-07-03T00:10:15.645Z,31.672,-104.19,6.7151,2.8,ml,33,68,0.1,0.1,tx,tx2024myex,2024-09-12T21:52:26.040Z,"54 km NW of Toyah, Texas",earthquake,0.49494054272205,0.71732624420834,0.2,24,reviewed,tx,tx
2024-07-03T00:06:04.308Z,31.671,-104.198,5.3821,2.7,ml,29,62,0.1,0.1,tx,tx2024myeu,2024-09-12T21:52:28.040Z,"55 km NW of Toyah, Texas",earthquake,0.59765409566883,0.8468477777127,0.1,17,reviewed,tx,tx
2024-07-03T00:04:35.395Z,31.666,-104.19,5.4077,3.5,ml,32,62,0.1,0.1,tx,tx2024myet,2024-10-09T04:09:03.452Z,"54 km NW of Toyah, Texas",earthquake,0.53371629469001,0.80137796295259,0.2,18,reviewed,tx,tx
2024-07-02T23:41:24.994Z,31.666,-104.192,5.1001,2.9,ml,23,62,0.1,0.1,tx,tx2024mydy,2024-09-12T21:52:26.040Z,"54 km NW of Toyah, Texas",earthquake,0.60661441178209,1.400419583423,0.1,14,reviewed,tx,tx
2024-07-02T23:39:59.741Z,31.67,-104.189,5.946,3.7,ml,32,61,0.1,0.1,tx,tx2024mydx,2024-10-09T04:03:22.223Z,"54 km NW of Toyah, Texas",earthquake,0.58172969848798,0.72355251524402,0.1,19,reviewed,tx,tx
2024-07-02T22:58:37.992Z,31.671,-104.193,5.9204,3.1,ml,36,61,0.1,0.1,tx,tx2024mycm,2024-09-12T21:52:26.040Z,"54 km NW of Toyah, Texas",earthquake,0.58050872613687,0.71607135575819,0.2,18,reviewed,tx,tx
2024-07-02T22:54:00.250Z,31.669,-104.192,5.6384,2.5,ml,31,61,0.1,0.1,tx,tx2024mycj,2024-09-12T21:52:24.040Z,"54 km NW of Toyah, Texas",earthquake,0.62849905456799,0.84322196564003,0.1,19,reviewed,tx,tx
2024-07-02T14:49:23.638Z,31.73,-104.515,4.5105,2.8,ml,39,58,0,0.1,tx,tx2024mxmk,2024-09-12T21:52:26.040Z,"51 km SSW of Whites City, New Mexico",earthquake,1.2313242348162,0.56747723031858,0.2,22,reviewed,tx,tx
2024-06-30T16:37:48.687Z,31.519,-104.015,7.7917,2.5,ml,13,66,0,0.1,tx,tx2024mtyz,2025-05-17T05:41:06.342Z,"30 km NW of Toyah, Texas",earthquake,0.65047999748603,0.57102121003013,0.2,12,reviewed,tx,tx
2024-06-29T04:49:50.082Z,31.944,-103.37,6.7151,2.8,ml,10,80,0,0.1,tx,tx2024mrgc,2025-05-17T05:41:15.806Z,"25 km SW of Jal, New Mexico",earthquake,1.1712832493344,0.83779542504028,0.2,22,reviewed,tx,tx
2024-06-28T12:43:24.498Z,31.618,-104.116,5.9589,2.5,ml,29,56,0,0.1,tx,tx2024mqag,2024-09-04T21:57:43.040Z,"45 km NW of Toyah, Texas",earthquake,0.41655312112459,0.39384678906878,0.2,25,reviewed,tx,tx
2024-06-27T22:24:10.564Z,32.585,-104.408,5,2.6,ml,37,79,0.476,0.46,us,us6000n8rx,2024-09-04T21:57:42.040Z,"20 km S of Atoka, New Mexico",earthquake,2.23,1.951,0.077,22,reviewed,us,us
2024-06-27T05:34:50.509Z,31.558,-104.017,7.9071,2.9,ml,14,62,0,0.1,tx,tx2024mnqo,2024-09-04T21:57:42.040Z,"34 km NW of Toyah, Texas",earthquake,0.54432100849043,0.48436170430277,0.2,31,reviewed,tx,tx
2024-06-26T23:08:56.879Z,32.141,-101.075,7.8369,3.3,ml,19,68,0.2,0.1,tx,tx2024mndy,2024-09-04T21:57:42.040Z,"24 km SSW of Westbrook, Texas",earthquake,0.8019735440164,2.4403312200462,0.2,31,reviewed,tx,tx
2024-06-26T22:54:33.995Z,35.195,-101.671,17.1387,2.8,ml,11,92,0.3,0.2,tx,tx2024mndk,2024-09-04T21:57:42.040Z,"14 km ESE of Amarillo, Texas",earthquake,7.2448850325115,6.9349275204527,0.2,6,reviewed,tx,tx
2024-06-26T16:46:13.704Z,31.67,-104.349,6.0999,2.7,ml,21,68,0.1,0.2,tx,tx2024mmrg,2024-09-04T21:57:41.040Z,"56 km S of Whites City, New Mexico",earthquake,1.0019970247755,0.90468057980281,0.2,46,reviewed,tx,tx
2024-06-24T13:53:47.361Z,31.751,-101.86,7.2998,2.6,ml,17,68,0.1,0.1,tx,tx2024miuo,2024-09-04T21:57:39.040Z,"34 km SE of Midland, Texas",earthquake,1.0485936085336,2.2346721029976,0.2,25,reviewed,tx,tx
2024-06-24T09:03:08.444Z,31.952,-103.371,5.8948,2.7,ml,20,67,0.1,0.1,tx,tx2024mikz,2024-09-04T21:57:39.040Z,"24 km SW of Jal, New Mexico",earthquake,0.77966680497649,1.530525539205,0.2,41,reviewed,tx,tx
2024-06-23T13:21:58.148Z,32.01,-100.732,8.5693,3.3,ml,25,58,0.3,0.2,tx,tx2024mgxx,2024-08-30T18:17:06.040Z,"26 km WNW of Robert Lee, Texas",earthquake,1.9003878223095,1.5578152900827,0.1,24,reviewed,tx,tx
2024-06-21T04:10:33.593Z,32.6315,-104.3825,5,3.1,ml,30,81,0.475,0.44,us,us7000mtqr,2024-08-30T18:17:11.040Z,"15 km S of Atoka, New Mexico",earthquake,1.96,1.976,0.083,19,reviewed,us,us
2024-06-20T08:45:51.054Z,32.5509,-104.3787,8.702,3.2,ml,31,78,0.442,0.3,us,us7000mtk0,2024-08-30T18:17:11.040Z,"19 km NW of La Huerta, New Mexico",earthquake,2.27,8.486,0.074,24,reviewed,us,us
2024-06-20T04:21:55.527Z,30.943,-103.378,1.0754,2.7,ml,21,69,0.1,0.2,tx,tx2024matr,2024-08-30T18:17:08.040Z,"35 km E of Balmorhea, Texas",earthquake,0.85440118873027,1.355019883655,0.1,12,reviewed,tx,tx
2024-06-19T23:31:59.644Z,31.681,-104.183,6.2665,3.4,ml,39,63,0.1,0.1,tx,tx2024makc,2024-10-09T02:41:12.621Z,"54 km NW of Toyah, Texas",earthquake,0.34944725282832,0.54773661621339,0.1,30,reviewed,tx,tx
2024-06-19T09:42:43.767Z,32.411,-102.038,7.7881,3.2,ml,23,80,0.1,0.1,tx,tx2024lziu,2024-09-17T01:18:23.121Z,"32 km WSW of Ackerly, Texas",earthquake,0.70572256204689,1.7741617493182,0.1,30,reviewed,tx,tx
2024-06-19T04:46:59.735Z,31.681,-104.39,4.613,2.5,ml,13,68,0,0.2,tx,tx2024lyyz,2024-08-30T18:17:08.040Z,"54 km S of Whites City, New Mexico",earthquake,0.91109149923182,1.2615169141651,0.2,20,reviewed,tx,tx
2024-06-18T19:53:26.967Z,31.662,-104.306,6.7151,2.9,ml,40,58,0,0.1,tx,tx2024lyhk,2024-08-30T18:17:08.040Z,"57 km S of Whites City, New Mexico",earthquake,0.5757043250286,0.58666809443039,0.2,33,reviewed,tx,tx
2024-06-17T15:08:19.527Z,31.664,-104.312,6.4075,2.7,ml,37,58,0,0.2,tx,tx2024lwcm,2024-08-30T18:17:09.040Z,"57 km S of Whites City, New Mexico",earthquake,0.73078387901601,0.82098267998396,0.2,29,reviewed,tx,tx
2024-06-17T14:34:21.872Z,31.662,-104.313,6.4587,2.5,ml,33,68,0,0.2,tx,tx2024lwbk,2024-08-30T18:17:09.040Z,"57 km S of Whites City, New Mexico",earthquake,0.76103606519848,0.84342912927781,0.2,25,reviewed,tx,tx
2024-06-17T12:49:59.188Z,31.66,-104.302,7.0612,3.1,ml,48,67,0,0.1,tx,tx2024lvxy,2024-08-30T18:17:09.040Z,"57 km S of Whites City, New Mexico",earthquake,0.49277815795041,0.60712051683183,0.2,34,reviewed,tx,tx
2024-06-16T19:36:53.338Z,31.662,-104.301,7.0227,2.7,ml,35,67,0,0.2,tx,tx2024lupx,2024-08-23T18:04:35.040Z,"57 km S of Whites City, New Mexico",earthquake,0.74562819147904,0.92552465990375,0.2,27,reviewed,tx,tx
2024-06-16T18:47:44.392Z,31.68,-104.394,4.9207,3.7,ml,38,65,0,0.2,tx,tx2024luod,2024-10-09T05:58:10.481Z,"54 km S of Whites City, New Mexico",earthquake,0.83074293381358,0.94174689392822,0.2,30,reviewed,tx,tx
2024-06-16T18:46:54.387Z,31.678,-104.393,4.9207,2.5,ml,28,68,0,0.2,tx,tx2024luoe,2025-05-17T05:39:38.910Z,"55 km S of Whites City, New Mexico",earthquake,0.84279004673734,1.0118322852376,0.2,22,reviewed,tx,tx
2024-06-15T17:30:58.613Z,31.682,-104.396,4.7925,2.5,ml,23,68,0,0.2,tx,tx2024lsqg,2024-08-23T18:04:17.040Z,"54 km S of Whites City, New Mexico",earthquake,0.95402186110226,0.99096652826224,0.1,19,reviewed,tx,tx
2024-06-14T00:07:04.484Z,31.7,-104.163,7.3303,2.5,ml,17,52,0.1,0.2,tx,tx2024lpmg,2024-08-23T18:03:53.040Z,"53 km W of Mentone, Texas",earthquake,0.68886043220036,0.98489310491335,0.1,18,reviewed,tx,tx
2024-06-13T11:12:22.697Z,31.706,-101.695,5.6885,2.9,ml,19,61,0.1,0.1,tx,tx2024loms,2024-08-23T18:03:45.040Z,"26 km SW of Garden City, Texas",earthquake,1.1138750667733,1.8541185447214,0.1,44,reviewed,tx,tx
2024-06-11T13:32:38.956Z,31.672,-104.19,5.8948,2.9,ml,43,61,0.1,0.2,tx,tx2024llaj,2024-08-23T18:03:21.040Z,"54 km NW of Toyah, Texas",earthquake,0.56810517114317,0.72875623503712,0.2,34,reviewed,tx,tx
2024-06-11T02:52:08.300Z,32.744,-100.64,6.7627,3.3,ml,26,58,0.1,0.1,tx,tx2024lkfe,2024-08-23T18:03:15.040Z,"16 km NE of Hermleigh, Texas",earthquake,1.1132472538151,1.8556397284797,0.1,22,reviewed,tx,tx
2024-06-11T02:36:30.204Z,32.747,-100.642,7.6416,2.9,ml,18,81,0.1,0.2,tx,tx2024lker,2024-08-23T18:03:14.040Z,"16 km NE of Hermleigh, Texas",earthquake,0.87709002433949,1.8302270469172,0.1,18,reviewed,tx,tx
2024-06-10T07:04:34.627Z,32.404,-102.131,7.0801,3.1,ml,25,62,0,0.1,tx,tx2024lisb,2024-08-23T18:03:05.040Z,"39 km ENE of McKinney Acres, Texas",earthquake,0.47949040088911,0.68876805594277,0.1,15,reviewed,tx,tx
2024-06-09T15:12:53.922Z,32.387,-101.045,6.1768,2.7,ml,13,49,0.2,0.1,tx,tx2024lhmp,2024-08-16T21:59:25.040Z,"4 km NW of Westbrook, Texas",earthquake,0.86982446223292,2.7174176523662,0.1,30,reviewed,tx,tx
2024-06-08T19:37:06.698Z,31.717,-104.271,7.5867,2.6,ml,21,56,0,0.1,tx,tx2024lfzv,2024-08-16T21:59:25.040Z,"51 km S of Whites City, New Mexico",earthquake,0.68810027842329,0.69724388449122,0.1,36,reviewed,tx,tx
2024-06-08T16:55:00.333Z,32.5702,-104.6822,5,2.7,ml,42,39,0.695,0.53,us,us7000mr7i,2024-08-16T21:59:22.040Z,"27 km S of Hope, New Mexico",earthquake,2.32,1.958,0.081,20,reviewed,us,us
2024-06-08T15:55:05.326Z,31.667,-104.376,6.9714,2.5,ml,12,60,0.1,0.2,tx,tx2024lfsn,2024-08-16T21:59:25.040Z,"56 km S of Whites City, New Mexico",earthquake,1.1189321792571,1.5812045744598,0.1,25,reviewed,tx,tx
2024-06-08T12:24:50.693Z,31.667,-104.188,5.6384,2.5,ml,29,61,0.1,0.1,tx,tx2024lflo,2024-08-16T21:59:25.040Z,"54 km NW of Toyah, Texas",earthquake,0.53598581401765,0.84743392299512,0.2,17,reviewed,tx,tx
2024-06-06T06:49:54.363Z,31.66,-104.41,7.1252,3,ml,16,70,0,0.2,tx,tx2024lbjn,2024-08-16T21:59:25.040Z,"57 km S of Whites City, New Mexico",earthquake,1.2382048986311,1.415467261051,0.1,15,reviewed,tx,tx
2024-06-06T06:49:38.697Z,31.634,-104.374,6.51,3.1,ml,35,72,0.1,0.1,tx,tx2024lbjm,2024-08-16T21:59:25.040Z,"60 km S of Whites City, New Mexico",earthquake,0.78377455237692,0.84459774335455,0.1,19,reviewed,tx,tx
2024-06-05T19:57:26.370Z,31.536,-104.009,6.9202,2.6,ml,22,57,0,0.1,tx,tx2024laoa,2024-08-16T21:59:25.040Z,"31 km NW of Toyah, Texas",earthquake,0.78818672466745,0.77417656100008,0.1,12,reviewed,tx,tx
2024-06-04T06:24:52.511Z,31.606,-103.962,7.9456,2.5,ml,16,55,0,0.1,tx,tx2024kxrr,2024-08-16T21:59:25.040Z,"36 km NNW of Toyah, Texas",earthquake,0.46891435188896,0.7046674930902,0.2,10,reviewed,tx,tx
2024-06-03T08:23:58.403Z,31.679,-104.195,6.0358,2.5,ml,26,113,0.1,0.1,tx,tx2024kwac,2024-08-16T21:59:25.040Z,"55 km NW of Toyah, Texas",earthquake,0.4119820297251,0.62117406487259,0.2,25,reviewed,tx,tx
2024-06-02T15:39:47.630Z,31.682,-104.195,7.4457,2.9,ml,22,67,0.1,0.1,tx,tx2024kusz,2024-08-06T20:32:50.040Z,"55 km NW of Toyah, Texas",earthquake,0.48471007649672,0.67171206177702,0.1,21,reviewed,tx,tx
2024-06-02T15:27:51.878Z,31.674,-104.195,6.0999,3.7,ml,24,61,0.1,0.1,tx,tx2024kuso,2024-10-09T07:49:07.438Z,"55 km NW of Toyah, Texas",earthquake,0.43865082796431,0.6319856001864,0.2,43,reviewed,tx,tx
2024-06-02T13:50:00.446Z,31.655,-104.285,6.6382,2.5,ml,12,58,0.1,0.2,tx,tx2024kupj,2024-08-06T20:32:50.040Z,"58 km S of Whites City, New Mexico",earthquake,1.0721062248414,2.3455180558229,0.1,25,reviewed,tx,tx
2024-06-02T09:02:45.654Z,31.667,-104.194,4.3567,2.8,ml,15,58,0.1,0.1,tx,tx2024kufw,2024-08-06T20:32:50.040Z,"54 km NW of Toyah, Texas",earthquake,0.75825997572353,1.7057164938972,0.1,25,reviewed,tx,tx
2024-06-02T05:56:14.054Z,31.675,-104.195,7.074,2.7,ml,49,69,0.1,0.2,tx,tx2024ktzs,2024-08-06T20:32:50.040Z,"55 km NW of Toyah, Texas",earthquake,0.48109089722939,0.63553599353935,0.2,37,reviewed,tx,tx
2024-06-02T03:31:40.448Z,31.603,-103.962,9.176,2.5,ml,18,57,0,0,tx,tx2024ktuw,2024-08-06T20:32:50.040Z,"35 km NNW of Toyah, Texas",earthquake,0.63320795729154,0.68999050386568,0.1,26,reviewed,tx,tx
2024-06-02T00:04:18.041Z,31.693,-104.401,6.2408,3.5,ml,43,56,0,0.1,tx,tx2024ktol,2024-10-09T08:16:40.383Z,"53 km S of Whites City, New Mexico",earthquake,0.56175062238644,0.52145540076478,0.2,35,reviewed,tx,tx
2024-06-01T23:52:25.610Z,31.68,-104.405,5.8948,2.5,ml,18,69,0,0.1,tx,tx2024ktnx,2024-08-06T20:32:50.040Z,"55 km S of Whites City, New Mexico",earthquake,0.85861127422866,1.0076878744054,0.1,19,reviewed,tx,tx
2024-06-01T23:22:58.000Z,31.689,-104.4,5.6384,2.8,ml,24,59,0.1,0.1,tx,tx2024ktmw,2024-08-06T20:32:49.040Z,"54 km S of Whites City, New Mexico",earthquake,0.70374755078995,1.0180208807844,0.2,26,reviewed,tx,tx
2024-06-01T08:52:57.011Z,32.891,-100.909,7.373,3.4,ml,28,52,0,0.2,tx,tx2024kskd,2024-08-06T20:32:49.040Z,"19 km N of Snyder, Texas",earthquake,0.73415268862934,0.66923420122957,0.1,27,reviewed,tx,tx
2024-06-01T04:53:56.372Z,31.69,-104.406,6.087,2.9,ml,36,60,0,0.1,tx,tx2024ksce,2024-08-06T20:32:49.040Z,"53 km S of Whites City, New Mexico",earthquake,0.52260580179829,0.49212623254957,0.1,41,reviewed,tx,tx
2024-05-31T17:10:55.246Z,32.449,-102.064,8.7158,2.5,ml,22,87,0.1,0.1,tx,tx2024krez,2024-08-06T20:32:48.040Z,"32 km SSW of Los Ybanez, Texas",earthquake,0.49452227871045,0.68001801060948,0.2,30,reviewed,tx,tx
2024-05-31T08:04:43.377Z,31.733,-104.118,7.3303,2.6,ml,17,61,0,0.2,tx,tx2024kqmy,2024-08-06T20:32:48.040Z,"49 km W of Mentone, Texas",earthquake,0.87193202817875,1.0161007030223,0.1,25,reviewed,tx,tx
2024-05-29T15:02:37.876Z,31.686,-104.4,6.3049,2.5,ml,29,81,0,0.2,tx,tx2024knjt,2024-08-06T20:32:47.040Z,"54 km S of Whites City, New Mexico",earthquake,0.58093469665644,0.52090521229857,0.2,30,reviewed,tx,tx
2024-05-29T12:46:21.427Z,32.6532,-104.4085,9.177,3.4,ml,32,81,0.504,0.35,us,us7000mnrm,2024-08-06T20:32:47.040Z,"13 km S of Atoka, New Mexico",earthquake,3.05,8.467,0.085,18,reviewed,us,us
2024-05-29T02:26:08.396Z,35.225,-101.751,10.6689,2.6,ml,14,77,0.2,0.2,tx,tx2024kmku,2024-08-06T20:32:47.040Z,"7 km E of Amarillo, Texas",earthquake,1.4010568560076,0.98735001582517,0.2,6,reviewed,tx,tx
2024-05-28T11:51:10.643Z,31.68,-104.187,5.9076,4.1,ml,33,65,0.1,0.1,tx,tx2024klhx,2025-02-18T12:01:15.337Z,"55 km NW of Toyah, Texas",earthquake,0.45566453789829,0.64382736616078,0.2,34,reviewed,tx,tx
2024-05-28T08:25:04.780Z,31.678,-104.185,6.8304,2.9,ml,35,58,0.1,0.1,tx,tx2024klbc,2024-08-06T20:32:46.040Z,"54 km NW of Toyah, Texas",earthquake,0.41449404300164,0.60482095182906,0.2,35,reviewed,tx,tx
2024-05-28T03:18:30.574Z,31.667,-104.182,5.6384,2.6,ml,10,66,0.1,0.1,tx,tx2024kkrf,2024-08-06T20:32:46.040Z,"53 km NW of Toyah, Texas",earthquake,0.72893106074299,1.8881243422631,0.1,19,reviewed,tx,tx
2024-05-28T02:49:32.035Z,31.672,-104.186,5.4846,3.1,ml,19,67,0.1,0.2,tx,tx2024kkqf,2024-08-05T15:27:22.797Z,"54 km NW of Toyah, Texas",earthquake,0.86514061294856,1.7278538470541,0.1,6,reviewed,tx,tx
2024-05-28T02:49:31.582Z,31.6904,-104.189,5,3.2,ml,33,109,0.223,0.48,us,us6000n1du,2024-08-06T20:32:46.040Z,"55 km W of Mentone, Texas",earthquake,0.95,1.616,0.077,67,reviewed,us,us
2024-05-28T02:49:17.627Z,31.668,-104.193,6.0999,2.8,ml,14,70,0.1,0.2,tx,tx2024klxcdq,2024-08-06T20:32:46.040Z,"54 km NW of Toyah, Texas",earthquake,0.84550452565643,1.0498624732109,0.1,10,reviewed,tx,tx
2024-05-28T02:21:37.903Z,32.76,-100.642,7.4951,3.1,ml,17,80,0.1,0.1,tx,tx2024kkpd,2024-08-06T20:32:46.040Z,"17 km NE of Hermleigh, Texas",earthquake,0.58582853498139,0.72065866684068,0.1,26,reviewed,tx,tx
2024-05-28T02:13:31.889Z,31.665,-104.232,4.408,2.5,ml,36,58,0,0.3,tx,tx2024kkox,2024-08-06T20:32:47.040Z,"56 km NW of Toyah, Texas",earthquake,0.84634715184397,1.3025843504363,0.1,15,reviewed,tx,tx
2024-05-28T02:06:11.023Z,31.665,-104.189,6.6125,2.9,ml,12,70,0.1,0.1,tx,tx2024kkoq,2024-08-06T20:32:46.040Z,"54 km NW of Toyah, Texas",earthquake,0.93582337366884,1.4013013131299,0.1,13,reviewed,tx,tx
2024-05-28T02:04:35.972Z,31.676,-104.197,7.5354,3.9,ml,19,69,0.1,0.1,tx,tx2024kkoo,2024-10-09T08:54:54.347Z,"55 km NW of Toyah, Texas",earthquake,0.61663747537889,0.65903937573015,0.2,12,reviewed,tx,tx
2024-05-28T00:34:04.622Z,31.677,-104.198,7.7405,2.9,ml,23,69,0.1,0.1,tx,tx2024kklp,2024-08-06T20:32:46.040Z,"55 km NW of Toyah, Texas",earthquake,0.56658123674202,0.6930165813482,0.2,12,reviewed,tx,tx
2024-05-26T21:10:32.670Z,32.319,-101.817,6.4697,3,ml,26,47,0,0.1,tx,tx2024kijj,2024-08-06T02:10:25.040Z,"21 km N of Stanton, Texas",earthquake,0.57744822841879,0.90774402882138,0.2,32,reviewed,tx,tx
2024-05-26T20:42:09.344Z,31.607,-103.956,8.9197,2.6,ml,19,57,0,0.1,tx,tx2024kiim,2024-08-06T02:10:27.040Z,"35 km WSW of Mentone, Texas",earthquake,0.54550361013497,0.73778224222328,0.1,25,reviewed,tx,tx
2024-05-26T00:01:14.364Z,31.662,-104.198,8.0994,2.5,ml,16,62,0.1,0.1,tx,tx2024kgtm,2024-08-06T02:10:24.040Z,"54 km NW of Toyah, Texas",earthquake,0.91759126945968,1.2559963961471,0.1,21,reviewed,tx,tx
2024-05-23T20:31:50.008Z,32.387,-101.041,4.3213,2.8,ml,25,44,0.2,0.1,tx,tx2024kcvo,2024-08-06T02:10:27.040Z,"4 km NW of Westbrook, Texas",earthquake,0.89079706470937,2.7124113646926,0.2,21,reviewed,tx,tx
2024-05-21T19:55:34.660Z,31.674,-104.207,7.2278,2.7,ml,16,58,0,0.1,tx,tx2024jzdj,2024-08-06T02:10:26.040Z,"55 km NW of Toyah, Texas",earthquake,0.77694059132267,1.1627367421983,0.1,27,reviewed,tx,tx
2024-05-21T19:11:03.066Z,31.672,-104.194,6.2537,3,ml,30,70,0.1,0.1,tx,tx2024jzbx,2024-08-06T02:10:24.040Z,"54 km NW of Toyah, Texas",earthquake,0.68345852090825,0.92714418711571,0.1,22,reviewed,tx,tx
2024-05-20T20:54:41.365Z,31.648,-104.479,6.4587,2.8,ml,24,73,0,0.2,tx,tx2024jxju,2024-08-06T02:10:25.040Z,"59 km S of Whites City, New Mexico",earthquake,2.6212334858427,1.114547895543,0.2,20,reviewed,tx,tx
2024-05-19T12:12:55.307Z,31.668,-104.196,6.0999,2.6,ml,11,62,0.1,0.2,tx,tx2024juxc,2024-07-26T23:58:13.040Z,"54 km NW of Toyah, Texas",earthquake,0.84679678665911,1.6099750072466,0.1,19,reviewed,tx,tx
2024-05-16T02:46:41.476Z,32.758,-100.649,7.1045,2.7,ml,14,50,0.1,0.1,tx,tx2024jorx,2024-07-26T23:58:10.040Z,"17 km NE of Hermleigh, Texas",earthquake,0.71772362599911,1.3709850547515,0.1,8,reviewed,tx,tx
2024-05-15T22:56:11.075Z,32.753,-100.644,6.958,3.2,ml,13,52,0.1,0.1,tx,tx2024joki,2024-07-26T23:58:10.040Z,"16 km NE of Hermleigh, Texas",earthquake,0.87664695913321,1.4029303671622,0.1,6,reviewed,tx,tx
2024-05-15T00:14:06.352Z,31.635,-104.031,7.4329,2.5,ml,28,38,0,0.2,tx,tx2024jmrp,2025-05-17T05:41:23.391Z,"41 km W of Mentone, Texas",earthquake,0.55515694495224,0.63584919797941,0.1,15,reviewed,tx,tx
2024-05-12T10:23:41.300Z,31.676,-104.194,6.1127,3.1,ml,43,61,0.1,0.1,tx,tx2024jhza,2024-07-20T22:20:08.040Z,"55 km NW of Toyah, Texas",earthquake,0.41263010450836,0.63075071935516,0.1,24,reviewed,tx,tx
2024-05-10T20:31:54.330Z,31.67,-104.192,6.1383,3.8,ml,42,61,0.1,0.1,tx,tx2024jfca,2024-07-20T22:20:06.040Z,"54 km NW of Toyah, Texas",earthquake,0.50463877687141,0.54151344107829,0.1,25,reviewed,tx,tx
2024-05-10T01:48:13.635Z,31.601,-103.969,8.8043,2.5,ml,8,78,0,0.1,tx,tx2024jdqz,2024-07-20T22:20:05.040Z,"35 km NNW of Toyah, Texas",earthquake,0.49128525644358,0.51719893260886,0.1,9,reviewed,tx,tx
2024-05-07T23:27:41.531Z,31.679,-104.191,6.0999,3.2,ml,36,61,0.1,0.1,tx,tx2024izvi,2024-07-20T22:20:02.040Z,"55 km NW of Toyah, Texas",earthquake,0.3864344840035,0.48146803068953,0.2,20,reviewed,tx,tx
2024-05-07T19:56:55.716Z,31.668,-104.198,6.8304,3.2,ml,34,62,0.1,0.1,tx,tx2024izoo,2024-07-20T22:20:02.040Z,"54 km NW of Toyah, Texas",earthquake,0.47076389920603,0.63198610924208,0.2,18,reviewed,tx,tx
2024-05-07T19:47:18.005Z,31.671,-104.188,6.0999,3.3,ml,30,61,0.1,0.1,tx,tx2024izob,2024-07-20T22:20:02.040Z,"54 km NW of Toyah, Texas",earthquake,0.55999668199189,0.5983850867813,0.2,17,reviewed,tx,tx
2024-05-07T19:46:11.416Z,31.67,-104.192,6.5228,3.5,ml,40,61,0.1,0.1,tx,tx2024izoa,2024-07-20T22:20:02.040Z,"54 km NW of Toyah, Texas",earthquake,0.44622033603095,0.52793131223441,0.1,24,reviewed,tx,tx
2024-05-07T08:53:25.393Z,31.666,-104.308,6.2024,3.5,ml,36,67,0,0.1,tx,tx2024iysn,2024-07-20T22:20:01.040Z,"56 km S of Whites City, New Mexico",earthquake,0.5552559002781,0.69298299834366,0.1,19,reviewed,tx,tx
2024-05-07T08:47:03.147Z,31.664,-104.32,6.7151,3.3,ml,29,68,0,0.1,tx,tx2024iysh,2024-07-20T22:20:01.040Z,"56 km S of Whites City, New Mexico",earthquake,0.61892784950267,0.71487601110557,0.2,17,reviewed,tx,tx
2024-05-07T01:13:05.779Z,31.543,-104.153,6.4331,3.1,ml,35,70,0,0.1,tx,tx2024iydh,2024-07-20T22:20:01.040Z,"42 km NW of Toyah, Texas",earthquake,0.59556931738584,0.61972855581592,0.1,18,reviewed,tx,tx
2024-05-06T22:35:08.265Z,31.965,-103.335,7.4329,3,ml,24,56,0,0.1,tx,tx2024ixyc,2024-07-20T22:20:01.040Z,"21 km SW of Jal, New Mexico",earthquake,0.6707347428454,0.63862330485818,0.2,15,reviewed,tx,tx
2024-05-05T09:28:39.431Z,31.951,-102.042,3.9795,2.6,ml,17,73,0.2,0.1,tx,tx2024ivcp,2024-07-15T03:57:52.040Z,"6 km SSE of Midland, Texas",earthquake,0.49510420326582,2.2499888085737,0.1,34,reviewed,tx,tx
2024-05-03T20:11:48.115Z,31.625,-104.375,6.0999,3.2,ml,15,80,0.1,0.2,tx,tx2024isgw,2024-07-15T03:58:08.040Z,"61 km S of Whites City, New Mexico",earthquake,1.2484489479742,1.4770254898615,0.2,10,reviewed,tx,tx
2024-05-03T17:42:29.455Z,31.733,-104.107,7.7917,2.8,ml,18,85,0,0.1,tx,tx2024isbw,2024-07-15T03:58:09.040Z,"48 km W of Mentone, Texas",earthquake,0.71856423856939,0.81580250483153,0.2,14,reviewed,tx,tx
2024-05-02T20:50:03.558Z,32.6295,-104.6695,8.194,2.6,mb_lg,37,81,0.7,0.44,us,us6000mvul,2024-07-15T03:58:20.040Z,"20 km SSE of Hope, New Mexico",earthquake,1.78,8.526,0.104,38,reviewed,us,us
2024-05-02T10:57:28.578Z,31.215,-101.176,2.8564,2.8,ml,18,80,0.3,0.3,tx,tx2024iptd,2024-07-15T03:58:23.040Z,"27 km E of Big Lake, Texas",earthquake,1.2851610130651,1.4877681712724,0.1,24,reviewed,tx,tx
2024-05-02T04:06:53.716Z,31.672,-104.182,6.2152,2.5,ml,38,65,0.1,0.1,tx,tx2024ipfo,2024-07-15T03:58:30.040Z,"54 km NW of Toyah, Texas",earthquake,0.39609414074654,0.50920050348583,0.2,31,reviewed,tx,tx
2024-04-30T18:40:16.532Z,31.502,-103.422,8.5608,2.6,ml,26,76,0.1,0.2,tx,tx2024imri,2024-07-15T03:58:43.040Z,"5 km NNW of Barstow, Texas",earthquake,0.72288962454385,1.6286901201546,0.2,17,reviewed,tx,tx
2024-04-30T11:14:40.817Z,32.151,-101.075,4.126,2.6,ml,21,75,0.2,0.3,tx,tx2024imcq,2024-07-15T03:58:47.040Z,"23 km SSW of Westbrook, Texas",earthquake,1.1097790605018,4.0014625867411,0.1,19,reviewed,tx,tx
2024-04-30T09:07:34.992Z,32.411,-102.032,8.1543,3,ml,23,46,0.1,0.2,tx,tx2024ilyl,2024-07-15T03:58:47.040Z,"32 km WSW of Ackerly, Texas",earthquake,0.71765719517623,0.74127460817055,0.1,28,reviewed,tx,tx
2024-04-30T08:16:05.258Z,32.411,-102.04,7.9834,3.5,ml,29,55,0.1,0.1,tx,tx2024ilwt,2024-07-15T03:58:48.040Z,"33 km WSW of Ackerly, Texas",earthquake,0.7202113274394,0.76082590567976,0.2,27,reviewed,tx,tx
2024-04-29T05:39:22.178Z,32.092,-101.646,6.2256,2.6,ml,29,59,0,0.1,tx,tx2024ijwa,2024-07-15T03:58:59.040Z,"14 km ESE of Stanton, Texas",earthquake,0.5382218836373,1.0021005522694,0,7,reviewed,tx,tx
2024-04-28T18:11:29.905Z,31.685,-104.287,8.4229,2.8,ml,26,65,0,0.1,tx,tx2024iizj,2024-07-02T22:13:03.040Z,"55 km S of Whites City, New Mexico",earthquake,0.41417440359694,0.51236446571134,0.2,21,reviewed,tx,tx
2024-04-28T17:32:24.875Z,31.681,-104.293,7.2534,2.7,ml,16,65,0.1,0.3,tx,tx2024iiyc,2024-07-02T22:13:02.040Z,"55 km S of Whites City, New Mexico",earthquake,1.1693396390848,1.5333539982031,0.1,14,reviewed,tx,tx
2024-04-27T23:52:55.331Z,32.216,-103.084,2.6611,2.7,ml,18,51,0.1,0.2,tx,tx2024ihpd,2024-07-02T22:13:17.040Z,"15 km NE of Jal, New Mexico",earthquake,0.9781221942566,2.4461245598469,0.2,14,reviewed,tx,tx
2024-04-26T13:20:36.341Z,31.955,-103.351,7.4329,2.8,ml,21,64,0,0.2,tx,tx2024ieyt,2024-07-02T22:13:07.040Z,"22 km SW of Jal, New Mexico",earthquake,0.95205608287471,0.81335434425387,0.2,11,reviewed,tx,tx
2024-04-26T13:13:05.338Z,31.962,-103.338,7.9456,2.8,ml,24,65,0,0.2,tx,tx2024ieyo,2024-07-02T22:13:13.040Z,"21 km SW of Jal, New Mexico",earthquake,1.0592447176706,0.93438798539279,0.2,12,reviewed,tx,tx
2024-04-26T11:02:47.685Z,31.958,-103.355,8.5864,2.8,ml,39,64,0,0.2,tx,tx2024ieuf,2024-07-02T22:13:05.040Z,"22 km SW of Jal, New Mexico",earthquake,0.6889622625432,0.73974315228324,0.2,29,reviewed,tx,tx
2024-04-26T07:15:55.772Z,31.957,-103.333,8.5864,3.2,ml,15,56,0,0.2,tx,tx2024iemt,2024-07-02T22:13:02.040Z,"21 km SW of Jal, New Mexico",earthquake,1.2222246938354,1.2204054915366,0.1,10,reviewed,tx,tx
2024-04-25T23:34:15.957Z,31.965,-103.34,8.3557,2.7,ml,32,85,0,0.3,tx,tx2024idxn,2024-07-02T22:13:17.040Z,"21 km SW of Jal, New Mexico",earthquake,0.83882444079817,0.86685551378201,0.1,16,reviewed,tx,tx
2024-04-25T23:23:12.583Z,31.964,-103.334,8.1506,3.1,ml,29,68,0,0.2,tx,tx2024idxd,2024-07-02T22:13:07.040Z,"21 km SW of Jal, New Mexico",earthquake,0.76185755067612,0.84542445894841,0.2,18,reviewed,tx,tx
2024-04-25T20:32:16.800Z,31.971,-103.326,8.7146,3.8,ml,27,79,0,0.2,tx,tx2024idrn,2024-07-02T22:12:58.040Z,"20 km SW of Jal, New Mexico",earthquake,0.94635118983681,1.0430592494247,0.1,12,reviewed,tx,tx
2024-04-25T19:36:44.515Z,31.968,-103.332,7.843,3.9,ml,33,77,0,0.2,tx,tx2024idps,2024-07-02T22:12:58.040Z,"20 km SW of Jal, New Mexico",earthquake,0.81677555846211,1.033349084143,0.1,12,reviewed,tx,tx
2024-04-25T13:23:46.106Z,31.967,-103.327,7.7917,2.8,ml,26,79,0,0.2,tx,tx2024iddj,2024-07-02T22:13:07.040Z,"20 km SW of Jal, New Mexico",earthquake,1.0361459931721,1.201719486283,0.3,21,reviewed,tx,tx
2024-04-25T10:18:41.119Z,31.965,-103.33,6.9202,2.9,ml,18,78,0,0.2,tx,tx2024icxg,2024-07-02T22:13:13.040Z,"20 km SW of Jal, New Mexico",earthquake,1.2340656133114,0.89990837784683,0.1,6,reviewed,tx,tx
2024-04-25T08:49:23.511Z,31.973,-103.328,8.1506,2.5,ml,25,87,0,0.2,tx,tx2024icui,2024-07-02T22:13:19.040Z,"20 km SW of Jal, New Mexico",earthquake,0.87439660191442,1.056685978698,0.1,13,reviewed,tx,tx
2024-04-25T04:40:16.981Z,31.968,-103.329,8.0994,2.9,ml,20,65,0,0.2,tx,tx2024icmc,2024-07-02T22:13:13.040Z,"20 km SW of Jal, New Mexico",earthquake,1.2317082965674,1.1028925381795,0.1,12,reviewed,tx,tx
2024-04-23T09:56:58.704Z,31.634,-104.175,5.9973,2.5,ml,15,63,0.1,0.2,tx,tx2024hzfo,2024-07-02T22:13:14.040Z,"50 km NW of Toyah, Texas",earthquake,0.86197904520663,1.6836291775974,0.1,7,reviewed,tx,tx
2024-04-21T17:36:59.256Z,35.053,-102.642,9.8389,2.7,ml,12,88,0.7,0.4,tx,tx2024hwdt,2024-06-25T21:03:24.040Z,"24 km S of Adrian, Texas",earthquake,4.2980450946075,4.329783846485,0.3,5,reviewed,tx,tx
2024-04-20T12:21:04.037Z,32.145,-101.062,7.6416,2.6,ml,15,69,0.2,0.1,tx,tx2024htxu,2024-06-25T21:03:15.040Z,"23 km S of Westbrook, Texas",earthquake,0.77778668747966,2.5275594386806,0.1,11,reviewed,tx,tx
2024-04-20T12:21:03.681Z,32.141,-101.073,3.6797,2.6,ml,53,108,0.2,0.4,tx,tx2024huwlem,2024-12-02T20:44:46.899Z,"24 km SSW of Westbrook, Texas",earthquake,0,1.0886595249176,0.1,27,automatic,tx,tx
2024-04-20T11:47:29.954Z,31.61,-104.002,7.42,2.7,ml,13,60,0,0.1,tx,tx2024htwr,2024-06-25T21:03:15.040Z,"38 km NNW of Toyah, Texas",earthquake,0.48570923965422,0.5764855467296,0.1,11,reviewed,tx,tx
2024-04-20T09:50:04.034Z,32.07,-102.985,4.2236,2.9,ml,26,59,0.2,0.1,tx,tx2024htsx,2024-06-25T21:03:15.040Z,"20 km ESE of Jal, New Mexico",earthquake,0.80911563002076,3.0895004284595,0.1,14,reviewed,tx,tx
2024-04-19T17:04:14.244Z,32.5295,-104.6481,8.202,2.7,ml,33,78,0.659,0.54,us,us7000md8x,2024-06-25T21:03:08.040Z,"32 km SSE of Hope, New Mexico",earthquake,1.38,7.574,0.049,72,reviewed,us,us
2024-04-19T15:27:57.786Z,31.808,-103.673,7.7277,2.8,ml,23,53,0.1,0.1,tx,tx2024hsil,2024-06-25T21:03:08.040Z,"13 km NNW of Mentone, Texas",earthquake,0.36594150975457,0.68952239481054,0.1,15,reviewed,tx,tx
2024-04-19T09:23:13.067Z,31.677,-104.41,5.6384,2.9,ml,23,69,0,0.1,tx,tx2024hrwl,2024-06-25T21:03:06.040Z,"55 km S of Whites City, New Mexico",earthquake,0.86784856823771,0.8747413982518,0.1,12,reviewed,tx,tx
2024-04-19T03:43:00.012Z,31.717,-104.287,6.1511,2.6,ml,15,60,0,0.2,tx,tx2024hrlf,2024-06-25T21:03:05.040Z,"51 km S of Whites City, New Mexico",earthquake,0.7802972620119,0.87402081715859,0.1,26,reviewed,tx,tx
2024-04-18T16:12:24.469Z,32.405,-102.149,6.0303,2.6,ml,23,63,0,0.1,tx,tx2024hqok,2024-06-25T21:03:01.040Z,"37 km ENE of McKinney Acres, Texas",earthquake,0.49956707383291,0.49247160485369,0.1,12,reviewed,tx,tx
2024-04-16T21:26:39.477Z,31.653,-104.175,6.0101,2.7,ml,26,59,0.1,0.1,tx,tx2024hnht,2024-06-25T21:02:52.040Z,"52 km NW of Toyah, Texas",earthquake,0.47284451589388,0.56279993854959,0.2,14,reviewed,tx,tx
2024-04-15T12:36:04.890Z,31.655,-104.381,5.8435,2.5,ml,32,67,0,0.2,tx,tx2024hkut,2024-06-25T21:02:44.040Z,"57 km S of Whites City, New Mexico",earthquake,0.9939424841367,1.0303508222831,0.2,25,reviewed,tx,tx
2024-04-14T20:59:18.893Z,32.859,-100.919,3.9307,2.9,ml,10,71,0,0.1,tx,tx2024hjpw,2024-06-17T02:15:36.040Z,"15 km N of Snyder, Texas",earthquake,0.73412871994319,0.94483894651823,0.1,13,reviewed,tx,tx
2024-04-13T20:32:56.169Z,30.877,-103.49,2.2034,2.7,ml,30,72,0.1,0.2,tx,tx2024hhtm,2024-06-17T02:15:28.040Z,"27 km ESE of Balmorhea, Texas",earthquake,0.92135810443649,1.1929597741441,0.1,23,reviewed,tx,tx
2024-04-13T18:57:39.000Z,31.733,-104.086,5.946,2.9,ml,32,44,0,0.1,tx,tx2024hhqi,2024-06-17T02:15:27.040Z,"46 km W of Mentone, Texas",earthquake,0.50667708215721,0.72928153981391,0.2,37,reviewed,tx,tx
2024-04-13T05:48:42.619Z,32.6595,-104.3831,8.122,2.8,ml,27,101,0.488,0.38,us,us7000mbut,2024-06-17T02:15:21.040Z,"12 km S of Atoka, New Mexico",earthquake,2.61,8.487,0.091,16,reviewed,us,us
2024-04-13T04:23:54.060Z,32.6363,-104.4151,5,2.5,ml,32,55,0.501,0.38,us,us7000mbuj,2024-06-17T02:15:20.040Z,"14 km S of Atoka, New Mexico",earthquake,1.65,1.97,0.091,16,reviewed,us,us
2024-04-11T18:51:24.653Z,32.314,-101.838,5.542,2.8,ml,15,57,0,0.1,tx,tx2024hdzd,2024-06-17T02:15:11.040Z,"21 km NNW of Stanton, Texas",earthquake,0.71916762834602,2.0763112771073,0.2,20,reviewed,tx,tx
2024-04-10T21:40:03.727Z,32.317,-101.817,4.8096,2.7,ml,18,48,0,0.1,tx,tx2024hcje,2024-06-17T02:15:06.040Z,"20 km N of Stanton, Texas",earthquake,0.76846970251684,1.9171365054331,0.1,29,reviewed,tx,tx
2024-04-10T18:46:45.192Z,32.32,-101.818,4.7363,4.4,ml,15,56,0,0,tx,tx2024hcdm,2025-03-05T18:56:59.803Z,"21 km N of Stanton, Texas",earthquake,0.56216647048285,1.1734727609191,0.2,34,reviewed,tx,tx
2024-04-09T06:05:07.925Z,31.808,-103.674,8.0481,2.5,ml,19,53,0.1,0.1,tx,tx2024gzit,2024-06-17T02:14:56.040Z,"13 km NNW of Mentone, Texas",earthquake,0.67052274088753,1.376387066231,0.2,18,reviewed,tx,tx
2024-04-09T00:54:38.392Z,31.741,-104.491,4.408,2.8,ml,26,66,0,0.2,tx,tx2024gyyq,2024-06-17T02:14:54.040Z,"49 km SSW of Whites City, New Mexico",earthquake,1.2247453410303,0.91495085946942,0.1,22,reviewed,tx,tx
2024-04-06T13:02:02.685Z,32.4388,-104.6129,7.113,2.6,ml,17,106,0.645,0.64,us,us7000mag5,2025-02-15T08:10:08.006Z,"36 km W of Carlsbad, New Mexico",earthquake,3.52,5.736,0.07,27,reviewed,us,us
2024-04-04T01:38:32.820Z,31.654,-104.411,6.0999,2.6,ml,14,67,0,0.2,tx,tx2024gpwo,2024-06-12T21:51:53.040Z,"57 km S of Whites City, New Mexico",earthquake,1.1152970134001,0.95200535253709,0.1,19,reviewed,tx,tx
2024-04-01T19:38:05.187Z,32.092,-101.643,6.2256,2.5,ml,15,65,0,0.1,tx,tx2024gltq,2025-05-17T05:41:25.395Z,"14 km ESE of Stanton, Texas",earthquake,0.73947320699367,1.4223856829947,0.1,7,reviewed,tx,tx
2024-03-30T03:12:49.711Z,31.576,-103.939,7.2791,2.8,ml,9,58,0,0.1,tx,tx2024ggwd,2024-06-01T21:55:49.040Z,"32 km NNW of Toyah, Texas",earthquake,0.84531504209751,0.92226044001691,0.1,11,reviewed,tx,tx
2024-03-28T20:54:40.950Z,31.603,-103.96,6.7407,2.5,ml,11,71,0,0.1,tx,tx2024geoe,2024-06-01T21:55:45.040Z,"35 km NNW of Toyah, Texas",earthquake,1.1031843042881,2.1874381888293,0.1,7,reviewed,tx,tx
2024-03-27T20:20:43.869Z,31.693,-101.71,8.374,2.5,ml,16,66,0.1,0.1,tx,tx2024gcrn,2024-06-01T21:55:47.040Z,"28 km SW of Garden City, Texas",earthquake,0.98371220973132,2.1767142673239,0.1,11,reviewed,tx,tx
2024-03-26T09:59:43.831Z,31.63,-104.155,6.0999,2.6,ml,13,66,0.1,0.2,tx,tx2024gabo,2024-06-01T21:55:47.040Z,"49 km NW of Toyah, Texas",earthquake,0.92275548977462,1.5743107090372,0.1,24,reviewed,tx,tx
2024-03-25T23:51:41.492Z,31.641,-104.456,6.1255,2.5,ml,22,68,0,0.2,tx,tx2024fzhm,2024-06-01T21:55:46.040Z,"59 km S of Whites City, New Mexico",earthquake,0.8972198843706,0.53725349715603,0.1,19,reviewed,tx,tx
2024-03-23T21:54:59.195Z,32.144,-101.068,0.6348,2.7,ml,22,67,0.2,0.3,tx,tx2024fvmr,2024-05-27T14:19:23.040Z,"23 km SSW of Westbrook, Texas",earthquake,1.6076365402516,1.7251500411842,0.1,15,reviewed,tx,tx
2024-03-23T07:36:02.710Z,32.262,-101.931,6.3232,3,ml,28,50,0,0.1,tx,tx2024fukh,2024-05-27T14:19:22.040Z,"19 km NW of Stanton, Texas",earthquake,0.34522553258277,0.95047158893003,0.1,18,reviewed,tx,tx
2024-03-22T10:55:25.428Z,32.5408,-104.6836,5,2.5,ml,35,78,0.691,0.25,us,us6000mkgu,2024-05-27T14:19:21.040Z,"30 km S of Hope, New Mexico",earthquake,4.28,1.973,0.081,70,reviewed,us,us
2024-03-21T17:47:24.424Z,31.942,-102.036,9.2529,2.7,ml,22,69,0.1,0.1,tx,tx2024frnm,2025-07-21T13:34:20.279Z,"7 km SSE of Midland, Texas",earthquake,0.36497542115527,0.71957197876528,0.1,18,reviewed,tx,tx
2024-03-20T18:08:14.878Z,32.141,-101.071,9.0088,2.5,ml,24,68,0.2,0.1,tx,tx2024fpsq,2024-05-27T14:19:20.040Z,"24 km SSW of Westbrook, Texas",earthquake,0.69049272009591,1.6161492741947,0.3,42,reviewed,tx,tx
2024-03-15T07:26:55.681Z,31.662,-104.407,6.0999,2.9,ml,23,70,0,0.2,tx,tx2024fftz,2024-05-18T21:23:03.040Z,"57 km S of Whites City, New Mexico",earthquake,0.77323597199332,0.80141933388823,0.1,19,reviewed,tx,tx
2024-03-14T15:18:46.171Z,31.741,-104.11,6.2921,2.5,ml,22,73,0,0.1,tx,tx2024feny,2024-05-18T21:22:54.040Z,"48 km W of Mentone, Texas",earthquake,0.4605494791135,0.48524052330132,0.2,19,reviewed,tx,tx
2024-03-14T11:01:47.659Z,31.743,-104.163,6.4075,2.5,ml,36,47,0,0.2,tx,tx2024fefn,2024-05-18T21:22:51.040Z,"52 km SSE of Whites City, New Mexico",earthquake,0.5268558223119,0.59960655854248,0.2,28,reviewed,tx,tx
2024-03-13T20:08:40.878Z,31.744,-104.158,6.5228,2.5,ml,31,61,0,0.2,tx,tx2024fdcb,2024-05-18T21:22:43.040Z,"52 km SSE of Whites City, New Mexico",earthquake,0.37441610786078,0.46358208490149,0.2,24,reviewed,tx,tx
2024-03-11T05:49:32.985Z,32.6476,-104.3878,5,2.6,ml,46,55,0.486,0.3,us,us7000m4mi,2024-05-18T21:24:27.040Z,"13 km S of Atoka, New Mexico",earthquake,2.97,1.97,0.085,26,reviewed,us,us
2024-03-10T15:48:09.202Z,32.6414,-104.3802,5,2.5,mb_lg,25,81,0.477,0.28,us,us7000m4jy,2024-05-15T17:35:00.040Z,"14 km S of Atoka, New Mexico",earthquake,1.83,1.958,0.106,38,reviewed,us,us
2024-03-10T12:47:57.309Z,31.747,-104.159,6.0999,2.7,ml,23,60,0,0.2,tx,tx2024exbb,2024-05-15T17:35:00.040Z,"51 km SSE of Whites City, New Mexico",earthquake,0.56182351843082,0.75760723188809,0.1,18,reviewed,tx,tx
2024-03-10T08:45:06.534Z,31.773,-101.935,5.9814,2.6,ml,18,58,0.1,0.1,tx,tx2024ewtc,2024-05-15T17:35:00.040Z,"28 km SSE of Midland, Texas",earthquake,0.61546613413738,1.5028982099543,0.1,29,reviewed,tx,tx
2024-03-09T02:02:33.310Z,31.628,-104.371,6.7151,2.5,ml,26,63,0.1,0.2,tx,tx2024eukg,2024-05-15T17:35:02.040Z,"60 km S of Whites City, New Mexico",earthquake,0.82969066228485,0.95334527253913,0.1,15,reviewed,tx,tx
2024-03-09T00:12:49.208Z,31.674,-104.188,7.2791,2.9,ml,21,61,0.1,0.2,tx,tx2024eugq,2024-05-15T17:35:02.040Z,"54 km NW of Toyah, Texas",earthquake,0.69122826781551,0.96443367915284,0.4,18,reviewed,tx,tx
2024-03-08T08:54:18.859Z,32.6265,-104.4006,5,3,ml,31,100,0.486,0.41,us,us7000m437,2024-05-15T17:35:02.040Z,"15 km S of Atoka, New Mexico",earthquake,1.86,1.935,0.062,52,reviewed,us,us
2024-03-07T21:02:45.811Z,31.655,-104.396,5.3821,2.9,ml,20,71,0,0.1,tx,tx2024esew,2024-05-15T17:35:03.040Z,"57 km S of Whites City, New Mexico",earthquake,1.165561915254,1.099908761523,0.2,18,reviewed,tx,tx
2024-03-06T00:01:42.777Z,33.301,-98.628,4.0527,2.7,ml,18,74,0.5,0.3,tx,tx2024eotv,2024-05-15T17:35:05.040Z,"13 km ESE of Olney, Texas",earthquake,2.0571043539454,2.6735060460636,0.2,8,reviewed,tx,tx
2024-03-05T22:56:18.291Z,31.736,-104.113,7.1765,2.6,ml,39,52,0,0.2,tx,tx2024eorp,2024-05-15T17:35:05.040Z,"48 km W of Mentone, Texas",earthquake,0.56854806459471,0.71675101305762,0.2,31,reviewed,tx,tx
2024-03-05T07:37:56.969Z,32.427,-102.113,6.2744,3.8,ml,56,86,0.1,0.2,tx,tx2024enni,2024-05-15T17:35:06.040Z,"37 km SSW of Los Ybanez, Texas",earthquake,0.97625989466198,0.69155103584639,0.2,66,reviewed,tx,tx
2024-03-04T22:33:33.427Z,31.696,-104.398,1.8958,2.5,ml,18,67,0,0.2,tx,tx2024emvj,2024-05-15T17:35:06.040Z,"53 km S of Whites City, New Mexico",earthquake,0.96448710355092,1.1030704848514,0.1,13,reviewed,tx,tx
2024-03-04T22:31:07.388Z,31.682,-104.401,6.2024,3.3,ml,27,68,0,0.2,tx,tx2024emvg,2024-05-15T17:35:06.040Z,"54 km S of Whites City, New Mexico",earthquake,1.001046321012,0.91049346180231,0.2,20,reviewed,tx,tx
2024-03-04T20:54:39.407Z,31.676,-104.408,6.4075,2.6,ml,13,69,0,0.1,tx,tx2024emsc,2024-05-15T17:35:06.040Z,"55 km S of Whites City, New Mexico",earthquake,1.248194387129,1.3263474973225,0.1,14,reviewed,tx,tx
2024-03-04T20:53:16.892Z,31.677,-104.401,6.4587,2.5,ml,15,69,0,0.2,tx,tx2024emsb,2024-05-15T17:35:06.040Z,"55 km S of Whites City, New Mexico",earthquake,0.98690769243089,0.92190134927034,0.2,13,reviewed,tx,tx
2024-03-04T17:01:51.160Z,31.353,-103.055,3.4338,3.1,ml,42,46,0,0.2,tx,tx2024emkj,2024-05-15T17:35:06.040Z,"12 km N of Coyanosa, Texas",earthquake,0.74089213756718,0.84707118932501,0.1,43,reviewed,tx,tx
2024-03-04T07:18:23.872Z,31.624,-104.012,7.6379,2.6,ml,25,35,0,0.1,tx,tx2024elrd,2024-05-15T17:35:07.040Z,"40 km NNW of Toyah, Texas",earthquake,0.87379943509739,0.81408182146242,0.2,26,reviewed,tx,tx
2024-03-03T22:05:48.544Z,31.616,-103.995,8.2788,2.5,ml,18,56,0,0.1,tx,tx2024ekyy,2024-05-10T21:25:54.040Z,"38 km NNW of Toyah, Texas",earthquake,0.58540466847828,0.56850912873554,0.2,18,reviewed,tx,tx
2024-03-03T11:59:11.077Z,31.612,-103.976,7.3303,2.5,ml,13,56,0,0.1,tx,tx2024ekex,2024-05-10T21:25:54.040Z,"37 km WSW of Mentone, Texas",earthquake,0.54388049024564,0.59926620000147,0.1,16,reviewed,tx,tx
2024-03-03T09:36:26.403Z,31.618,-103.986,6.933,3.3,ml,24,54,0,0.1,tx,tx2024ekak,2024-05-10T21:25:58.040Z,"37 km WSW of Mentone, Texas",earthquake,0.42272633509136,0.36590430521816,0.2,19,reviewed,tx,tx
2024-03-03T09:20:53.533Z,31.614,-103.995,8.3685,3.2,ml,23,57,0,0.1,tx,tx2024ejzv,2024-05-10T21:25:58.040Z,"38 km NNW of Toyah, Texas",earthquake,0.50891778542066,0.40901085365641,0.2,18,reviewed,tx,tx
2024-03-03T09:17:32.804Z,31.612,-103.974,7.1765,2.7,ml,12,61,0,0.1,tx,tx2024ejzq,2024-05-10T21:26:02.040Z,"37 km WSW of Mentone, Texas",earthquake,0.70623198839695,0.74822746230226,0.1,10,reviewed,tx,tx
2024-03-03T09:16:38.300Z,31.583,-103.997,6.6125,2.9,ml,15,60,0,0.2,tx,tx2024ejzp,2024-05-10T21:25:59.040Z,"35 km NNW of Toyah, Texas",earthquake,0.99044901574704,0.96738434118239,0.1,7,reviewed,tx,tx
2024-03-03T09:15:53.133Z,31.607,-103.978,6.51,3.5,ml,18,49,0,0.1,tx,tx2024ejzn,2024-05-10T21:25:58.040Z,"36 km NNW of Toyah, Texas",earthquake,0.60877036407506,0.58580005051051,0.1,6,reviewed,tx,tx
2024-03-03T09:15:23.955Z,31.611,-103.99,8.4454,3.9,ml,28,58,0,0.1,tx,tx2024ejzm,2024-05-10T21:25:58.040Z,"37 km NNW of Toyah, Texas",earthquake,0.37610040050927,0.35877495440361,0.3,25,reviewed,tx,tx
2024-03-01T16:07:52.639Z,32.308,-101.047,8.5205,2.5,ml,34,45,0.2,0.2,tx,tx2024egwc,2024-05-10T21:25:57.040Z,"6 km SSW of Westbrook, Texas",earthquake,0.94624799059791,2.2166719079613,0.2,29,reviewed,tx,tx
2024-03-01T15:21:14.224Z,32.656,-104.3903,8.394,2.7,ml,19,101,0.492,0.4,us,us6000mg2y,2024-05-10T21:25:57.040Z,"12 km S of Atoka, New Mexico",earthquake,2.94,8.515,0.121,9,reviewed,us,us
2024-03-01T06:46:58.513Z,32.889,-100.903,5.1758,2.6,ml,11,48,0,0.1,tx,tx2024egdq,2024-05-10T21:25:56.040Z,"19 km N of Snyder, Texas",earthquake,0.83188633532361,0.67259670382986,0.1,18,reviewed,tx,tx
2024-03-01T05:15:22.306Z,31.668,-104.188,6.0999,3.3,ml,23,69,0.1,0.1,tx,tx2024egaq,2024-05-10T21:25:56.040Z,"54 km NW of Toyah, Texas",earthquake,0.50305944565243,1.1348423144898,0.4,18,reviewed,tx,tx
2024-02-29T19:17:34.231Z,32.156,-101.105,5.4932,2.5,ml,11,55,0.2,0.2,tx,tx2024efgx,2024-05-10T21:25:54.040Z,"23 km SSW of Westbrook, Texas",earthquake,1.6478306101126,2.3298931787503,0.1,25,reviewed,tx,tx
2024-02-29T05:53:40.291Z,32.745,-100.643,6.1035,2.7,ml,20,46,0.1,0.2,tx,tx2024eegj,2024-05-10T21:25:55.040Z,"16 km NE of Hermleigh, Texas",earthquake,0.75701190353703,2.2768075190261,0.1,25,reviewed,tx,tx
2024-02-29T03:14:25.762Z,32.758,-100.649,6.2256,2.9,ml,15,64,0.1,0.1,tx,tx2024eebc,2024-05-10T21:25:55.040Z,"17 km NE of Hermleigh, Texas",earthquake,0.89387962469058,1.9069391075081,0.1,12,reviewed,tx,tx
2024-02-29T02:17:11.510Z,32.74,-100.638,0.2197,2.5,ml,28,81,0.3,0.2,tx,tx2024edzg,2024-05-10T21:25:55.040Z,"16 km NE of Hermleigh, Texas",earthquake,0.85777975548966,1.1780468680577,0.1,18,reviewed,tx,tx
2024-02-28T11:22:08.376Z,31.74,-104.12,6.7279,3.1,ml,31,59,0,0.2,tx,tx2024ecvr,2024-05-10T21:25:55.040Z,"49 km W of Mentone, Texas",earthquake,0.44475780358146,0.505335338682,0.2,25,reviewed,tx,tx
2024-02-28T02:48:27.029Z,31.702,-101.712,8.5693,2.8,ml,16,62,0.1,0.1,tx,tx2024ecet,2024-05-10T21:25:55.040Z,"28 km SW of Garden City, Texas",earthquake,0.73543414390772,0.91486788408197,0.1,40,reviewed,tx,tx
2024-02-27T18:10:21.739Z,32.156,-101.107,9.9854,2.6,ml,24,104,0.2,0.1,tx,tx2024ebnr,2024-05-10T21:25:54.040Z,"23 km SSW of Westbrook, Texas",earthquake,0.56694315662769,1.7199376482966,0.1,25,reviewed,tx,tx
2024-02-27T05:43:05.695Z,31.675,-104.361,6.0999,2.6,ml,26,57,0.1,0.1,tx,tx2024eaoz,2024-05-10T21:26:01.040Z,"55 km S of Whites City, New Mexico",earthquake,0.65801471002211,0.72778370377371,0.2,16,reviewed,tx,tx
2024-02-25T07:25:14.132Z,31.609,-104.197,2.511,2.9,ml,18,67,0.1,0.1,tx,tx2024dxbj,2024-05-02T15:50:14.040Z,"50 km NW of Toyah, Texas",earthquake,0.68557913660933,1.020937351488,0.2,14,reviewed,tx,tx
2024-02-24T23:50:10.585Z,32.7133,-104.3958,2.146,3.5,mwr,80,33,0.587,0.6,us,us7000m1ew,2024-05-02T15:50:14.040Z,"6 km S of Atoka, New Mexico",earthquake,4.09,6.592,0.075,17,reviewed,us,us
2024-02-24T17:44:07.066Z,31.602,-104.253,6.2537,2.7,ml,33,71,0.1,0.2,tx,tx2024dwah,2024-05-02T15:50:14.040Z,"54 km NW of Toyah, Texas",earthquake,0.99908804825937,1.1111564509154,0.2,25,reviewed,tx,tx
2024-02-24T06:16:22.370Z,31.474,-103.932,2.5366,2.6,ml,14,81,0.1,0.2,tx,tx2024dvdo,2024-05-02T15:50:14.040Z,"22 km NW of Toyah, Texas",earthquake,1.4353044551795,1.5334125813268,0.2,19,reviewed,tx,tx
2024-02-24T04:20:12.575Z,32.6627,-104.4009,5,2.6,ml,35,75,0.56,0.45,us,us7000m19y,2024-05-02T15:50:13.040Z,"11 km S of Atoka, New Mexico",earthquake,2.71,1.965,0.091,16,reviewed,us,us
2024-02-23T11:57:59.885Z,31.676,-104.429,6.51,2.8,ml,14,60,0,0.2,tx,tx2024dttj,2024-05-02T15:50:13.040Z,"55 km S of Whites City, New Mexico",earthquake,1.1604418344923,1.165617334082,0.2,10,reviewed,tx,tx
2024-02-23T10:05:59.442Z,32.6359,-104.4081,5,2.8,ml,33,81,0.55,0.34,us,us7000m11u,2025-02-15T05:58:25.538Z,"14 km S of Atoka, New Mexico",earthquake,2.81,1.964,0.091,22,reviewed,us,us
2024-02-23T09:47:07.805Z,32.6309,-104.4155,4.944,4,mwr,56,43,0.236,0.6,us,us7000m11m,2026-04-06T20:41:40.283Z,"15 km S of Atoka, New Mexico",earthquake,2.75,4.64,0.045,48,reviewed,us,us
2024-02-22T13:20:38.310Z,31.675,-104.195,5.3821,2.7,ml,21,69,0.1,0.1,tx,tx2024dsap,2024-05-02T15:50:12.040Z,"55 km NW of Toyah, Texas",earthquake,0.57147935876069,1.127056156724,0,7,reviewed,tx,tx
2024-02-22T11:14:30.907Z,31.656,-104.311,7.2791,3.3,ml,23,58,0,0.1,tx,tx2024drwk,2024-05-02T15:50:12.040Z,"57 km S of Whites City, New Mexico",earthquake,0.75975522082879,0.93945591256619,0.1,15,reviewed,tx,tx
2024-02-21T04:45:52.781Z,31.666,-104.192,6.1255,2.8,ml,21,58,0.1,0.2,tx,tx2024dpoc,2024-05-02T15:50:12.040Z,"54 km NW of Toyah, Texas",earthquake,0.56913100755145,0.85238391252585,0.1,13,reviewed,tx,tx
2024-02-20T05:53:09.377Z,32.756,-100.643,8.7402,2.6,ml,22,51,0.1,0.2,tx,tx2024dnuu,2024-05-02T15:50:12.040Z,"17 km NE of Hermleigh, Texas",earthquake,0.81987176206814,2.039227277531,0.1,16,reviewed,tx,tx
2024-02-20T05:35:37.103Z,32.751,-100.636,0.0244,2.5,ml,27,64,0.2,0.2,tx,tx2024dnuf,2024-05-02T15:50:12.040Z,"17 km NE of Hermleigh, Texas",earthquake,0.87457959412847,0.8656337285932,0.1,21,reviewed,tx,tx
2024-02-20T05:26:57.978Z,32.759,-100.639,8.1543,2.6,ml,17,88,0.1,0.3,tx,tx2024dnty,2024-05-02T15:50:12.040Z,"17 km NE of Hermleigh, Texas",earthquake,0.82957197338831,1.9000209845379,0.1,11,reviewed,tx,tx
2024-02-20T01:49:20.249Z,32.227,-102.014,7.3975,2.8,ml,14,80,0.1,0.1,tx,tx2024dnmt,2024-05-02T15:50:12.040Z,"23 km WNW of Stanton, Texas",earthquake,0.57113331214731,0.9214895423706,0.1,10,reviewed,tx,tx
2024-02-19T07:37:39.866Z,31.658,-104.448,6.0999,3.3,ml,31,75,0,0.2,tx,tx2024dmcq,2024-05-02T15:50:11.040Z,"57 km S of Whites City, New Mexico",earthquake,0.80398230238945,0.49737881453892,0.1,19,reviewed,tx,tx
2024-02-19T01:09:03.275Z,31.658,-104.361,8.6633,2.9,ml,39,69,0.1,0.2,tx,tx2024dlpy,2024-05-02T15:50:11.040Z,"57 km S of Whites City, New Mexico",earthquake,0.95409735371467,1.201164301344,0.1,25,reviewed,tx,tx
2024-02-17T09:12:04.192Z,31.636,-104.015,6.8561,3.7,ml,36,33,0,0.1,tx,tx2024diox,2024-04-24T14:42:05.040Z,"40 km W of Mentone, Texas",earthquake,0.36776447463115,0.39773853288329,0.2,28,reviewed,tx,tx
2024-02-14T05:50:36.861Z,31.683,-104.398,6.1316,2.5,ml,23,87,0,0.2,tx,tx2024dcvs,2024-04-24T14:42:02.040Z,"54 km S of Whites City, New Mexico",earthquake,0.9347363213,0.7092282768,0.1,13,reviewed,tx,tx
2024-02-13T22:05:02.616Z,31.687,-104.405,4.949,2.5,ml,21,59,0,0.2,tx,tx2024dcgi,2024-04-24T14:42:02.040Z,"54 km S of Whites City, New Mexico",earthquake,0.6474678027,0.6772984826,0.1,23,reviewed,tx,tx
2024-02-13T21:08:31.690Z,31.686,-104.406,6.5429,2.9,ml,46,68,0,0.2,tx,tx2024dceo,2024-04-24T14:42:02.040Z,"54 km S of Whites City, New Mexico",earthquake,0.7450479214,0.7673766626,0.1,25,reviewed,tx,tx
2024-02-13T20:47:07.958Z,31.682,-104.421,6.0802,2.6,ml,25,50,0,0.2,tx,tx2024dcdw,2024-04-24T14:42:02.040Z,"54 km S of Whites City, New Mexico",earthquake,1.05991844,0.838097807,0.1,13,reviewed,tx,tx
2024-02-13T20:44:18.017Z,31.676,-104.403,8.2396,3.4,ml,60,69,0,0.3,tx,tx2024dcds,2024-04-24T14:42:02.040Z,"55 km S of Whites City, New Mexico",earthquake,0.7146916941,0.7500521001,0.1,26,reviewed,tx,tx
2024-02-13T20:26:20.363Z,31.678,-104.41,5.7717,3.2,ml,22,56,0,0.2,tx,tx2024dcdd,2024-04-24T14:42:02.040Z,"55 km S of Whites City, New Mexico",earthquake,0.8136251961,0.7422328297,0.1,12,reviewed,tx,tx
2024-02-13T20:08:28.424Z,31.68,-104.416,6.1316,3.9,ml,66,69,0,0.2,tx,tx2024dccm,2025-05-17T05:41:10.385Z,"55 km S of Whites City, New Mexico",earthquake,0.7157695851,0.7346273152,0,42,reviewed,tx,tx
2024-02-13T20:00:14.743Z,31.669,-104.408,6.6714,3,ml,24,75,0,0.3,tx,tx2024dccg,2024-04-24T14:42:02.040Z,"56 km S of Whites City, New Mexico",earthquake,1.222201841,0.9244303778,0.1,12,reviewed,tx,tx
2024-02-13T17:33:53.971Z,31.525,-104.016,7.3013,2.6,ml,26,58,0,0.2,tx,tx2024dbxi,2024-04-24T14:42:02.040Z,"31 km NW of Toyah, Texas",earthquake,0.6216100695,0.4609416829,0.2,20,reviewed,tx,tx
2024-02-12T23:39:44.977Z,31.627,-104.298,6.9799,2.5,ml,17,69,0.1,0.2,tx,tx2024danz,2024-04-24T14:41:59.040Z,"59 km NW of Toyah, Texas",earthquake,1.166185654,1.613234687,0.1,29,reviewed,tx,tx
2024-02-12T18:12:26.757Z,31.655,-104.398,6.0999,3.5,ml,27,61,0,0.2,tx,tx2024dade,2024-04-24T14:42:01.040Z,"57 km S of Whites City, New Mexico",earthquake,0.7707657448,0.7140237044,0.2,21,reviewed,tx,tx
2024-02-11T18:20:52.420Z,32.21,-104.4887,5,2.6,mb_lg,32,85,0.473,0.43,us,us7000lyh9,2024-04-20T19:35:41.040Z,"11 km WNW of Whites City, New Mexico",earthquake,1.48,1.944,0.117,34,reviewed,us,us
2024-02-10T23:47:44.348Z,31.615,-103.982,8.1882,3,ml,20,59,0,0.3,tx,tx2024cwxf,2024-04-20T19:35:23.040Z,"37 km WSW of Mentone, Texas",earthquake,0.9086530677,1.451930252,0.2,12,reviewed,tx,tx
2024-02-10T13:39:00.508Z,31.683,-104.352,8.4967,2.6,ml,15,57,0.1,0.2,tx,tx2024cwdd,2024-04-20T19:35:10.040Z,"54 km S of Whites City, New Mexico",earthquake,1.017876018,1.275685116,0.1,17,reviewed,tx,tx
2024-02-10T05:34:51.119Z,31.679,-104.286,7.4684,2.7,ml,16,88,0,0.2,tx,tx2024cvne,2024-04-20T19:35:01.040Z,"55 km S of Whites City, New Mexico",earthquake,1.069351236,1.022096379,0.1,37,reviewed,tx,tx
2024-02-10T01:28:18.536Z,32.141,-101.076,8.0566,3.1,ml,16,68,0.2,0.1,tx,tx2024cvey,2024-04-20T19:34:57.040Z,"24 km SSW of Westbrook, Texas",earthquake,1.022985542,2.926066879,0.1,30,reviewed,tx,tx
2024-02-09T22:35:18.167Z,32.145,-101.077,9.0238,2.6,ml,34,68,0.2,0.2,tx,tx2024cuzh,2024-04-20T19:34:54.040Z,"24 km SSW of Westbrook, Texas",earthquake,0.7600623537,2.472667009,0.2,24,reviewed,tx,tx
2024-02-09T21:16:26.737Z,31.67,-104.347,6.3372,2.6,ml,25,57,0.1,0.2,tx,tx2024cuws,2024-04-20T19:34:50.040Z,"56 km S of Whites City, New Mexico",earthquake,0.679313769,1.007065636,0.2,15,reviewed,tx,tx
2024-02-09T10:46:12.943Z,32.141,-101.086,8.926,2.9,ml,35,67,0.2,0.2,tx,tx2024cuby,2024-04-20T19:34:37.040Z,"24 km SSW of Westbrook, Texas",earthquake,0.7843085785,2.535076904,0.1,26,reviewed,tx,tx
2024-02-09T00:20:59.750Z,31.609,-103.969,8.2396,3,ml,13,56,0,0.1,tx,tx2024cthh,2024-04-20T19:34:24.040Z,"36 km NNW of Toyah, Texas",earthquake,0.643003691,0.9988867373,0.2,9,reviewed,tx,tx
2024-02-07T00:19:00.387Z,31.658,-104.368,6.8257,2.6,ml,15,58,0.1,0.2,tx,tx2024cpqg,2024-04-20T19:33:35.040Z,"57 km S of Whites City, New Mexico",earthquake,1.243376059,1.327898843,0.1,28,reviewed,tx,tx
2024-02-06T21:29:27.999Z,31.673,-104.192,8.5481,2.5,ml,40,58,0.1,0.3,tx,tx2024cpkq,2024-04-20T19:33:34.040Z,"54 km NW of Toyah, Texas",earthquake,0.7106171107,0.9457558321,0.2,26,reviewed,tx,tx
2024-02-06T02:36:57.719Z,31.564,-104.106,6.1573,2.5,ml,17,75,0.1,0.3,tx,tx2024cnzh,2024-04-20T19:33:17.040Z,"40 km NW of Toyah, Texas",earthquake,1.213964048,1.978093022,0.3,13,reviewed,tx,tx
2024-02-05T21:34:58.784Z,31.708,-104.169,7.9311,2.8,ml,18,55,0.1,0.2,tx,tx2024cnpf,2024-04-20T19:33:11.040Z,"54 km W of Mentone, Texas",earthquake,0.8192959362,0.958345479,0.2,7,reviewed,tx,tx
2024-02-03T21:40:34.200Z,31.606,-103.944,7.3784,2.6,ml,15,80,0,0.1,tx,tx2024cjyn,2024-04-13T19:37:00.040Z,"34 km WSW of Mentone, Texas",earthquake,0.4414507149,0.4723000059,0.2,12,reviewed,tx,tx
2024-02-03T19:14:30.841Z,31.686,-104.41,5.9516,3.1,ml,46,65,0,0.2,tx,tx2024cjts,2024-04-13T19:36:54.040Z,"54 km S of Whites City, New Mexico",earthquake,1.043381888,0.9242697862,0.2,38,reviewed,tx,tx
2024-02-03T17:49:50.993Z,31.649,-104.455,6.2344,2.5,ml,16,89,0,0.2,tx,tx2024cjqx,2024-04-13T19:36:45.040Z,"58 km S of Whites City, New Mexico",earthquake,1.065851011,0.6285842315,0.1,12,reviewed,tx,tx
2024-02-03T15:51:27.590Z,32.412,-102.029,8.3391,2.6,ml,24,39,0.1,0.1,tx,tx2024cjna,2024-04-13T19:36:36.040Z,"32 km WSW of Ackerly, Texas",earthquake,0.6403150432,1.103932234,0.1,25,reviewed,tx,tx
2024-02-03T04:35:58.229Z,31.668,-104.412,7.5969,2.5,ml,20,57,0,0.3,tx,tx2024ciqs,2024-04-13T19:35:48.040Z,"56 km S of Whites City, New Mexico",earthquake,1.077443644,1.073160526,0.1,16,reviewed,tx,tx
2024-02-03T02:14:59.054Z,31.673,-104.429,6.9542,2.5,ml,13,77,0,0.2,tx,tx2024cimb,2024-04-13T19:35:42.040Z,"55 km S of Whites City, New Mexico",earthquake,1.490909137,1.16663479,0.1,15,reviewed,tx,tx
2024-02-03T01:49:51.790Z,31.569,-104.174,7.8797,2.6,ml,28,70,0,0.1,tx,tx2024cilf,2024-04-13T19:35:40.040Z,"45 km NW of Toyah, Texas",earthquake,0.8412054116,0.8241152728,0.2,23,reviewed,tx,tx
2024-02-02T10:19:06.563Z,32.22,-103.099,5.3955,3.3,ml,34,71,0.1,0.1,tx,tx2024chgn,2024-08-02T16:01:22.544Z,"14 km NE of Jal, New Mexico",earthquake,0.71474153607089,3.5011608287373,0.2,69,reviewed,tx,tx
2024-02-02T08:35:47.716Z,31.677,-104.404,6.6457,2.8,ml,16,56,0,0.2,tx,tx2024chdc,2024-04-13T19:34:48.040Z,"55 km S of Whites City, New Mexico",earthquake,1.015677606,0.8679311102,0.1,25,reviewed,tx,tx
2024-02-02T07:54:45.660Z,31.679,-104.407,6.3886,2.5,ml,14,56,0,0.2,tx,tx2024chbt,2024-04-13T19:34:46.040Z,"55 km S of Whites City, New Mexico",earthquake,1.040753683,1.071125303,0.1,22,reviewed,tx,tx
2024-02-01T20:50:15.991Z,31.736,-104.122,6.0802,2.8,ml,32,37,0.1,0.1,tx,tx2024cgfv,2024-04-13T19:33:55.040Z,"49 km W of Mentone, Texas",earthquake,0.52654067,0.8105874846,0.1,35,reviewed,tx,tx
2024-01-29T08:43:39.693Z,31.675,-104.192,7.2113,2.5,ml,28,68,0.1,0.2,tx,tx2024bzvk,2024-04-13T19:26:20.040Z,"55 km NW of Toyah, Texas",earthquake,0.627709723,0.8336002396,0.1,14,reviewed,tx,tx
2024-01-29T08:04:11.245Z,31.674,-104.192,7.0056,2.5,ml,31,61,0.1,0.2,tx,tx2024bzuc,2024-04-13T19:26:18.040Z,"54 km NW of Toyah, Texas",earthquake,0.5430182505,0.73069413,0.1,18,reviewed,tx,tx
2024-01-28T11:58:57.108Z,31.668,-104.373,6.1316,3.1,ml,19,57,0.1,0.2,tx,tx2024bygi,2024-03-30T22:34:45.040Z,"56 km S of Whites City, New Mexico",earthquake,0.8988886229,1.017788642,0.1,13,reviewed,tx,tx
2024-01-28T00:41:09.203Z,31.559,-104.016,7.9054,3,ml,24,55,0,0.2,tx,tx2024bxjy,2024-03-30T22:34:36.040Z,"34 km NW of Toyah, Texas",earthquake,0.6174571309,0.5423558329,0.2,14,reviewed,tx,tx
2024-01-27T23:08:09.856Z,31.514,-104.158,7.8026,2.6,ml,11,74,0.1,0.2,tx,tx2024bxgw,2024-03-30T22:34:35.040Z,"41 km WNW of Toyah, Texas",earthquake,2.321004239,1.747501993,0.1,14,reviewed,tx,tx
2024-01-27T02:09:29.601Z,32.411,-102.032,6.2115,2.7,ml,29,68,0.1,0.1,tx,tx2024bvrl,2024-03-30T22:34:23.040Z,"32 km WSW of Ackerly, Texas",earthquake,0.4342289765,2.242131606,0.1,14,reviewed,tx,tx
2024-01-26T22:27:40.226Z,31.556,-104.016,6.6971,2.5,ml,8,66,0,0,tx,tx2024bvka,2024-03-30T22:34:21.040Z,"34 km NW of Toyah, Texas",earthquake,0.7711681766,1.006200816,0.1,11,reviewed,tx,tx
2024-01-25T19:38:11.660Z,31.692,-104.29,6.6971,3.2,ml,40,57,0,0.2,tx,tx2024btiy,2024-03-30T22:33:35.040Z,"54 km S of Whites City, New Mexico",earthquake,0.6492512495,0.6010942476,0.1,24,reviewed,tx,tx
2024-01-25T06:48:13.760Z,31.689,-104.295,7.2627,2.5,ml,29,57,0,0.2,tx,tx2024bsjp,2024-03-30T22:33:26.040Z,"54 km S of Whites City, New Mexico",earthquake,0.6165060368,0.5924327125,0.2,22,reviewed,tx,tx
2024-01-25T05:18:28.022Z,31.669,-104.195,6.3886,2.5,ml,36,62,0.1,0.2,tx,tx2024bsgp,2024-03-30T22:33:26.040Z,"54 km NW of Toyah, Texas",earthquake,0.5831600231,0.6044451402,0.1,22,reviewed,tx,tx
2024-01-24T21:01:05.978Z,31.349,-103.072,3.7415,3.3,ml,26,52,0,0.2,tx,tx2024brqf,2024-03-30T22:33:20.040Z,"11 km N of Coyanosa, Texas",earthquake,0.66544538767472,0.71144645927668,0.1,6,reviewed,tx,tx
2024-01-24T18:08:50.304Z,31.675,-104.193,6.3886,2.8,ml,27,68,0.1,0.2,tx,tx2024brkn,2024-03-30T22:33:17.040Z,"55 km NW of Toyah, Texas",earthquake,0.7453525592,0.8172821358,0.2,17,reviewed,tx,tx
2024-01-24T02:40:48.206Z,31.555,-104.018,7.6355,2.5,ml,22,56,0,0.2,tx,tx2024bqfx,2024-03-30T22:33:02.040Z,"34 km NW of Toyah, Texas",earthquake,0.6333913141,0.6614013924,0.2,14,reviewed,tx,tx
2024-01-24T02:24:58.472Z,31.691,-104.301,7.2627,2.6,ml,18,65,0,0.2,tx,tx2024bqfj,2024-03-30T22:33:01.040Z,"54 km S of Whites City, New Mexico",earthquake,0.6161537965,0.6821191628,0.2,14,reviewed,tx,tx
2024-01-24T00:22:40.233Z,31.741,-104.111,6.4015,2.7,ml,21,70,0,0.2,tx,tx2024bqbi,2025-05-17T05:38:33.670Z,"48 km W of Mentone, Texas",earthquake,0.5519936137,0.4739757508,0.2,12,reviewed,tx,tx
2024-01-23T21:02:27.789Z,31.694,-104.299,7.2499,2.7,ml,33,64,0,0.1,tx,tx2024bpus,2024-03-30T22:32:54.040Z,"53 km S of Whites City, New Mexico",earthquake,0.4878582115,0.6761313416,0.1,28,reviewed,tx,tx
2024-01-22T17:57:19.706Z,31.669,-104.181,3.4579,2.8,ml,21,66,0.1,0.1,tx,tx2024bnta,2024-03-30T22:32:25.040Z,"53 km NW of Toyah, Texas",earthquake,0.4674828006,1.099888663,0.2,16,reviewed,tx,tx
2024-01-22T13:53:12.435Z,32.755,-100.644,8.6814,2.7,ml,12,80,0.1,0.1,tx,tx2024bnlb,2024-03-30T22:32:21.040Z,"17 km NE of Hermleigh, Texas",earthquake,0.899564765,1.415170646,0.1,6,reviewed,tx,tx
2024-01-22T02:08:15.194Z,32.411,-102.029,8.9749,3,ml,15,78,0.1,0.1,tx,tx2024bmnt,2024-03-30T22:32:15.040Z,"32 km WSW of Ackerly, Texas",earthquake,0.6297797176,0.8299424178,0.1,31,reviewed,tx,tx
2024-01-22T00:03:17.484Z,32.405,-102.04,8.4858,3.4,ml,16,80,0.1,0.1,tx,tx2024bmjr,2024-03-30T22:32:14.040Z,"33 km WSW of Ackerly, Texas",earthquake,0.5496975556,0.9841587833,0.2,25,reviewed,tx,tx
2024-01-21T21:16:21.645Z,32.008,-103.813,8.9594,2.6,ml,27,67,0,0.2,tx,tx2024bmee,2024-08-02T15:56:11.459Z,"34 km SE of Malaga, New Mexico",earthquake,1.108405838,0.7300005769,0.1,13,reviewed,tx,tx
2024-01-21T16:39:17.570Z,32.405,-102.04,8.7793,3.3,ml,11,80,0.1,0.1,tx,tx2024blvb,2024-03-29T17:37:55.040Z,"33 km WSW of Ackerly, Texas",earthquake,0.7297965338,1.699125869,0.2,27,reviewed,tx,tx
2024-01-21T00:55:18.481Z,31.56,-104.017,8.4839,2.5,ml,26,60,0,0.1,tx,tx2024bkpx,2024-03-29T17:37:55.040Z,"34 km NW of Toyah, Texas",earthquake,0.4595820148,0.3870539048,0.1,12,reviewed,tx,tx
2024-01-20T13:45:11.117Z,31.645,-104.394,6.62,2.6,ml,23,72,0,0.2,tx,tx2024bjtv,2024-03-29T17:37:54.040Z,"58 km S of Whites City, New Mexico",earthquake,1.13953863,1.489270868,0,7,reviewed,tx,tx
2024-01-20T08:14:20.098Z,31.644,-104.417,5.5403,2.5,ml,21,80,0,0.2,tx,tx2024bjiw,2024-03-29T17:37:54.040Z,"59 km S of Whites City, New Mexico",earthquake,1.553110927,1.234272711,0.1,15,reviewed,tx,tx
2024-01-20T01:46:04.615Z,31.608,-104.244,6.6457,3.4,ml,28,68,0.1,0.2,tx,tx2024biwb,2024-03-29T17:37:54.040Z,"53 km NW of Toyah, Texas",earthquake,1.154005037,1.200629654,0.2,22,reviewed,tx,tx
2024-01-19T17:12:43.261Z,32.411,-102.032,9.4395,2.5,ml,30,79,0.1,0.1,tx,tx2024bife,2024-03-29T17:37:54.040Z,"32 km WSW of Ackerly, Texas",earthquake,0.3677375055,0.7691493032,0.2,22,reviewed,tx,tx
2024-01-19T00:59:03.910Z,31.672,-104.183,6.1187,2.7,ml,47,65,0.1,0.1,tx,tx2024bgzb,2024-03-29T17:37:53.040Z,"54 km NW of Toyah, Texas",earthquake,0.3931112051,0.4469554997,0.2,37,reviewed,tx,tx
2024-01-18T23:30:34.149Z,31.676,-104.183,6.1187,2.8,ml,29,64,0.1,0.1,tx,tx2024bgwc,2024-03-29T17:37:53.040Z,"54 km NW of Toyah, Texas",earthquake,0.4142217911,0.5069018407,0.2,22,reviewed,tx,tx
2024-01-18T19:09:09.297Z,32.755,-100.64,8.6814,2.8,ml,15,80,0.1,0.2,tx,tx2024bgnn,2024-03-29T17:37:53.040Z,"17 km NE of Hermleigh, Texas",earthquake,0.9838329718,1.531333515,0.1,11,reviewed,tx,tx
2024-01-18T18:31:37.315Z,32.756,-100.652,8.9504,2.5,ml,24,80,0.1,0.2,tx,tx2024bgmf,2024-03-29T17:37:53.040Z,"16 km NE of Hermleigh, Texas",earthquake,0.7020969215,1.2126449,0.1,34,reviewed,tx,tx
2024-01-18T14:33:37.141Z,31.652,-104.347,7.9311,2.7,ml,45,70,0.1,0.1,tx,tx2024bgej,2024-03-29T17:37:53.040Z,"58 km S of Whites City, New Mexico",earthquake,0.540400733,0.8551494166,0.2,50,reviewed,tx,tx
2024-01-18T13:10:38.001Z,31.658,-104.245,6.9671,2.9,ml,38,65,0,0.2,tx,tx2024bgbq,2024-03-29T17:37:53.040Z,"57 km NW of Toyah, Texas",earthquake,0.5058184929,0.5893764583,0.2,24,reviewed,tx,tx
2024-01-18T06:35:46.120Z,32.689,-100.612,8.1923,2.7,ml,18,86,0.1,0.3,tx,tx2024bfop,2024-03-29T17:37:53.040Z,"15 km ENE of Hermleigh, Texas",earthquake,1.135458046,2.060560279,0.1,11,reviewed,tx,tx
2024-01-18T05:26:42.267Z,32.686,-100.609,6.7006,2.6,ml,16,86,0.1,0.3,tx,tx2024bfmi,2024-03-29T17:37:52.040Z,"15 km ENE of Hermleigh, Texas",earthquake,1.139931755,1.933521074,0.1,10,reviewed,tx,tx
2024-01-17T23:08:52.786Z,31.67,-104.351,2.6867,2.5,ml,21,57,0.1,0.1,tx,tx2024bezw,2024-03-29T17:37:52.040Z,"56 km S of Whites City, New Mexico",earthquake,0.5773942913,1.018120791,0.1,15,reviewed,tx,tx
2024-01-17T14:36:49.815Z,32.138,-101.09,5.2578,2.8,ml,15,68,0.2,0.2,tx,tx2024beiz,2024-03-29T17:37:52.040Z,"25 km SSW of Westbrook, Texas",earthquake,1.244102572,2.88659196,0.2,8,reviewed,tx,tx
2024-01-17T10:04:59.838Z,31.716,-104.288,7.2627,3.2,ml,47,57,0,0.2,tx,tx2024beaa,2024-03-29T17:37:52.040Z,"51 km S of Whites City, New Mexico",earthquake,0.6943810036,0.7093688497,0.1,27,reviewed,tx,tx
2024-01-17T09:21:51.858Z,31.7,-104.411,1.9412,2.7,ml,17,72,0,0.2,tx,tx2024bdyp,2024-03-29T17:37:52.040Z,"52 km S of Whites City, New Mexico",earthquake,0.9953285514,1.807484828,0.2,13,reviewed,tx,tx
2024-01-16T03:02:09.953Z,31.721,-104.284,8.2396,2.8,ml,54,55,0,0.3,tx,tx2024bbqo,2024-03-29T17:37:51.040Z,"51 km S of Whites City, New Mexico",earthquake,0.6700395023,0.7269413217,0.1,26,reviewed,tx,tx
2024-01-15T07:02:53.840Z,30.971,-103.621,9.8592,2.5,ml,45,80,0.1,0.3,tx,tx2024bada,2024-03-29T17:37:51.040Z,"11 km E of Balmorhea, Texas",earthquake,1.199556703,2.397074384,0.1,23,reviewed,tx,tx
2024-01-15T06:12:41.397Z,32.103,-101.099,3.2525,2.5,ml,18,73,0.2,0.2,tx,tx2024babi,2024-03-29T17:37:51.040Z,"25 km E of Forsan, Texas",earthquake,1.404700035,2.451052354,0.1,10,reviewed,tx,tx
2024-01-15T04:12:05.229Z,31.676,-104.188,6.1187,3,ml,42,61,0.1,0.2,tx,tx2024azxj,2024-03-29T17:37:51.040Z,"54 km NW of Toyah, Texas",earthquake,0.4597371808,0.5470759104,0.1,31,reviewed,tx,tx
2024-01-14T16:31:24.031Z,31.655,-104.251,8.3939,2.8,ml,45,66,0,0.2,tx,tx2024azag,2025-05-17T05:38:51.659Z,"57 km NW of Toyah, Texas",earthquake,0.7781644447,0.9240427527,0.1,24,reviewed,tx,tx
2024-01-13T18:19:35.619Z,31.639,-103.987,8.3167,2.6,ml,24,59,0,0.3,tx,tx2024axij,2024-03-16T19:00:35.040Z,"37 km WSW of Mentone, Texas",earthquake,1.211622066,1.26815679,0.2,11,reviewed,tx,tx
2024-01-13T04:28:32.101Z,31.356,-103.066,3.6122,2.9,ml,35,61,0,0.3,tx,tx2024awgx,2024-03-16T19:00:32.040Z,"12 km N of Coyanosa, Texas",earthquake,0.8727874086,1.86799775,0.1,18,reviewed,tx,tx
2024-01-12T06:06:15.557Z,32.321,-101.826,6.3827,2.6,ml,24,34,0,0.1,tx,tx2024auoq,2024-03-16T19:00:26.040Z,"21 km N of Stanton, Texas",earthquake,0.3998606209,0.4684238306,0.3,18,reviewed,tx,tx
2024-01-09T09:23:56.644Z,31.634,-104.021,6.6843,2.7,ml,42,25,0,0.1,tx,tx2024apiq,2024-03-16T19:00:09.040Z,"40 km WSW of Mentone, Texas",earthquake,0.4483949537,0.4355750353,0.2,32,reviewed,tx,tx
2024-01-08T11:41:51.097Z,31.668,-104.195,6.5686,2.5,ml,25,62,0.1,0.2,tx,tx2024anrr,2024-03-16T19:00:00.040Z,"54 km NW of Toyah, Texas",earthquake,0.8458447197,1.31609505,0.2,19,reviewed,tx,tx
2024-01-08T04:11:49.897Z,31.62,-104.109,6.9542,3,ml,32,71,0,0.2,tx,tx2024ancu,2024-03-16T18:59:58.040Z,"45 km NW of Toyah, Texas",earthquake,0.5946311396,0.5957957765,0.2,27,reviewed,tx,tx
2024-01-08T04:11:21.021Z,31.616,-104.108,8.0854,2.7,ml,16,76,0,0.2,tx,tx2024ancv,2024-03-16T18:59:58.040Z,"44 km NW of Toyah, Texas",earthquake,0.9324154716,1.019268809,0.2,12,reviewed,tx,tx
2024-01-07T22:04:21.549Z,31.618,-104.109,7.2242,2.5,ml,31,56,0,0.1,tx,tx2024amqs,2024-03-09T21:40:03.040Z,"45 km NW of Toyah, Texas",earthquake,0.4291734309,0.4699108545,0.1,25,reviewed,tx,tx
2024-01-07T21:22:15.603Z,31.707,-104.169,7.2627,2.8,ml,29,53,0.1,0.3,tx,tx2024ampi,2024-03-09T21:40:03.040Z,"53 km W of Mentone, Texas",earthquake,0.6649738789,0.7547654408,0.2,23,reviewed,tx,tx
2024-01-07T20:50:05.237Z,31.64,-104.387,6.1316,2.7,ml,23,76,0,0.2,tx,tx2024amog,2024-03-09T21:40:02.040Z,"59 km S of Whites City, New Mexico",earthquake,0.8896062291,0.6995527641,0.1,19,reviewed,tx,tx
2024-01-07T16:30:40.789Z,31.708,-104.17,7.4941,2.9,ml,40,53,0.1,0.2,tx,tx2024amfs,2024-03-09T21:39:59.040Z,"54 km W of Mentone, Texas",earthquake,0.4791513405,0.6545495802,0.3,31,reviewed,tx,tx
2024-01-07T13:55:26.901Z,32.144,-101.072,9.0483,2.5,ml,37,68,0.2,0.1,tx,tx2024amap,2024-03-09T21:39:58.040Z,"24 km SSW of Westbrook, Texas",earthquake,0.6620897316,1.349172294,0.2,38,reviewed,tx,tx
2024-01-07T10:10:20.497Z,31.612,-104.099,7.6355,2.9,ml,32,60,0,0.1,tx,tx2024altf,2024-03-09T21:39:56.040Z,"43 km NW of Toyah, Texas",earthquake,0.5183774155,0.4020355196,0.2,40,reviewed,tx,tx
2024-01-07T06:49:27.745Z,32.387,-101.622,5.7469,3.1,ml,21,51,0,0.2,tx,tx2024almo,2024-03-09T21:39:54.040Z,"17 km SSE of Ackerly, Texas",earthquake,0.7746991901,0.737074623,0.2,22,reviewed,tx,tx
2024-01-07T05:19:13.523Z,32.39,-101.622,5.2578,2.5,ml,20,50,0,0.1,tx,tx2024aljp,2024-03-09T21:39:52.040Z,"17 km SSE of Ackerly, Texas",earthquake,0.6108866919,0.6444978526,0.2,22,reviewed,tx,tx
2024-01-07T03:49:10.092Z,31.707,-104.174,7.7255,2.5,ml,38,55,0.1,0.2,tx,tx2024algp,2024-03-09T21:39:52.040Z,"54 km W of Mentone, Texas",earthquake,0.6074838977,0.7271970357,0.2,28,reviewed,tx,tx
2024-01-06T21:59:27.519Z,31.766,-103.791,7.2113,2.7,ml,32,42,0.1,0.1,tx,tx2024akva,2024-03-09T21:39:49.040Z,"19 km WNW of Mentone, Texas",earthquake,0.8162420584,1.710498931,0.1,34,reviewed,tx,tx
2024-01-06T19:00:43.148Z,31.618,-104.104,9.525,2.7,ml,30,56,0,0.3,tx,tx2024akpd,2024-03-09T21:39:47.040Z,"44 km NW of Toyah, Texas",earthquake,0.9888913879,0.7634738809,0.2,22,reviewed,tx,tx
2024-01-06T12:07:27.277Z,31.663,-104.204,7.6226,2.6,ml,34,63,0.1,0.2,tx,tx2024akbn,2024-03-09T21:39:45.040Z,"54 km NW of Toyah, Texas",earthquake,0.6806888396,0.8812636822,0.3,25,reviewed,tx,tx
2024-01-05T22:11:32.845Z,31.669,-104.191,8.034,2.5,ml,20,69,0.1,0.2,tx,tx2024aizz,2024-03-09T21:39:40.040Z,"54 km NW of Toyah, Texas",earthquake,0.8610432764,1.079954705,0.2,14,reviewed,tx,tx
2024-01-05T21:24:09.198Z,31.677,-104.189,6.8,3.3,ml,26,66,0.1,0.2,tx,tx2024aiyj,2025-05-17T05:39:16.807Z,"55 km NW of Toyah, Texas",earthquake,0.7004171723,0.8548875536,0.2,15,reviewed,tx,tx
2024-01-04T19:31:29.327Z,31.594,-104.247,8.4196,2.6,ml,17,71,0.1,0.2,tx,tx2024agzd,2025-05-17T05:40:16.216Z,"53 km NW of Toyah, Texas",earthquake,1.269379314,1.482372045,0.2,6,reviewed,tx,tx
2024-01-04T17:37:28.017Z,31.999,-103.815,8.2396,2.8,ml,20,85,0,0.2,tx,tx2024agvj,2024-03-09T21:39:22.040Z,"34 km SE of Malaga, New Mexico",earthquake,1.007270147,0.8969773241,0.2,13,reviewed,tx,tx
2024-01-03T13:19:58.307Z,31.566,-104.144,7.9311,3.1,ml,22,66,0,0.3,tx,tx2024aerk,2024-03-09T21:39:02.040Z,"43 km NW of Toyah, Texas",earthquake,1.199956214,1.130496607,0.3,16,reviewed,tx,tx
2024-01-03T03:11:31.513Z,31.598,-103.949,9.0109,3.5,ml,17,54,0,0.2,tx,tx2024adxi,2024-03-09T21:38:54.040Z,"34 km NNW of Toyah, Texas",earthquake,1.021824406,1.20910867,0.3,13,reviewed,tx,tx
2024-01-02T19:27:14.996Z,32.752,-100.648,8.0701,2.7,ml,25,80,0.1,0.2,tx,tx2024adia,2024-03-09T21:38:48.040Z,"16 km NE of Hermleigh, Texas",earthquake,0.641426192,1.228425578,0.1,21,reviewed,tx,tx
2024-01-02T17:30:08.489Z,31.642,-104.233,7.5712,2.5,ml,18,66,0,0.3,tx,tx2024aded,2024-03-09T21:38:46.040Z,"55 km NW of Toyah, Texas",earthquake,1.109594024,1.174314884,0.4,14,reviewed,tx,tx
2024-01-02T15:04:29.846Z,31.562,-104.143,6.9028,2.7,ml,21,66,0,0.2,tx,tx2024aczj,2024-03-09T21:38:45.040Z,"43 km NW of Toyah, Texas",earthquake,0.9779958204,0.8091699412,0.2,15,reviewed,tx,tx
2024-01-02T14:55:21.614Z,32.21,-102.607,9.2439,2.5,ml,19,53,0.1,0.2,tx,tx2024acyz,2024-03-09T21:38:45.040Z,"12 km SW of McKinney Acres, Texas",earthquake,0.8783536725,1.422520471,0.2,15,reviewed,tx,tx
2024-01-02T14:00:07.785Z,32.735,-100.657,9.3173,2.6,ml,13,81,0.1,0.2,tx,tx2024acxf,2024-03-09T21:38:44.040Z,"14 km NE of Hermleigh, Texas",earthquake,1.024720287,1.970380537,0.1,11,reviewed,tx,tx
2023-12-31T04:52:22.594Z,31.616,-103.982,6.7486,2.5,ml,13,57,0,0.1,tx,tx2023zpkt,2024-03-02T21:39:31.040Z,"37 km WSW of Mentone, Texas",earthquake,0.5803400985,0.8400319741,0.2,9,reviewed,tx,tx
2023-12-30T21:52:07.690Z,31.616,-103.984,7.6355,2.9,ml,45,40,0,0.1,tx,tx2023zowx,2024-03-02T21:39:34.040Z,"37 km WSW of Mentone, Texas",earthquake,0.4285854391,0.4547044557,0.1,29,reviewed,tx,tx
2023-12-30T21:50:16.735Z,31.619,-103.988,7.5198,3.2,ml,38,37,0.1,0.1,tx,tx2023zowv,2024-03-02T21:39:34.040Z,"38 km WSW of Mentone, Texas",earthquake,0.5363789147,0.927540564,0.1,50,reviewed,tx,tx
2023-12-30T20:28:48.125Z,31.594,-103.953,7.674,3.5,ml,29,55,0.1,0.1,tx,tx2023zoue,2024-03-02T21:39:34.040Z,"34 km NNW of Toyah, Texas",earthquake,0.9388235241,1.499240103,0.1,36,reviewed,tx,tx
2023-12-30T19:42:08.984Z,31.605,-103.98,8.1882,2.5,ml,15,57,0,0.1,tx,tx2023zoss,2024-03-02T21:39:31.040Z,"36 km NNW of Toyah, Texas",earthquake,0.6260705942,0.797121191,0.2,13,reviewed,tx,tx
2023-12-30T19:34:48.337Z,31.61,-103.986,7.2627,2.6,ml,19,42,0,0.3,tx,tx2023zosl,2024-03-02T21:39:31.040Z,"37 km NNW of Toyah, Texas",earthquake,0.8290190922,1.231756646,0.2,13,reviewed,tx,tx
2023-12-30T19:32:33.585Z,31.616,-103.975,7.7383,3.9,ml,36,54,0,0.1,tx,tx2023zosh,2024-03-02T21:39:34.040Z,"36 km WSW of Mentone, Texas",earthquake,0.4603198214,0.622913158,0.1,29,reviewed,tx,tx
2023-12-30T18:54:54.013Z,31.614,-103.969,7.1085,3.1,ml,29,53,0.1,0.1,tx,tx2023zorb,2024-03-02T21:39:34.040Z,"36 km WSW of Mentone, Texas",earthquake,0.5746770161,0.8980247313,0.1,27,reviewed,tx,tx
2023-12-30T18:42:09.342Z,31.614,-103.969,7.1599,3.3,ml,22,50,0,0.1,tx,tx2023zoqq,2024-03-02T21:39:34.040Z,"36 km WSW of Mentone, Texas",earthquake,0.5358510585,0.5351568875,0.1,16,reviewed,tx,tx
2023-12-29T21:48:25.670Z,32.762,-100.644,6.5783,2.9,ml,30,80,0.1,0.2,tx,tx2023znbh,2024-03-02T21:39:33.040Z,"17 km NE of Hermleigh, Texas",earthquake,0.8750526359,1.009609978,0.1,16,reviewed,tx,tx
2023-12-28T14:37:22.727Z,32.125,-101.054,8.1923,2.9,ml,29,69,0.2,0.2,tx,tx2023zkro,2024-03-02T21:39:32.040Z,"25 km S of Westbrook, Texas",earthquake,0.7156590389,2.292157945,0.1,19,reviewed,tx,tx
2023-12-27T18:21:30.218Z,31.641,-104.275,6.4915,2.8,ml,46,68,0,0.2,tx,tx2023zjdl,2024-03-02T21:39:32.040Z,"58 km NW of Toyah, Texas",earthquake,0.7351671334,0.8215990348,0.1,29,reviewed,tx,tx
2023-12-26T19:38:13.932Z,32.848,-100.979,6.0403,2.9,ml,17,67,0.1,0.2,tx,tx2023zhkm,2024-03-02T21:39:31.040Z,"15 km NNW of Snyder, Texas",earthquake,0.7587286347,2.140094077,0.1,11,reviewed,tx,tx
2023-12-26T19:15:23.410Z,31.679,-104.394,6.3629,2.6,ml,16,68,0,0.2,tx,tx2023zhjs,2024-03-02T21:39:31.040Z,"55 km S of Whites City, New Mexico",earthquake,1.086308429,0.7892709171,0.2,13,reviewed,tx,tx
2023-12-25T21:38:26.618Z,31.694,-104.365,6.4658,2.6,ml,37,66,0.1,0.2,tx,tx2023zfsy,2024-03-02T21:39:40.040Z,"53 km S of Whites City, New Mexico",earthquake,0.7435589476,0.952157813,0.2,31,reviewed,tx,tx
2023-12-25T18:30:15.087Z,31.69,-104.298,7.7769,2.6,ml,32,57,0,0.2,tx,tx2023zfms,2024-03-02T21:39:40.040Z,"54 km S of Whites City, New Mexico",earthquake,0.7770254683,0.86509778,0.1,18,reviewed,tx,tx
2023-12-25T16:31:33.172Z,31.69,-104.298,7.5712,2.5,ml,29,65,0,0.1,tx,tx2023zfiv,2024-03-02T21:39:40.040Z,"54 km S of Whites City, New Mexico",earthquake,0.8023883226,1.09744693,0.2,23,reviewed,tx,tx
2023-12-23T19:07:18.548Z,31.7,-104.134,6.6971,2.6,ml,40,42,0.1,0.2,tx,tx2023zbwy,2024-02-27T22:57:05.040Z,"50 km W of Mentone, Texas",earthquake,0.5028315034,0.6184622029,0.2,30,reviewed,tx,tx
2023-12-22T18:14:40.824Z,32.125,-101.052,9.464,2.6,ml,12,69,0.2,0.1,tx,tx2023yzzs,2024-02-27T22:57:04.040Z,"25 km S of Westbrook, Texas",earthquake,1.145091678,2.542563978,0.1,10,reviewed,tx,tx
2023-12-22T03:49:46.994Z,32.843,-100.983,6.4316,2.8,ml,23,80,0.1,0.3,tx,tx2023yyxe,2024-02-27T22:57:04.040Z,"15 km NNW of Snyder, Texas",earthquake,0.9537807711,2.036776789,0.1,14,reviewed,tx,tx
2023-12-22T02:49:18.738Z,32.764,-100.636,8.6325,3.6,ml,19,80,0.1,0.2,tx,tx2023yyve,2024-02-27T22:57:04.040Z,"18 km NE of Hermleigh, Texas",earthquake,0.8642210617,1.12294068,0.2,14,reviewed,tx,tx
2023-12-20T18:07:43.960Z,31.673,-104.328,7.9311,2.7,ml,27,57,0.1,0.2,tx,tx2023ywim,2024-02-27T22:57:02.040Z,"55 km S of Whites City, New Mexico",earthquake,0.8371006663,1.032428824,0.2,21,reviewed,tx,tx
2023-12-20T15:56:16.382Z,31.641,-104.393,6.8514,2.9,ml,26,76,0,0.3,tx,tx2023ywed,2024-02-27T22:57:02.040Z,"59 km S of Whites City, New Mexico",earthquake,1.195164839,0.8188013886,0.1,19,reviewed,tx,tx
2023-12-20T14:30:04.621Z,32.39,-101.633,6.3338,2.5,ml,24,50,0,0.2,tx,tx2023ywbh,2024-02-27T22:57:02.040Z,"17 km SSE of Ackerly, Texas",earthquake,0.7559162239,0.6958226698,0.2,19,reviewed,tx,tx
2023-12-20T14:19:17.742Z,32.385,-101.635,6.2849,3.5,ml,22,81,0,0.2,tx,tx2023ywba,2024-02-27T22:57:02.040Z,"17 km SSE of Ackerly, Texas",earthquake,0.8497987126,1.074000404,0.2,19,reviewed,tx,tx
2023-12-20T10:27:48.024Z,31.662,-104.19,6.2858,2.9,ml,13,62,0.1,0.1,tx,tx2023yvth,2024-02-27T22:57:02.040Z,"53 km NW of Toyah, Texas",earthquake,0.8380877699,1.172690242,0.1,30,reviewed,tx,tx
2023-12-20T10:07:25.521Z,31.698,-104.131,7.0313,2.8,ml,19,48,0.1,0.1,tx,tx2023yvsq,2024-02-27T22:57:02.040Z,"50 km W of Mentone, Texas",earthquake,0.5544169092,0.7851698538,0.1,24,reviewed,tx,tx
2023-12-20T01:42:44.420Z,31.742,-104.119,7.5198,2.7,ml,26,58,0,0.2,tx,tx2023yvbz,2024-02-27T22:57:02.040Z,"49 km W of Mentone, Texas",earthquake,0.6138415661,0.8779333262,0.2,19,reviewed,tx,tx
2023-12-19T15:14:52.859Z,31.538,-104.146,9.5507,3.4,ml,17,70,0,0.2,tx,tx2023yuhg,2024-02-27T22:57:01.040Z,"41 km NW of Toyah, Texas",earthquake,1.390017182,1.119625452,0.2,13,reviewed,tx,tx
2023-12-18T15:19:46.654Z,31.613,-104.392,6.5429,2.8,ml,20,70,0.1,0.3,tx,tx2023ysly,2024-02-27T22:57:00.040Z,"62 km S of Whites City, New Mexico",earthquake,1.157497613,1.259765399,0.1,14,reviewed,tx,tx
2023-12-17T22:56:48.994Z,31.61,-103.976,8.4858,2.9,ml,20,57,0,0.1,tx,tx2023yrfm,2024-02-27T22:57:00.040Z,"37 km NNW of Toyah, Texas",earthquake,0.3477909376,0.3742297445,0.2,15,reviewed,tx,tx
2023-12-17T19:34:55.095Z,31.618,-103.968,6.71,3.9,ml,17,67,0,0.1,tx,tx2023yqyv,2024-02-27T22:57:00.040Z,"36 km WSW of Mentone, Texas",earthquake,0.3785050318,0.3814819298,0.2,13,reviewed,tx,tx
2023-12-17T06:30:53.515Z,31.618,-103.968,6.9542,2.8,ml,12,71,0,0.1,tx,tx2023ypyz,2024-02-27T22:56:59.040Z,"36 km WSW of Mentone, Texas",earthquake,0.6696131175,0.5879683442,0.1,13,reviewed,tx,tx
2023-12-17T04:43:29.536Z,32.762,-100.636,8.6325,2.9,ml,15,80,0.1,0.2,tx,tx2023ypvl,2024-02-27T22:56:59.040Z,"18 km NE of Hermleigh, Texas",earthquake,1.134059009,1.731285782,0.2,12,reviewed,tx,tx
2023-12-16T22:42:07.115Z,31.672,-104.19,4.4863,2.5,ml,10,68,0.1,0.1,tx,tx2023ypjm,2024-02-17T22:43:12.040Z,"54 km NW of Toyah, Texas",earthquake,0.651671075,1.927590457,0.1,18,reviewed,tx,tx
2023-12-16T08:28:45.305Z,31.675,-104.191,6.3886,2.6,ml,15,68,0.1,0.2,tx,tx2023yohj,2024-02-17T22:43:12.040Z,"54 km NW of Toyah, Texas",earthquake,0.6660176232,1.199777707,0.1,21,reviewed,tx,tx
2023-12-16T08:28:01.268Z,32.758,-100.645,7.5321,2.7,ml,17,50,0.1,0.2,tx,tx2023yohi,2024-02-17T22:43:12.040Z,"17 km NE of Hermleigh, Texas",earthquake,0.7938463821,1.233036842,0.1,12,reviewed,tx,tx
2023-12-14T01:28:36.094Z,32.751,-100.649,8.7793,2.8,ml,24,51,0.1,0.2,tx,tx2023ykcm,2024-02-17T22:43:09.040Z,"16 km NE of Hermleigh, Texas",earthquake,0.8875814056,1.33966309,0.1,15,reviewed,tx,tx
2023-12-14T01:14:48.329Z,32.759,-100.643,7.8744,3.8,ml,22,51,0.1,0.1,tx,tx2023ykca,2024-02-17T22:43:09.040Z,"17 km NE of Hermleigh, Texas",earthquake,0.7208216943,1.10977718,0.2,12,reviewed,tx,tx
2023-12-13T15:47:58.913Z,31.737,-104.112,7.4684,3.8,ml,42,52,0,0.2,tx,tx2023yjji,2024-02-17T22:43:09.040Z,"48 km W of Mentone, Texas",earthquake,0.46734374,0.8493216721,0.2,25,reviewed,tx,tx
2023-12-13T10:18:45.724Z,31.634,-104.012,5.656,2.5,ml,13,54,0,0.1,tx,tx2023yiym,2024-02-17T22:43:08.040Z,"39 km WSW of Mentone, Texas",earthquake,0.4243195856,0.46951558,0.1,9,reviewed,tx,tx
2023-12-12T22:03:56.085Z,31.738,-104.103,6.6586,2.5,ml,24,70,0,0.2,tx,tx2023yiah,2024-02-17T22:43:07.040Z,"47 km W of Mentone, Texas",earthquake,0.4621044941,0.6281505739,0.2,14,reviewed,tx,tx
2023-12-12T20:31:11.587Z,31.675,-104.388,7.0571,3.4,ml,44,57,0,0.2,tx,tx2023yhxe,2024-02-17T22:43:07.040Z,"55 km S of Whites City, New Mexico",earthquake,0.7664937551,0.9834142164,0.2,26,reviewed,tx,tx
2023-12-12T08:45:14.356Z,31.739,-104.115,6.093,3.1,ml,30,59,0,0.2,tx,tx2023ygzx,2024-02-17T22:43:06.040Z,"49 km W of Mentone, Texas",earthquake,0.4568249703,0.7022105977,0.1,18,reviewed,tx,tx
2023-12-12T08:27:14.009Z,31.738,-104.115,6.0802,3.1,ml,23,69,0,0.2,tx,tx2023ygzh,2024-02-17T22:43:06.040Z,"49 km W of Mentone, Texas",earthquake,0.4470098296,0.9581824222,0.2,13,reviewed,tx,tx
2023-12-12T06:07:29.297Z,31.622,-104.286,6.6714,2.9,ml,16,70,0.1,0.1,tx,tx2023ygur,2024-02-17T22:43:06.040Z,"57 km NW of Toyah, Texas",earthquake,0.7680279876,1.042154676,0.1,10,reviewed,tx,tx
2023-12-12T03:18:22.318Z,31.656,-104.028,6.7614,3.6,ml,43,43,0,0.2,tx,tx2023ygpd,2024-02-17T22:43:06.040Z,"41 km W of Mentone, Texas",earthquake,0.3825006455,0.4550984901,0.1,25,reviewed,tx,tx
2023-12-12T03:07:25.698Z,31.737,-104.112,6.7614,3.1,ml,43,52,0,0.2,tx,tx2023ygot,2024-02-17T22:43:06.040Z,"48 km W of Mentone, Texas",earthquake,0.4160326395,0.6654855487,0.2,14,reviewed,tx,tx
2023-12-11T12:53:20.324Z,31.74,-104.114,6.71,2.5,ml,29,50,0,0.2,tx,tx2023yfmp,2024-02-17T22:43:06.040Z,"48 km W of Mentone, Texas",earthquake,0.4588259591,0.6116065407,0.1,19,reviewed,tx,tx
2023-12-11T12:51:06.543Z,31.738,-104.112,6.0802,3.1,ml,22,61,0,0.2,tx,tx2023yfmm,2024-02-17T22:43:06.040Z,"48 km W of Mentone, Texas",earthquake,0.6161956376,1.575016415,0.2,14,reviewed,tx,tx
2023-12-10T02:12:42.043Z,31.671,-104.382,6.9542,2.5,ml,22,69,0,0.2,tx,tx2023ycvy,2024-02-17T22:43:05.040Z,"55 km S of Whites City, New Mexico",earthquake,0.7989022295,0.8472256006,0.1,15,reviewed,tx,tx
2023-12-09T20:48:41.854Z,32.314,-101.826,6.8229,2.5,ml,24,45,0,0.1,tx,tx2023yclg,2024-02-10T23:47:47.040Z,"20 km N of Stanton, Texas",earthquake,0.4507303766,0.663511885,0.1,13,reviewed,tx,tx
2023-12-09T17:54:05.456Z,32.017,-101.382,0.0245,2.6,ml,26,77,0.2,0.3,tx,tx2023ycfn,2024-02-10T23:47:46.040Z,"10 km S of Forsan, Texas",earthquake,1.18216989,1.012746117,0.1,20,reviewed,tx,tx
2023-12-08T18:05:51.520Z,32.835,-100.985,8.6325,2.8,ml,18,65,0.1,0.3,tx,tx2023yakj,2024-02-10T23:47:43.040Z,"14 km NNW of Snyder, Texas",earthquake,1.556217659,1.510411596,0.1,6,reviewed,tx,tx
2023-12-08T08:16:41.299Z,31.612,-104.1,6.0802,2.8,ml,17,60,0,0.2,tx,tx2023xzqy,2024-02-10T23:47:42.040Z,"43 km NW of Toyah, Texas",earthquake,0.6065226328,0.6990160088,0.1,30,reviewed,tx,tx
2023-12-06T07:05:15.684Z,31.652,-104.317,8.7024,2.7,ml,50,69,0,0.2,tx,tx2023xvxo,2024-02-10T23:47:37.040Z,"western Texas",earthquake,0.8336048653,0.8260265501,0.1,28,reviewed,tx,tx
2023-12-06T04:48:31.365Z,31.581,-104.032,8.1882,2.6,ml,27,66,0,0.1,tx,tx2023xvtb,2024-02-10T23:47:37.040Z,"37 km NW of Toyah, Texas",earthquake,0.6198544285,0.5102200392,0.2,17,reviewed,tx,tx
2023-12-06T01:14:33.845Z,31.679,-104.193,6.1316,3.1,ml,24,61,0.1,0.2,tx,tx2023xvma,2024-02-10T23:47:36.040Z,"55 km NW of Toyah, Texas",earthquake,0.7252137538,1.168242473,0.1,6,reviewed,tx,tx
2023-12-05T09:06:27.663Z,31.743,-104.124,6.5943,2.7,ml,43,53,0,0.3,tx,tx2023xugb,2024-02-10T23:47:33.040Z,"49 km W of Mentone, Texas",earthquake,0.6386242959,0.8116036817,0.2,24,reviewed,tx,tx
2023-12-05T05:56:59.459Z,31.683,-104.435,6.183,2.5,ml,16,53,0,0.2,tx,tx2023xtzv,2024-02-10T23:47:33.040Z,"54 km S of Whites City, New Mexico",earthquake,0.9749844289,0.7776066314,0.1,17,reviewed,tx,tx
2023-12-05T04:06:19.346Z,31.662,-104.332,6.2601,2.8,ml,19,68,0.1,0.2,tx,tx2023xtwe,2024-02-10T23:47:33.040Z,"57 km S of Whites City, New Mexico",earthquake,1.062698787,1.046623122,0.1,6,reviewed,tx,tx
2023-12-05T00:04:08.308Z,31.666,-104.384,6.4401,3,ml,23,69,0,0.2,tx,tx2023xtoh,2024-02-10T23:47:32.040Z,"56 km S of Whites City, New Mexico",earthquake,1.218600577,1.038935886,0.1,7,reviewed,tx,tx
2023-12-05T00:00:17.418Z,31.68,-104.377,6.8,2.8,ml,17,89,0,0.2,tx,tx2023xtoe,2024-02-10T23:47:32.040Z,"54 km S of Whites City, New Mexico",earthquake,1.371427141,1.218414407,0.3,4,reviewed,tx,tx
2023-12-04T23:59:09.290Z,31.666,-104.376,6.5943,4,ml,21,69,0,0.2,tx,tx2023xtoa,2024-02-10T23:47:32.040Z,"56 km S of Whites City, New Mexico",earthquake,1.173953394,1.042688788,0,7,reviewed,tx,tx
2023-12-04T20:52:39.832Z,31.678,-104.377,6.9542,3.3,ml,30,56,0,0.3,tx,tx2023xthw,2024-02-10T23:47:31.040Z,"western Texas",earthquake,1.124920386,1.098999112,0.1,17,reviewed,tx,tx
2023-12-04T20:13:29.286Z,31.705,-104.294,7.2884,3,ml,26,66,0,0.2,tx,tx2023xtgo,2024-02-10T23:47:31.040Z,"52 km S of Whites City, New Mexico",earthquake,1.395564492,0.9651053631,0.2,15,reviewed,tx,tx
2023-12-04T18:32:04.782Z,31.687,-101.706,3.6927,3.2,ml,30,66,0.1,0.2,tx,tx2023xtdf,2024-02-10T23:47:31.040Z,"28 km SW of Garden City, Texas",earthquake,0.7705910088,1.379228199,0.1,13,reviewed,tx,tx
2023-12-03T06:39:33.445Z,31.671,-104.189,6.2987,2.5,ml,33,61,0.1,0.1,tx,tx2023xqkf,2024-02-10T23:47:23.040Z,"54 km NW of Toyah, Texas",earthquake,0.4586768361,0.6243900068,0.2,24,reviewed,tx,tx
2023-12-02T15:22:24.915Z,31.638,-104.387,6.1316,2.6,ml,20,77,0,0.2,tx,tx2023xpfy,2024-02-06T21:53:51.040Z,"59 km S of Whites City, New Mexico",earthquake,0.8876950756,0.9161714617,0.1,16,reviewed,tx,tx
2023-12-02T03:29:11.667Z,32.749,-100.657,9.1216,3.3,ml,18,57,0.1,0.2,tx,tx2023xoil,2024-02-06T21:53:57.040Z,"15 km NE of Hermleigh, Texas",earthquake,1.232988131,1.758159932,0,6,reviewed,tx,tx
2023-12-01T23:12:42.608Z,31.624,-104.399,8.2657,3.4,ml,26,74,0,0.1,tx,tx2023xnzz,2024-02-06T21:53:57.040Z,"61 km S of Whites City, New Mexico",earthquake,0.5690648448,0.7992385607,0.1,14,reviewed,tx,tx
2023-12-01T01:54:18.120Z,32.295,-101.8,5.7469,2.5,ml,14,53,0,0.1,tx,tx2023xmju,2024-02-06T21:53:55.040Z,"western Texas",earthquake,0.6743769198,0.9311094641,0.2,22,reviewed,tx,tx
2023-12-01T01:15:40.331Z,32.294,-101.797,6.4071,2.5,ml,32,40,0,0.1,tx,tx2023xmin,2024-02-06T21:53:51.040Z,"18 km N of Stanton, Texas",earthquake,0.4054325838,0.5477718529,0.3,30,reviewed,tx,tx
2023-11-30T18:06:17.029Z,31.629,-104.365,6.1316,2.6,ml,28,77,0.1,0.3,tx,tx2023xluj,2024-02-06T21:53:55.040Z,"60 km S of Whites City, New Mexico",earthquake,0.808587095,0.7586327869,0.3,21,reviewed,tx,tx
2023-11-30T12:48:46.931Z,31.514,-104.006,7.3141,2.5,ml(texnet),12,67,0,0.1,tx,tx2023xljx,2024-02-06T21:53:51.040Z,"29 km NW of Toyah, Texas",earthquake,0.7687012852,0.7403426713,0.1,12,reviewed,tx,tx
2023-11-28T12:49:34.554Z,32.418,-102.029,8.5347,3,ml(texnet),19,56,0.1,0.1,tx,tx2023xhsx,2024-02-06T21:53:54.040Z,"31 km WSW of Ackerly, Texas",earthquake,0.7538311997,1.19374902,0.1,7,reviewed,tx,tx
2023-11-28T06:46:59.895Z,31.677,-104.404,6.2601,2.7,ml(texnet),23,69,0,0.2,tx,tx2023xhha,2024-02-06T21:53:53.040Z,"55 km S of Whites City, New Mexico",earthquake,0.8948745333,0.9039779656,0,7,reviewed,tx,tx
2023-11-27T19:07:05.436Z,31.679,-104.425,7.0571,2.5,ml(texnet),15,66,0,0.2,tx,tx2023xgjw,2024-02-06T21:53:51.040Z,"western Texas",earthquake,1.113560183,0.7736938475,0.1,8,reviewed,tx,tx
2023-11-27T19:05:53.786Z,31.681,-104.414,6.1701,2.8,ml(texnet),29,71,0,0.2,tx,tx2023xgju,2024-02-06T21:53:53.040Z,"54 km S of Whites City, New Mexico",earthquake,0.5721661165,0.4661925466,0.1,9,reviewed,tx,tx
2023-11-26T08:17:11.920Z,31.622,-104.187,4.2035,2.6,ml(texnet),31,60,0.1,0.1,tx,tx2023xdsx,2024-02-06T21:53:52.040Z,"50 km NW of Toyah, Texas",earthquake,0.5229229431,1.303290172,0.1,18,reviewed,tx,tx
2023-11-26T01:49:13.099Z,32.469,-102.023,14.6484,2.6,ml(texnet),23,59,0.1,0.1,tx,tx2023xdgd,2024-02-06T21:53:52.040Z,"western Texas",earthquake,0.7050470194,1.271176131,0.1,18,reviewed,tx,tx
2023-11-25T12:00:23.755Z,31.624,-104.366,6.5429,3.2,ml(texnet),22,63,0.1,0.2,tx,tx2023xceu,2024-02-01T15:13:44.040Z,"61 km S of Whites City, New Mexico",earthquake,0.9495990474,1.165592396,0.2,15,reviewed,tx,tx
2023-11-24T11:19:04.840Z,31.74,-104.111,6.2344,2.7,ml(texnet),14,53,0,0.1,tx,tx2023xahx,2024-02-01T15:13:43.040Z,"48 km W of Mentone, Texas",earthquake,0.6029665313,0.7111568379,0.1,19,reviewed,tx,tx
2023-11-24T11:13:27.555Z,31.641,-104.018,6.8,2.8,ml(texnet),21,43,0,0.1,tx,tx2023xaht,2024-02-01T15:13:43.040Z,"40 km W of Mentone, Texas",earthquake,0.5029573987,0.5927211851,0.2,17,reviewed,tx,tx
2023-11-23T23:14:34.607Z,32.409,-102.019,7.6054,4.2,ml,19,56,0.1,0.2,tx,tx2023wzka,2024-02-01T15:13:43.040Z,"31 km WSW of Ackerly, Texas",earthquake,1.197982683,1.98300421,0,6,reviewed,tx,tx
2023-11-21T17:27:04.701Z,31.647,-104.017,4.9252,2.9,ml(texnet),16,46,0,0.1,tx,tx2023wvhn,2024-02-01T15:13:42.040Z,"40 km W of Mentone, Texas",earthquake,0,1.163512542,0.2,13,automatic,tx,tx
2023-11-21T01:01:07.979Z,31.687,-104.395,6.1316,2.9,ml(texnet),28,59,0,0.3,tx,tx2023wuba,2024-02-01T15:13:41.040Z,"54 km S of Whites City, New Mexico",earthquake,1.020187344,0.7941314833,0.1,19,reviewed,tx,tx
2023-11-20T08:50:03.201Z,31.672,-104.397,6.7486,3,ml(texnet),16,69,0,0.3,tx,tx2023wsuz,2024-02-01T15:13:41.040Z,"55 km S of Whites City, New Mexico",earthquake,1.075615579,0.9624256559,0.2,12,reviewed,tx,tx
2023-11-19T15:54:38.659Z,32.894,-100.891,4.3285,2.5,ml(texnet),9,60,0,0.1,tx,tx2023wrnm,2024-02-01T15:13:41.040Z,"19 km N of Snyder, Texas",earthquake,0.6410828507,1.317753133,0.1,12,reviewed,tx,tx
2023-11-18T14:16:11.317Z,32.761,-100.658,9.195,3.5,ml(texnet),21,79,0.1,0.2,tx,tx2023wpos,2024-01-26T16:37:52.040Z,"16 km NE of Hermleigh, Texas",earthquake,1.117491097,1.314211667,0.1,7,reviewed,tx,tx
2023-11-18T03:55:39.369Z,32.108,-102.216,6.8229,2.6,ml(texnet),16,64,0,0.2,tx,tx2023woug,2024-01-26T16:37:51.040Z,"17 km NW of Midland, Texas",earthquake,0.7417028455,1.353352715,0.3,18,reviewed,tx,tx
2023-11-17T23:32:31.463Z,32.127,-101.114,5.3067,2.7,ml(texnet),12,58,0.2,0.2,tx,tx2023wolq,2024-01-26T16:37:51.040Z,"23 km E of Forsan, Texas",earthquake,1.558166732,2.524989541,0.1,30,reviewed,tx,tx
2023-11-17T07:08:49.947Z,35.24,-101.579,4.7931,2.7,ml(texnet),9,79,0.1,0.3,tx,tx2023wnfe,2025-05-04T22:39:31.132Z,"21 km WSW of Panhandle, Texas",earthquake,1.89672328,1.234054668,0.2,7,reviewed,tx,tx
2023-11-17T01:23:12.377Z,31.649,-104.021,5.1418,2.5,ml(texnet),17,50,0,0.1,tx,tx2023wmts,2024-01-26T16:37:47.040Z,"40 km W of Mentone, Texas",earthquake,0.4534317731,0.5372704944,0.1,15,reviewed,tx,tx
2023-11-16T20:02:12.421Z,31.637,-104.15,1.9155,2.5,ml,21,60,0.1,0.1,tx,tx2023wmjd,2024-02-16T22:25:35.510Z,"49 km NW of Toyah, Texas",earthquake,0.5630671072,1.082012466,0.1,19,reviewed,tx,tx
2023-11-15T18:53:34.460Z,31.65,-104.025,7.2113,2.6,ml(texnet),31,36,0,0.2,tx,tx2023wklk,2024-01-26T16:37:43.040Z,"40 km W of Mentone, Texas",earthquake,0.8094657744,0.7207682369,0.2,10,reviewed,tx,tx
2023-11-15T10:58:32.905Z,31.1,-103.265,0.0902,3.5,ml(texnet),18,70,0,0.2,tx,tx2023wjvs,2024-01-26T16:37:43.040Z,"24 km SW of Coyanosa, Texas",earthquake,0.8790168247,0.9820288713,0.4,13,reviewed,tx,tx
2023-11-14T17:06:17.027Z,31.633,-103.977,4.859,2.7,ml(texnet),16,52,0,0.1,tx,tx2023wimi,2024-01-26T16:37:41.040Z,"36 km WSW of Mentone, Texas",earthquake,0.4922961715,0.5985816707,0.2,14,reviewed,tx,tx
2023-11-14T07:42:02.727Z,32.433,-102.109,8.0945,2.6,ml(texnet),43,87,0.1,0.2,tx,tx2023whts,2024-01-26T16:37:41.040Z,"36 km SSW of Los Ybanez, Texas",earthquake,0.6854661277,0.8982630814,0.2,22,reviewed,tx,tx
2023-11-13T15:42:03.080Z,31.633,-104.009,6.9414,2.6,ml(texnet),44,38,0,0.2,tx,tx2023wgob,2024-01-26T16:37:59.040Z,"39 km WSW of Mentone, Texas",earthquake,0.4799671193,0.5179069343,0.2,24,reviewed,tx,tx
2023-11-12T23:21:56.005Z,32.224,-101.997,8.9749,3.5,ml(texnet),16,72,0.1,0.1,tx,tx2023wfhu,2024-01-26T16:37:58.040Z,"22 km WNW of Stanton, Texas",earthquake,0.4781169874,0.768797658,0.1,8,reviewed,tx,tx
2023-11-12T16:20:20.059Z,31.638,-104.012,6.093,2.6,ml(texnet),30,27,0,0.1,tx,tx2023wetw,2024-01-26T16:37:57.040Z,"39 km W of Mentone, Texas",earthquake,0.4988443969,0.52384977,0.1,14,reviewed,tx,tx
2023-11-12T10:39:34.131Z,31.611,-104.01,7.8797,2.9,ml(texnet),15,59,0,0.1,tx,tx2023weiq,2024-01-26T16:37:57.040Z,"38 km NNW of Toyah, Texas",earthquake,0.7200061943,0.6806106264,0.1,11,reviewed,tx,tx
2023-11-12T10:34:39.406Z,31.614,-104.008,8.1368,2.9,ml(texnet),12,57,0,0.1,tx,tx2023wein,2024-01-26T16:37:57.040Z,"western Texas",earthquake,0.8691707116,0.7092892038,0.1,13,reviewed,tx,tx
2023-11-12T07:18:34.146Z,31.623,-103.974,6.2087,2.6,ml(texnet),13,56,0,0.1,tx,tx2023weby,2024-01-26T16:37:56.040Z,"36 km WSW of Mentone, Texas",earthquake,0.5830148225,0.6760821923,0.1,15,reviewed,tx,tx
2023-11-11T14:01:22.190Z,32.3173,-104.5004,7.831,2.5,ml,19,124,0.529,0.21,us,us7000lacj,2024-01-13T23:11:36.040Z,"19 km NW of Whites City, New Mexico",earthquake,2.33,5.408,0.064,32,reviewed,us,us
2023-11-11T12:46:47.217Z,32.31,-101.83,5.8447,2.6,ml(texnet),22,44,0,0.1,tx,tx2023wcrj,2024-01-13T23:11:35.040Z,"20 km N of Stanton, Texas",earthquake,0.45753492,0.7675919653,0.1,6,reviewed,tx,tx
2023-11-10T15:43:17.439Z,31.641,-104.009,5.1675,2.5,ml(texnet),16,44,0,0.1,tx,tx2023wbbo,2024-01-13T23:11:11.040Z,"39 km W of Mentone, Texas",earthquake,0.3827026456,0.4335095214,0.1,12,reviewed,tx,tx
2023-11-10T09:35:04.569Z,31.668,-104.304,7.1085,2.6,ml(texnet),32,67,0,0.1,tx,tx2023wapl,2024-01-13T23:11:01.040Z,"56 km S of Whites City, New Mexico",earthquake,0.7706396152,0.8169399895,0.2,18,reviewed,tx,tx
2023-11-10T04:45:14.708Z,31.639,-104.008,5.5531,2.8,ml(texnet),17,48,0,0.1,tx,tx2023wafw,2024-01-13T23:11:00.040Z,"39 km W of Mentone, Texas",earthquake,0.5327503132,0.6153310544,0.1,14,reviewed,tx,tx
2023-11-10T02:57:07.137Z,31.648,-104.024,6.1187,2.8,ml(texnet),36,33,0,0.2,tx,tx2023waci,2024-01-13T23:10:58.040Z,"40 km W of Mentone, Texas",earthquake,0.4111246828,0.352935634,0.1,22,reviewed,tx,tx
2023-11-09T08:30:47.476Z,31.638,-104.01,5.1418,2.6,ml(texnet),15,42,0,0.1,tx,tx2023vyrv,2024-01-13T23:10:50.040Z,"39 km W of Mentone, Texas",earthquake,0.2739804709,0.4487551587,0.2,9,reviewed,tx,tx
2023-11-09T07:59:39.628Z,31.65,-104.013,4.4863,2.6,ml(texnet),15,43,0,0.1,tx,tx2023vyqu,2024-01-13T23:10:53.040Z,"39 km W of Mentone, Texas",earthquake,0.5763448145,0.8896676849,0.1,11,reviewed,tx,tx
2023-11-09T07:46:55.830Z,31.641,-104.017,6.093,3,ml(texnet),33,36,0,0.2,tx,tx2023vyqk,2024-01-13T23:10:49.040Z,"40 km W of Mentone, Texas",earthquake,0.4358304157,0.3872934794,0.2,19,reviewed,tx,tx
2023-11-09T05:42:09.502Z,31.668,-104.184,6.4015,2.7,ml(texnet),30,67,0.1,0.1,tx,tx2023vymg,2024-01-13T23:10:48.040Z,"53 km NW of Toyah, Texas",earthquake,0.3912490263,0.6025759048,0.2,14,reviewed,tx,tx
2023-11-09T04:58:20.866Z,31.669,-104.184,6.1316,2.7,ml(texnet),19,58,0.1,0.2,tx,tx2023vyku,2024-01-13T23:10:48.040Z,"54 km NW of Toyah, Texas",earthquake,0.5981478596,1.251812091,0.1,32,reviewed,tx,tx
2023-11-08T23:42:25.075Z,31.617,-104.096,6.093,2.5,ml(texnet),30,52,0,0.2,tx,tx2023vyak,2023-11-11T13:22:17.630Z,"44 km NW of Toyah, Texas",earthquake,0.4059049232,0.3552311279,0.1,15,reviewed,tx,tx
2023-11-08T18:00:11.777Z,31.638,-104.011,5.6046,2.5,ml(texnet),28,41,0,0.1,tx,tx2023vxpc,2024-01-13T23:10:43.040Z,"western Texas",earthquake,0.2905769368,0.413537777,0.2,18,reviewed,tx,tx
2023-11-08T15:04:19.861Z,31.641,-104.008,5.0233,2.5,ml(texnet),15,43,0,0.1,tx,tx2023vxjo,2024-01-13T23:10:40.040Z,"39 km W of Mentone, Texas",earthquake,0,2.066676679,0.2,13,automatic,tx,tx
2023-11-08T10:57:51.610Z,31.639,-104.009,5.1675,2.8,ml(texnet),15,46,0,0.1,tx,tx2023vxbi,2024-01-13T23:10:35.040Z,"western Texas",earthquake,0.5029420961,0.6618770654,0.1,13,reviewed,tx,tx
2023-11-08T10:45:35.685Z,31.614,-103.986,7.1599,2.5,ml(texnet),15,56,0,0.1,tx,tx2023vxaw,2024-01-13T23:10:36.040Z,"37 km NNW of Toyah, Texas",earthquake,0.7085670877,1.150908484,0.1,16,reviewed,tx,tx
2023-11-08T10:39:15.908Z,31.636,-103.992,6.093,2.8,ml(texnet),29,41,0,0.2,tx,tx2023vxar,2024-01-13T23:10:36.040Z,"38 km WSW of Mentone, Texas",earthquake,0.3495331089,0.4266744237,0.1,15,reviewed,tx,tx
2023-11-08T10:35:15.082Z,31.611,-103.977,6.8514,2.6,ml(texnet),15,57,0,0.1,tx,tx2023vxan,2024-01-13T23:10:36.040Z,"37 km NNW of Toyah, Texas",earthquake,0.8443247686,0.9499642018,0.1,19,reviewed,tx,tx
2023-11-08T10:31:07.555Z,31.622,-103.98,7.0828,2.8,ml(texnet),14,58,0,0.2,tx,tx2023vxak,2024-01-13T23:10:44.040Z,"37 km WSW of Mentone, Texas",earthquake,0.7314280183,1.031653294,0.3,7,reviewed,tx,tx
2023-11-08T10:30:06.871Z,31.613,-103.994,7.5841,3.2,ml(texnet),15,58,0,0.1,tx,tx2023vxai,2024-01-13T23:10:41.040Z,"38 km NNW of Toyah, Texas",earthquake,0.4682446831,0.6219120053,0.2,13,reviewed,tx,tx
2023-11-08T10:27:49.034Z,31.622,-103.982,7.417,5.2,ml(texnet),31,52,0,0.2,tx,tx2023vxae,2025-10-23T20:54:46.130Z,"Coalson Draw, Texas",earthquake,0.6306655439,0.8419580201,0.2,41,reviewed,tx,tx
2023-11-07T15:38:31.570Z,31.63,-104.351,6.2344,2.6,ml(texnet),23,62,0.1,0.2,tx,tx2023vvox,2024-01-13T23:10:25.040Z,"60 km S of Whites City, New Mexico",earthquake,0.7269580662,0.7308885019,0.1,11,reviewed,tx,tx
2023-11-07T05:44:30.326Z,31.655,-104.451,6.5429,2.6,ml(texnet),46,65,0,0.2,tx,tx2023vuvj,2024-01-13T23:10:21.040Z,"58 km S of Whites City, New Mexico",earthquake,0.8402251668,0.6161196016,0.1,30,reviewed,tx,tx
2023-11-07T04:27:02.204Z,31.666,-104.314,6.1316,2.9,ml(texnet),19,58,0,0.2,tx,tx2023vusu,2024-01-13T23:10:20.040Z,"56 km S of Whites City, New Mexico",earthquake,0.9186663023,0.8933020367,0.1,29,reviewed,tx,tx
2023-11-07T04:02:46.661Z,31.664,-104.311,6.1316,3.4,ml(texnet),44,58,0,0.2,tx,tx2023vury,2024-01-13T23:10:20.040Z,"57 km S of Whites City, New Mexico",earthquake,0.6108414684,0.5871808792,0.2,26,reviewed,tx,tx
2023-11-06T23:44:13.164Z,31.662,-104.307,6.8,2.9,ml(texnet),41,58,0,0.2,tx,tx2023vujk,2024-01-13T23:10:17.040Z,"57 km S of Whites City, New Mexico",earthquake,0.5964872054,0.667615604,0.1,24,reviewed,tx,tx
2023-11-06T21:01:44.902Z,31.659,-104.309,5.0004,2.8,ml(texnet),25,58,0,0.2,tx,tx2023vueb,2024-01-13T23:10:15.040Z,"57 km S of Whites City, New Mexico",earthquake,0.9150066941,1.173240003,0.1,33,reviewed,tx,tx
2023-11-05T15:48:20.994Z,31.674,-104.422,5.9259,2.9,ml(texnet),25,67,0,0.2,tx,tx2023vryf,2024-01-13T23:10:06.040Z,"western Texas",earthquake,0.9258820784,0.7389285219,0.1,15,reviewed,tx,tx
2023-11-05T06:20:14.330Z,31.668,-104.497,5.9773,2.7,ml(texnet),14,67,0,0.2,tx,tx2023vrfn,2024-01-13T23:10:03.040Z,"57 km SSW of Whites City, New Mexico",earthquake,1.9703096,1.213722689,0.1,32,reviewed,tx,tx
2023-11-05T00:49:51.985Z,32.309,-101.827,6.9941,4.1,ml(texnet),25,59,0,0.1,tx,tx2023vqus,2024-01-13T23:10:01.040Z,"20 km N of Stanton, Texas",earthquake,0.4075488477,0.6522286896,0.2,94,reviewed,tx,tx
2023-11-05T00:48:12.743Z,32.313,-101.831,6.4071,2.8,ml(texnet),21,68,0,0.1,tx,tx2023vqup,2024-01-13T23:10:01.040Z,"20 km N of Stanton, Texas",earthquake,0.4902650629,0.7075963041,0.1,11,reviewed,tx,tx
2023-11-04T23:39:55.917Z,32.312,-101.828,6.7251,4.1,ml(texnet),30,45,0,0.1,tx,tx2023vqsh,2024-01-10T06:01:58.040Z,"20 km N of Stanton, Texas",earthquake,0.3733968354,0.5894399804,0.3,24,reviewed,tx,tx
2023-11-04T13:22:12.211Z,31.602,-104.253,7.0313,2.6,ml(texnet),38,61,0.1,0.2,tx,tx2023vpxx,2024-01-18T21:14:27.752Z,"54 km NW of Toyah, Texas",earthquake,0.7775821072,0.9283870598,0.1,19,reviewed,tx,tx
2023-11-03T19:01:13.496Z,31.746,-104.134,6.1187,2.5,ml(texnet),35,59,0,0.2,tx,tx2023vonp,2024-01-10T06:01:50.040Z,"50 km W of Mentone, Texas",earthquake,0.3480306404,0.3626752358,0.2,36,reviewed,tx,tx
2023-11-03T09:51:24.210Z,32.497,-102.291,3.7905,2.7,ml(texnet),15,64,0.1,0.3,tx,tx2023vnvm,2024-01-10T06:01:47.040Z,"31 km NE of Andrews, Texas",earthquake,1.389577639,2.02283693,0.2,11,reviewed,tx,tx
2023-11-02T19:39:10.865Z,32.403,-101.588,4.4752,3.3,ml(texnet),25,51,0,0.2,tx,tx2023vmtn,2024-01-10T06:01:42.040Z,"18 km SE of Ackerly, Texas",earthquake,0.8019438666,0.8150121589,0.3,19,reviewed,tx,tx
2023-11-02T18:54:18.776Z,31.655,-104.293,7.5712,3.1,ml(texnet),20,67,0,0.3,tx,tx2023vmry,2024-01-10T06:01:42.040Z,"58 km S of Whites City, New Mexico",earthquake,1.053316738,1.007629363,0.2,16,reviewed,tx,tx
2023-11-02T18:53:39.324Z,31.665,-104.292,7.9825,2.8,ml(texnet),44,58,0,0.3,tx,tx2023vmrw,2024-01-10T06:01:42.040Z,"57 km S of Whites City, New Mexico",earthquake,0.6109108832,0.858875154,0.2,34,reviewed,tx,tx
2023-11-02T16:51:29.010Z,32.222,-102.004,8.388,3.3,ml(texnet),30,52,0.1,0.1,tx,tx2023vmnw,2024-01-10T06:01:41.040Z,"22 km WNW of Stanton, Texas",earthquake,0.3857635034,0.643972422,0.2,27,reviewed,tx,tx
2023-11-02T13:39:42.908Z,31.626,-104.282,7.5198,2.9,ml(texnet),19,67,0,0.2,tx,tx2023vmhm,2024-01-10T06:01:40.040Z,"57 km NW of Toyah, Texas",earthquake,0.9164818808,1.072717745,0.3,13,reviewed,tx,tx
2023-11-02T12:47:28.301Z,31.659,-104.392,7.9054,2.9,ml(texnet),30,67,0,0.3,tx,tx2023vmft,2024-01-10T06:01:40.040Z,"57 km S of Whites City, New Mexico",earthquake,1.05524779,0.9476558437,0.1,19,reviewed,tx,tx
2023-11-02T08:51:45.070Z,32.226,-102.006,8.6325,2.9,ml(texnet),18,76,0.1,0.1,tx,tx2023vlya,2024-01-10T06:01:39.040Z,"23 km WNW of Stanton, Texas",earthquake,0.8839665114,1.254667434,0.3,13,reviewed,tx,tx
2023-11-01T22:04:34.212Z,31.653,-104.294,7.1856,2.9,ml(texnet),15,68,0,0.3,tx,tx2023vlcq,2024-01-10T06:01:36.040Z,"58 km S of Whites City, New Mexico",earthquake,1.273632707,1.118733783,0.3,11,reviewed,tx,tx
2023-11-01T03:08:49.984Z,32.251,-103.478,8.8566,2.5,ml,24,70,0.1,0.2,tx,tx2023vjre,2024-02-16T22:26:36.444Z,"30 km WNW of Jal, New Mexico",earthquake,0.7801882542,1.242692567,0.2,17,reviewed,tx,tx
2023-10-31T15:51:36.650Z,31.625,-103.993,9.8849,2.6,ml(texnet),22,54,0,0.1,tx,tx2023viuv,2024-01-10T06:01:25.040Z,"38 km WSW of Mentone, Texas",earthquake,0.7625887078,0.8143870178,0.3,30,reviewed,tx,tx
2023-10-31T11:12:57.892Z,32.008,-103.836,6.9028,2.5,ml(texnet),17,69,0,0.1,tx,tx2023vilr,2024-01-10T06:01:23.040Z,"New Mexico",earthquake,1.145341606,0.9170335199,0.1,7,reviewed,tx,tx
2023-10-29T05:51:53.370Z,31.665,-104.372,7.1085,3.3,ml(texnet),66,49,0.1,0.2,tx,tx2023veka,2024-01-10T06:01:08.040Z,"56 km S of Whites City, New Mexico",earthquake,0.8357186136,0.9800321436,0.1,36,reviewed,tx,tx
2023-10-28T10:11:35.366Z,32.747,-100.651,7.4587,2.7,ml(texnet),22,64,0.1,0.2,tx,tx2023vcxg,2024-01-04T04:22:37.040Z,"16 km NE of Hermleigh, Texas",earthquake,0.7284394405,1.668258125,0,7,reviewed,tx,tx
2023-10-27T06:10:55.061Z,31.61,-103.973,8.3296,3.3,ml(texnet),15,56,0,0.1,tx,tx2023vatq,2024-01-04T04:22:24.040Z,"36 km NNW of Toyah, Texas",earthquake,0.4320632032,0.5943018683,0.2,13,reviewed,tx,tx
2023-10-26T23:32:15.269Z,31.679,-104.371,6.0802,2.9,ml(texnet),34,57,0.1,0.2,tx,tx2023vagn,2024-01-04T04:22:22.040Z,"55 km S of Whites City, New Mexico",earthquake,0.6757729392,0.6614416314,0.2,26,reviewed,tx,tx
2023-10-23T04:27:38.116Z,32.837,-100.587,6.8718,2.6,ml(texnet),20,71,0,0.2,tx,tx2023utig,2024-01-04T04:21:55.040Z,"11 km W of Rotan, Texas",earthquake,1.066283924,2.573777448,0,6,reviewed,tx,tx
2023-10-22T23:25:12.112Z,31.716,-104.004,5.6303,2.8,ml(texnet),20,49,0,0.1,tx,tx2023usyg,2024-01-18T21:07:39.424Z,"38 km W of Mentone, Texas",earthquake,0.4165166658,0.5650526038,0.1,6,reviewed,tx,tx
2023-10-21T19:51:33.114Z,31.721,-103.996,6.7357,3,ml(texnet),31,34,0,0.1,tx,tx2023uqvs,2023-12-26T21:24:55.040Z,"western Texas",earthquake,0.3007453033,0.3606685801,0.1,26,reviewed,tx,tx
2023-10-21T10:23:08.459Z,31.692,-104.499,5.7717,2.8,ml(texnet),34,66,0,0.2,tx,tx2023uqcy,2023-12-26T21:24:53.040Z,"54 km SSW of Whites City, New Mexico",earthquake,1.082448524,0.7166500046,0.2,23,reviewed,tx,tx
2023-10-18T10:05:23.160Z,31.673,-104.371,5.2061,3,ml(texnet),19,68,0,0.2,tx,tx2023ukqa,2023-12-26T21:24:32.040Z,"55 km S of Whites City, New Mexico",earthquake,0.8809051866,1.323224319,0.1,7,reviewed,tx,tx
2023-10-18T09:31:36.359Z,31.672,-104.364,4.2035,2.6,ml(texnet),23,57,0.1,0.2,tx,tx2023ukov,2023-12-26T21:24:32.040Z,"55 km S of Whites City, New Mexico",earthquake,0.9092567981,1.278211753,0.2,13,reviewed,tx,tx
2023-10-18T09:29:56.396Z,31.669,-104.368,6.0802,3.4,ml(texnet),29,57,0.1,0.2,tx,tx2023ukot,2023-12-26T21:24:32.040Z,"56 km S of Whites City, New Mexico",earthquake,0.8255482103,0.8056381798,0.1,15,reviewed,tx,tx
2023-10-18T09:22:17.012Z,31.671,-104.371,6.183,3.9,ml(texnet),25,57,0,0.2,tx,tx2023ukol,2024-10-09T12:13:35.870Z,"55 km S of Whites City, New Mexico",earthquake,0.8150984855,0.8575098542,0.1,13,reviewed,tx,tx
2023-10-18T05:41:02.785Z,31.69,-104.444,5.6174,3.9,ml(texnet),37,44,0,0.2,tx,tx2023ukhe,2024-10-09T12:25:51.856Z,"western Texas",earthquake,0.8117200766,0.5488639299,0.1,19,reviewed,tx,tx
2023-10-17T20:16:41.184Z,31.676,-104.37,6.1187,3.5,ml(texnet),32,57,0,0.2,tx,tx2023ujon,2024-10-09T12:41:53.512Z,"55 km S of Whites City, New Mexico",earthquake,0.5605538314,0.5884364837,0.1,23,reviewed,tx,tx
2023-10-17T19:29:22.468Z,31.675,-104.408,6.7984,2.6,ml(texnet),31,87,0,0.1,tx,tx2023ujmz,2023-12-26T21:24:29.040Z,"55 km S of Whites City, New Mexico",earthquake,0.5016323111,0.5603284543,0.2,21,reviewed,tx,tx
2023-10-16T17:49:26.546Z,32.686,-100.691,5.7224,2.6,ml(texnet),18,82,0,0.2,tx,tx2023uhof,2023-12-26T21:24:25.040Z,"western Texas",earthquake,0.7766673926,1.16803424,0.2,17,reviewed,tx,tx
2023-10-13T11:23:04.862Z,31.677,-104.19,6.093,3.1,ml(texnet),27,67,0.1,0.1,tx,tx2023ubox,2023-12-16T22:13:08.040Z,"55 km NW of Toyah, Texas",earthquake,0.5318783922,0.6756896047,0.3,18,reviewed,tx,tx
2023-10-13T03:27:50.614Z,32.325,-101.088,11.9584,2.8,ml(texnet),43,44,0.2,0.2,tx,tx2023uazh,2023-12-16T22:13:08.040Z,"7 km WSW of Westbrook, Texas",earthquake,0.6841538728,0.9063488563,0.2,32,reviewed,tx,tx
2023-10-12T05:33:02.136Z,31.548,-104.145,6.0802,2.5,ml(texnet),18,69,0,0.2,tx,tx2023tzhx,2023-12-16T22:13:05.040Z,"42 km NW of Toyah, Texas",earthquake,1.033941702,1.017967076,0.1,7,reviewed,tx,tx
2023-10-11T05:47:48.714Z,31.679,-104.43,6.183,2.5,ml(texnet),15,52,0,0.2,tx,tx2023txmw,2023-12-16T22:13:07.040Z,"western Texas",earthquake,1.076222032,0.8785943362,0.1,7,reviewed,tx,tx
2023-10-10T12:09:11.371Z,32.3685,-104.4707,9.424,2.7,ml,32,90,0.512,0.35,us,us6000leh6,2023-12-16T22:13:06.040Z,"23 km NNW of Whites City, New Mexico",earthquake,1.91,8.389,0.059,72,reviewed,us,us
2023-10-10T02:10:50.977Z,31.646,-103.996,6.4658,3,ml(texnet),15,70,0,0.1,tx,tx2023tvke,2023-12-16T22:13:06.040Z,"38 km W of Mentone, Texas",earthquake,2.327876325,1.877362514,0.1,6,reviewed,tx,tx
2023-10-10T02:00:52.602Z,32.3584,-104.4798,10,2.6,ml,27,90,0.517,0.48,us,us6000leex,2023-12-16T22:13:06.040Z,"22 km NNW of Whites City, New Mexico",earthquake,3.17,2.011,0.081,60,reviewed,us,us
2023-10-10T01:24:03.879Z,32.407,-102.036,8.8282,2.7,ml(texnet),27,58,0.1,0.1,tx,tx2023tviq,2023-12-16T22:13:06.040Z,"32 km WSW of Ackerly, Texas",earthquake,0.9579435658,1.998260483,0.1,7,reviewed,tx,tx
2023-10-09T18:35:11.639Z,32.832,-100.94,6.1381,2.9,ml(texnet),19,63,0,0.2,tx,tx2023tuve,2023-12-16T22:13:06.040Z,"12 km N of Snyder, Texas",earthquake,0.7536083901,1.629053716,0.1,7,reviewed,tx,tx
2023-10-09T15:15:16.374Z,32.682,-100.696,6.774,2.9,ml(texnet),23,55,0,0.2,tx,tx2023tuoo,2023-12-16T22:13:06.040Z,"7 km NE of Hermleigh, Texas",earthquake,0.8194975003,1.468453297,0.1,19,reviewed,tx,tx
2023-10-09T06:29:31.663Z,31.628,-103.99,7.3013,2.9,ml(texnet),33,49,0,0.1,tx,tx2023ttxf,2023-12-16T22:13:06.040Z,"38 km WSW of Mentone, Texas",earthquake,0.3769752486,0.5032247142,0.2,24,reviewed,tx,tx
2023-10-09T03:02:41.120Z,32.682,-100.698,6.3827,3.1,ml(texnet),29,47,0,0.3,tx,tx2023ttqk,2023-12-16T22:13:06.040Z,"7 km NE of Hermleigh, Texas",earthquake,1.069561538,1.83227485,0.1,17,reviewed,tx,tx
2023-10-08T12:00:39.335Z,31.656,-104.475,5.8231,3.1,ml(texnet),56,67,0,0.3,tx,tx2023tsmq,2023-12-16T22:13:05.040Z,"58 km S of Whites City, New Mexico",earthquake,1.002839781,0.663562094,0.1,25,reviewed,tx,tx
2023-10-08T04:57:07.707Z,31.679,-104.422,6.4915,2.5,ml(texnet),32,62,0,0.2,tx,tx2023tryr,2023-12-16T22:13:05.040Z,"western Texas",earthquake,0.6975808978,0.6049999691,0.2,25,reviewed,tx,tx
2023-10-07T16:20:08.105Z,30.855,-103.491,7.3913,2.7,ml(texnet),16,72,0.2,0.1,tx,tx2023tqzr,2023-12-14T21:26:50.040Z,"western Texas",earthquake,1.189728567,3.193684235,0.2,18,reviewed,tx,tx
2023-10-05T14:14:44.166Z,31.634,-104.177,7.7769,3,mlv,44,63,0.1,0.2,tx,tx2023tneo,2023-12-14T21:26:53.040Z,"50 km NW of Toyah, Texas",earthquake,0.7642540299,0.904673394,0.2,32,reviewed,tx,tx
2023-10-05T04:35:44.659Z,31.605,-103.944,7.3913,2.7,ml(texnet),15,49,0,0.1,tx,tx2023tmll,2023-12-14T21:26:53.040Z,"western Texas",earthquake,0.6258213599,0.7888165509,0.1,16,reviewed,tx,tx
2023-10-04T16:26:38.936Z,31.637,-104.176,7.3656,3.1,ml(texnet),54,60,0.1,0.3,tx,tx2023tlnl,2023-12-14T21:26:52.040Z,"50 km NW of Toyah, Texas",earthquake,0.7786488668,0.8187272806,0.1,24,reviewed,tx,tx
2023-10-04T06:02:01.919Z,31.612,-103.98,6.8514,3,ml(texnet),15,57,0,0.1,tx,tx2023tksr,2023-12-14T21:26:52.040Z,"37 km NNW of Toyah, Texas",earthquake,0.5305099901,0.6522594922,0.1,6,reviewed,tx,tx
2023-10-04T06:01:38.559Z,31.613,-103.978,7.0571,2.7,ml(texnet),15,56,0,0.1,tx,tx2023tksu,2023-12-14T21:26:52.040Z,"37 km WSW of Mentone, Texas",earthquake,0.5991066662,1.046916478,0.1,33,reviewed,tx,tx
2023-10-04T05:29:20.494Z,31.615,-103.981,8.5224,3.1,ml(texnet),66,41,0,0.2,tx,tx2023tkrs,2023-12-14T21:26:52.040Z,"37 km WSW of Mentone, Texas",earthquake,0.4797240687,0.5396509377,0.2,37,reviewed,tx,tx
2023-10-04T04:09:09.870Z,31.616,-103.977,6.3886,2.5,ml(texnet),20,63,0,0.1,tx,tx2023tkpb,2023-12-14T21:26:50.040Z,"37 km WSW of Mentone, Texas",earthquake,0.4944937423,0.6682101462,0.1,6,reviewed,tx,tx
2023-10-04T02:48:51.896Z,32.679,-100.691,6.9941,2.7,ml(texnet),13,83,0,0.1,tx,tx2023tkml,2023-12-14T21:26:52.040Z,"western Texas",earthquake,1.066806863,1.573580112,0.1,23,reviewed,tx,tx
2023-10-03T06:06:21.042Z,32.749,-100.617,3.9861,3.5,ml(texnet),32,71,0.1,0.3,tx,tx2023tixl,2023-12-14T21:26:51.040Z,"18 km SW of Rotan, Texas",earthquake,0.8806643368,1.681531794,0.1,17,reviewed,tx,tx
2023-10-02T03:21:22.285Z,32.758,-100.655,3.8394,3.6,ml(texnet),14,54,0.1,0.1,tx,tx2023tgwm,2023-12-14T21:26:51.040Z,"16 km NE of Hermleigh, Texas",earthquake,0.8525087612,1.486177393,0.1,13,reviewed,tx,tx
2023-10-01T19:47:41.059Z,32.683,-100.696,6.4805,2.9,ml(texnet),21,55,0,0.2,tx,tx2023tghn,2023-12-14T21:26:51.040Z,"7 km NE of Hermleigh, Texas",earthquake,0.8373330724,1.230174246,0,6,reviewed,tx,tx
2023-10-01T09:36:23.525Z,31.656,-104.413,6.0802,2.5,ml(texnet),15,62,0,0.1,tx,tx2023tfnj,2023-12-14T21:26:50.040Z,"57 km S of Whites City, New Mexico",earthquake,0.9030541489,0.7937594849,0.1,23,reviewed,tx,tx
2023-09-30T06:08:07.707Z,32.705,-100.698,2.1765,3.1,ml(texnet),11,71,0,0.1,tx,tx2023tdla,2023-12-09T22:00:42.040Z,"9 km NE of Hermleigh, Texas",earthquake,0.7557533856,1.235482144,0.1,17,reviewed,tx,tx
2023-09-30T01:11:31.108Z,32.7,-100.698,1.9319,3,ml(texnet),14,47,0,0.1,tx,tx2023tdbf,2023-12-09T22:00:42.040Z,"9 km NE of Hermleigh, Texas",earthquake,1.019387885,1.859434706,0.1,21,reviewed,tx,tx
2023-09-29T20:14:40.882Z,31.519,-104.007,6.9028,2.5,ml(texnet),15,63,0,0.1,tx,tx2023tcrj,2023-12-09T22:00:42.040Z,"30 km NW of Toyah, Texas",earthquake,1.051781099,0.8702480795,0.1,7,reviewed,tx,tx
2023-09-29T00:09:52.101Z,31.653,-104.45,6.6971,2.8,ml(texnet),21,72,0,0.2,tx,tx2023tbdq,2023-12-09T22:00:41.040Z,"58 km S of Whites City, New Mexico",earthquake,1.306123671,0.6950173415,0,6,reviewed,tx,tx
2023-09-28T09:26:54.354Z,31.751,-104.183,6.3244,3.2,ml(texnet),36,57,0,0.1,tx,tx2023taap,2023-12-09T22:00:40.040Z,"50 km SSE of Whites City, New Mexico",earthquake,0.4224763812,0.6147673794,0.3,27,reviewed,tx,tx
2023-09-26T19:10:51.971Z,31.706,-104.165,6.4915,2.6,ml(texnet),19,52,0.1,0.1,tx,tx2023sxcu,2023-12-09T22:00:40.040Z,"53 km W of Mentone, Texas",earthquake,0.8191983737,1.137363396,0.1,7,reviewed,tx,tx
2023-09-25T04:09:13.835Z,31.719,-103.998,6.3372,2.6,ml(texnet),21,45,0,0.1,tx,tx2023sudn,2023-12-09T22:00:45.040Z,"37 km W of Mentone, Texas",earthquake,0.7545132382,0.8756983871,0,7,reviewed,tx,tx
2023-09-25T03:18:10.059Z,32.403,-102.021,9.7085,3.3,ml(texnet),17,53,0.1,0.1,tx,tx2023subv,2023-12-09T22:00:45.040Z,"31 km WSW of Ackerly, Texas",earthquake,0.8518771206,2.100788212,0.1,7,reviewed,tx,tx
2023-09-24T08:50:17.927Z,32.687,-100.687,6.4805,2.8,ml(texnet),19,82,0,0.1,tx,tx2023ssri,2023-12-09T22:00:44.040Z,"8 km NE of Hermleigh, Texas",earthquake,0.6814649773,0.8091383874,0.1,14,reviewed,tx,tx
2023-09-23T21:50:18.210Z,32.682,-100.686,6.7984,2.9,ml(texnet),19,83,0,0.1,tx,tx2023srvo,2023-12-02T23:01:11.040Z,"8 km NE of Hermleigh, Texas",earthquake,0.8315215549,1.768094191,0.1,12,reviewed,tx,tx
2023-09-23T16:36:41.177Z,31.498,-103.581,4.8205,2.7,ml(texnet),20,71,0.1,0.3,tx,tx2023srle,2023-12-02T23:01:11.040Z,"western Texas",earthquake,1.197062793,1.247607921,0.3,12,reviewed,tx,tx
2023-09-23T15:49:59.191Z,32.68,-100.692,8.8771,2.6,ml(texnet),12,83,0,0.2,tx,tx2023srjq,2023-12-02T23:01:11.040Z,"8 km NE of Hermleigh, Texas",earthquake,0.9531648543,1.322780591,0.1,9,reviewed,tx,tx
2023-09-23T14:09:21.319Z,31.641,-104.177,6.5686,2.6,ml(texnet),17,59,0.1,0.2,tx,tx2023srgi,2023-12-02T23:01:11.040Z,"51 km NW of Toyah, Texas",earthquake,0.8686963874,1.261027452,0.1,33,reviewed,tx,tx
2023-09-23T00:48:19.951Z,31.679,-104.418,6.3886,2.5,ml(texnet),16,68,0,0.2,tx,tx2023sqfx,2023-12-02T23:01:11.040Z,"55 km S of Whites City, New Mexico",earthquake,0.8000584012,0.7457911883,0.1,31,reviewed,tx,tx
2023-09-22T20:15:58.090Z,32.685,-100.689,6.774,3.9,ml(texnet),23,56,0,0.1,tx,tx2023spwx,2023-12-02T23:01:11.040Z,"8 km NE of Hermleigh, Texas",earthquake,0.7517569669,1.262697308,0,6,reviewed,tx,tx
2023-09-22T12:18:31.454Z,32.2871,-103.3149,7.7,3.5,ml,33,61,0.098,0.5,us,us7000kxci,2023-12-02T23:01:10.040Z,"New Mexico",earthquake,1.94,6.915,0.085,26,reviewed,us,us
2023-09-21T19:35:48.366Z,32.008,-103.842,5.9259,2.5,ml(texnet),20,74,0,0.1,tx,tx2023soac,2023-12-02T23:01:09.040Z,"32 km SE of Malaga, New Mexico",earthquake,1.380029687,0.8132823206,0.1,6,reviewed,tx,tx
2023-09-20T16:09:55.377Z,31.51911132,-104.1640309,6.568603516,2.809321979,ml(texnet),10,77.0350531,0.1604871948,0.2060111058,tx,tx2023slxy,2023-12-02T23:01:09.040Z,"41 km WNW of Toyah, Texas",earthquake,1.604061625,2.469253901,0.1581722777,7,reviewed,tx,tx
2023-09-20T01:29:57.898Z,32.47375488,-102.0924638,4.352945964,2.8,ml,21,73,0.1012374717,0.2,tx,tx2023skuu,2023-12-02T23:01:08.040Z,"31 km SSW of Los Ybanez, Texas",earthquake,1.195755628,2.533227991,0.1,7,reviewed,tx,tx
2023-09-13T05:18:31.195Z,31.62901529,-104.3635558,6.851391602,2.7,ml,18,76,0.06442958063,0.1,tx,tx2023ryhu,2023-11-18T22:29:33.040Z,"60 km S of Whites City, New Mexico",earthquake,0.9610586562,1.219660307,0,6,reviewed,tx,tx
2023-09-12T17:19:15.464Z,31.67568637,-104.4309811,6.774267578,2.8,ml,14,60,0.006334042429,0.1,tx,tx2023rxkc,2023-11-18T22:29:33.040Z,"55 km S of Whites City, New Mexico",earthquake,1.648696599,1.355906615,0.1,6,reviewed,tx,tx
2023-09-12T15:34:09.774Z,32.68157959,-100.691573,7.409790039,2.8,ml,20,56,0.04119253899,0.2,tx,tx2023rxgp,2023-11-18T22:29:33.040Z,"8 km NE of Hermleigh, Texas",earthquake,0.7847935488,1.19854764,0.1,20,reviewed,tx,tx
2023-09-11T11:32:28.379Z,31.6574241,-104.3772564,6.131567383,3.1,ml,63,58,0.04671835208,0.3,tx,tx2023rvdd,2023-11-18T22:29:33.040Z,"57 km S of Whites City, New Mexico",earthquake,0.6859440361,0.5905639471,0.1,35,reviewed,tx,tx
2023-09-11T00:23:35.998Z,31.65478102,-104.280893,8.445288086,2.9,ml,59,58,0.02167422663,0.3,tx,tx2023ruhc,2023-11-18T22:29:32.040Z,"58 km S of Whites City, New Mexico",earthquake,0.7630505774,0.7357579707,0.1,32,reviewed,tx,tx
2023-09-10T21:32:44.181Z,31.56496156,-104.0237212,8.702368164,2.5,ml,17,58,0.03971163465,0.1,tx,tx2023rubl,2023-11-18T22:29:32.040Z,"35 km NW of Toyah, Texas",earthquake,0.8401281232,0.8912503412,0.1,19,reviewed,tx,tx
2023-09-10T17:18:53.856Z,31.66750727,-104.3816511,7.622631836,2.5,ml,37,66,0.03983839769,0.3,tx,tx2023rtta,2023-11-18T22:29:32.040Z,"56 km S of Whites City, New Mexico",earthquake,0.8095218262,0.8075472606,0.1,19,reviewed,tx,tx
2023-09-09T23:49:39.341Z,31.73471451,-104.0999797,7.416967773,2.6,ml,18,33,0.03624879931,0.1,tx,tx2023rskl,2023-11-17T19:47:52.040Z,"47 km W of Mentone, Texas",earthquake,0.6052179156,0.6946856062,0.1,18,reviewed,tx,tx
2023-09-08T01:35:32.940Z,31.94000244,-102.0399438,7.996704102,3.2,ml,25,70,0.09115416927,0.1,tx,tx2023rowx,2024-09-17T01:02:02.650Z,"7 km SSE of Midland, Texas",earthquake,0.5948393292,1.336604543,0.1,7,reviewed,tx,tx
2023-09-06T04:30:49.960Z,31.73209265,-104.094982,6.632873535,2.8,ml,36,66,0.03134506905,0.2,tx,tx2023rlls,2023-11-17T19:47:49.040Z,"western Texas",earthquake,0.4161967978,0.4488458372,0.2,18,reviewed,tx,tx
2023-09-05T16:01:20.919Z,31.74703215,-104.1719732,6.671435547,2.6,ml,25,52,0.07092062512,0.1,tx,tx2023rkmz,2023-11-17T19:47:49.040Z,"51 km SSE of Whites City, New Mexico",earthquake,0.5370226012,1.037233638,0.2,15,reviewed,tx,tx
2023-09-04T23:20:05.039Z,31.66799545,-104.4467889,5.874487305,2.5,ml,31,63,0.0172609427,0.2,tx,tx2023rjfy,2024-01-18T20:50:03.544Z,"56 km S of Whites City, New Mexico",earthquake,0.9365696035,0.5021549433,0.1,19,reviewed,tx,tx
2023-09-04T19:59:59.891Z,31.65367085,-104.4579551,6.799975586,2.6,ml,67,85,0.02224999176,0.3,tx,tx2023rizj,2023-11-17T19:47:49.040Z,"58 km S of Whites City, New Mexico",earthquake,0.9279802486,0.7049778981,0.1,41,reviewed,tx,tx
2023-09-04T01:20:21.504Z,31.36084501,-103.0805919,3.046606445,2.9,ml,24,73,0.02467246733,0.2,tx,tx2023rhok,2023-11-17T19:47:49.040Z,"13 km N of Coyanosa, Texas",earthquake,0.8804698035,1.168409417,0.2,18,reviewed,tx,tx
2023-09-04T01:19:29.896Z,31.35762592,-103.0800718,3.81784668,2.8,ml,24,72,0.02197546414,0.2,tx,tx2023rhoj,2023-11-17T19:47:49.040Z,"12 km N of Coyanosa, Texas",earthquake,0.9231601397,1.557596021,0.2,18,reviewed,tx,tx
2023-09-03T07:48:46.117Z,31.60373983,-103.9352931,6.915661621,2.7,ml,25,46,0.03834148251,0.2,tx,tx2023rgfs,2023-11-17T19:47:48.040Z,"33 km WSW of Mentone, Texas",earthquake,0.4367698105,0.484274386,0.2,13,reviewed,tx,tx
2023-09-02T20:21:54.718Z,32.0038481,-103.8302184,6.607165527,2.7,ml,25,48,0.02488819032,0.2,tx,tx2023rfjb,2023-11-04T21:36:19.040Z,"33 km SE of Malaga, New Mexico",earthquake,0.4273484742,0.532945083,0.1,13,reviewed,tx,tx
2023-09-02T13:28:04.194Z,31.67356557,-104.2051353,6.388647461,2.6,ml,26,58,0.05098732042,0.2,tx,tx2023revi,2023-11-04T21:36:18.040Z,"55 km NW of Toyah, Texas",earthquake,0.5717705921,0.7342507155,0.1,16,reviewed,tx,tx
2023-09-02T06:07:45.626Z,31.60789016,-103.9685271,8.342456055,2.7,ml,17,66,0.002827188665,0.1,tx,tx2023regw,2023-11-04T21:36:17.040Z,"36 km NNW of Toyah, Texas",earthquake,0.5574125179,0.5333334889,0.1,8,reviewed,tx,tx
2023-09-01T09:13:18.922Z,31.93267822,-102.0206507,8.387980143,2.8,ml,20,58,0.1000003256,0.1,tx,tx2023rcrm,2023-11-04T21:36:09.040Z,"8 km SE of Midland, Texas",earthquake,0.6173317846,1.413610826,0.2,30,reviewed,tx,tx
2023-08-31T23:32:31.021Z,32.00672923,-103.8260399,7.519799805,2.5,ml,20,59,0.02236491663,0.2,tx,tx2023rbyj,2023-11-04T21:36:07.040Z,"33 km SE of Malaga, New Mexico",earthquake,0.746794003,0.9875815183,0.1,13,reviewed,tx,tx
2023-08-31T09:44:46.242Z,32.10388184,-101.0635004,8.656982422,2.8,ml,19,67,0.1969533133,0.1,tx,tx2023raxa,2023-11-04T21:36:03.040Z,"28 km S of Westbrook, Texas",earthquake,0.8406557514,2.525353444,0,7,reviewed,tx,tx
2023-08-31T06:11:40.072Z,31.60349918,-103.9763076,8.522412109,2.6,ml,12,77,0.009623512967,0.1,tx,tx2023rapz,2023-11-04T21:36:01.040Z,"36 km NNW of Toyah, Texas",earthquake,1.165591592,1.113912655,0.1,24,reviewed,tx,tx
2023-08-31T04:23:00.267Z,31.91711426,-102.0238662,8.363525391,2.5,ml,21,52,0.1149880129,0.1,tx,tx2023rami,2023-11-04T21:36:00.040Z,"10 km SSE of Midland, Texas",earthquake,1.651760226,2.165729259,0.2,30,reviewed,tx,tx
2023-08-30T20:11:39.733Z,31.01496887,-103.3143406,3.972094727,2.771617911,mlv,24,56,0.09574325386,0.4,tx,tx2023qzwg,2023-11-04T21:35:55.040Z,"34 km SW of Coyanosa, Texas",earthquake,0.95790531,1.189350124,0.1811940185,19,reviewed,tx,tx
2023-08-30T11:40:38.537Z,32.00167485,-103.8254851,8.136791992,2.7,ml,21,54,0.02051959878,0.1,tx,tx2023qzfj,2023-11-04T21:35:50.040Z,"33 km SE of Malaga, New Mexico",earthquake,0.6944350616,0.7789222154,0.1,41,reviewed,tx,tx
2023-08-26T12:32:25.441Z,32.12310791,-101.0538538,6.773966471,2.6,ml,44,69,0.2177025547,0.1,tx,tx2023qrzb,2023-10-28T19:15:38.040Z,"western Texas",earthquake,0.6251790638,2.399807701,0.1,29,reviewed,tx,tx
2023-08-26T07:42:10.864Z,32.4710083,-102.0399438,9.072713216,3.1,ml,29,89,0.4047997215,0.3,tx,tx2023qrpk,2023-10-28T19:15:38.040Z,"29 km SSW of Los Ybanez, Texas",earthquake,1.566309206,2.522069887,0.2,14,reviewed,tx,tx
2023-08-26T04:33:35.926Z,31.67514227,-104.4091735,6.542895508,2.9,ml,27,69,0.0271989213,0.2,tx,tx2023qrjg,2023-10-28T19:15:38.040Z,"55 km S of Whites City, New Mexico",earthquake,0.9266626966,0.7846743602,0.1,18,reviewed,tx,tx
2023-08-25T09:58:46.501Z,31.66361198,-104.3428616,7.982543945,3.1,ml,44,66,0.06694570549,0.3,tx,tx2023qpym,2023-10-28T19:15:37.040Z,"56 km S of Whites City, New Mexico",earthquake,0.9641644207,1.170037522,0.1,24,reviewed,tx,tx
2023-08-24T01:45:59.893Z,31.71828556,-104.2663044,7.314135742,2.9,ml,15,57,0.03897991849,0.1,tx,tx2023qnms,2023-10-28T19:15:36.040Z,"51 km SSE of Whites City, New Mexico",earthquake,1.066887854,1.499193382,0.1,26,reviewed,tx,tx
2023-08-23T20:21:49.567Z,31.68918845,-104.2919274,8.342456055,3.3,ml,48,64,0.02900303677,0.2,tx,tx2023qnca,2023-10-28T19:15:36.040Z,"54 km S of Whites City, New Mexico",earthquake,0.61608636,0.9043392785,0.1,52,reviewed,tx,tx
2023-08-22T22:58:00.335Z,31.66055222,-104.3164618,7.93112793,4,ml,40,68,0.04533120359,0.2,tx,tx2023qlls,2023-10-28T19:15:35.040Z,"57 km S of Whites City, New Mexico",earthquake,0.7897495234,0.8566542976,0.1,24,reviewed,tx,tx
2023-08-22T07:04:20.380Z,31.61319555,-103.997466,8.895178223,3.2,ml,45,56,0.01853198574,0.1,tx,tx2023qkgj,2023-10-28T19:15:34.040Z,"38 km NNW of Toyah, Texas",earthquake,0.4984914377,0.4691772138,0.1,27,reviewed,tx,tx
2023-08-22T07:03:13.879Z,31.61103917,-103.9895211,7.828295898,2.5,ml,13,58,0.01764547106,0.1,tx,tx2023qkgg,2023-10-28T19:15:34.040Z,"37 km NNW of Toyah, Texas",earthquake,0.5460336326,0.5629794604,0.1,30,reviewed,tx,tx
2023-08-22T07:00:13.301Z,31.61457704,-103.9966655,8.895178223,3.7,ml,40,57,0.01873879714,0.1,tx,tx2023qkgd,2023-10-28T19:15:34.040Z,"38 km NNW of Toyah, Texas",earthquake,0.5222862519,0.4599644025,0.2,25,reviewed,tx,tx
2023-08-22T06:55:55.598Z,31.60965503,-103.9911285,8.548120117,2.8,ml,21,40,0.019042412,0.1,tx,tx2023qkfy,2023-10-28T19:15:34.040Z,"37 km NNW of Toyah, Texas",earthquake,0.6238239642,0.6934300392,0.1,37,reviewed,tx,tx
2023-08-22T06:18:27.919Z,31.61059383,-103.9852154,6.799975586,2.7,ml,13,59,0.01396966361,0.1,tx,tx2023qkeu,2023-10-28T19:15:34.040Z,"37 km NNW of Toyah, Texas",earthquake,1.121479388,1.051441511,0.1,29,reviewed,tx,tx
2023-08-22T06:16:25.464Z,31.61240895,-103.9922172,7.776879883,3.4,ml,22,58,0.0200153171,0.1,tx,tx2023qker,2023-10-28T19:15:34.040Z,"38 km NNW of Toyah, Texas",earthquake,0.5480851468,0.6159261329,0.2,13,reviewed,tx,tx
2023-08-22T06:15:17.593Z,31.61195834,-103.9895253,8.342456055,3.8,ml,26,58,0.0176906721,0.1,tx,tx2023qkep,2023-10-28T19:15:34.040Z,"37 km NNW of Toyah, Texas",earthquake,0.6931852227,0.7184626195,0.3,19,reviewed,tx,tx
2023-08-22T04:11:39.955Z,32.40875244,-102.0249381,10.58890788,3.4,ml,19,82,0.1200442309,0.1,tx,tx2023qkal,2023-10-28T19:15:34.040Z,"31 km WSW of Ackerly, Texas",earthquake,0.7952773685,1.254306064,0.1,30,reviewed,tx,tx
2023-08-21T23:55:57.070Z,31.67107653,-104.3983702,7.365551758,2.8,ml,17,81,0.02522125286,0.1,tx,tx2023qjsc,2023-10-28T19:15:34.040Z,"55 km S of Whites City, New Mexico",earthquake,1.163121179,1.224368778,0.1,31,reviewed,tx,tx
2023-08-20T23:57:19.156Z,31.66845374,-104.3773531,4.897583008,2.7,ml,17,57,0.0430526129,0.1,tx,tx2023qhws,2023-10-28T19:15:33.040Z,"56 km S of Whites City, New Mexico",earthquake,0.8250244904,1.085232598,0.1,21,reviewed,tx,tx
2023-08-20T16:06:16.591Z,31.67535408,-104.376337,7.005639648,3.4,ml,84,65,0.04253930558,0.3,tx,tx2023qhhd,2023-10-28T19:15:32.040Z,"55 km S of Whites City, New Mexico",earthquake,0.5722050279,0.708862422,0.1,42,reviewed,tx,tx
2023-08-19T17:30:26.339Z,31.6657674,-104.3660257,5.977319336,2.7,ml,33,66,0.05307734908,0.3,tx,tx2023qfoh,2023-10-27T21:39:04.040Z,"56 km S of Whites City, New Mexico",earthquake,1.003527306,0.8643475974,0.2,14,reviewed,tx,tx
2023-08-19T17:29:41.574Z,31.67470372,-104.3701405,5.591699219,2.7,ml,14,59,0.04786158651,0.1,tx,tx2023qfok,2023-10-27T21:39:04.040Z,"55 km S of Whites City, New Mexico",earthquake,0.8826584373,1.23469905,0.1,25,reviewed,tx,tx
2023-08-19T06:18:23.643Z,32.292,-104.5255,5,2.5,ml,24,122,0.548,0.23,us,us7000kpfa,2023-10-27T21:39:04.040Z,"19 km NW of Whites City, New Mexico",earthquake,2.35,1.96,0.065,31,reviewed,us,us
2023-08-19T02:49:04.058Z,31.68402423,-104.3861039,6.028735352,3.3,ml,53,65,0.03412720883,0.2,tx,tx2023qelh,2023-10-27T21:39:04.040Z,"54 km S of Whites City, New Mexico",earthquake,0.7182050053,0.6565966713,0.1,30,reviewed,tx,tx
2023-08-19T02:17:52.859Z,31.67760404,-104.3838935,5.874487305,3.5,ml,53,65,0.03590953944,0.2,tx,tx2023qekg,2023-10-27T21:39:04.040Z,"55 km S of Whites City, New Mexico",earthquake,0.7391071269,0.7234472668,0.1,29,reviewed,tx,tx
2023-08-16T00:01:59.300Z,31.68130116,-104.380696,6.131567383,2.7,ml,41,68,0.03854591877,0.2,tx,tx2023pyth,2023-10-27T21:39:02.040Z,"54 km S of Whites City, New Mexico",earthquake,0.7076519449,0.6981886639,0,7,reviewed,tx,tx
2023-08-15T22:57:39.927Z,31.68448725,-104.3855696,6.080151367,2.8,ml,24,56,0.03463297507,0.2,tx,tx2023pyre,2023-10-27T21:39:02.040Z,"54 km S of Whites City, New Mexico",earthquake,0.7983485217,0.6991160637,0.1,19,reviewed,tx,tx
2023-08-15T08:05:30.042Z,31.99098862,-103.8767692,7.57121582,2.6,ml,21,46,0.04912521398,0.1,tx,tx2023pxnt,2023-10-27T21:39:02.040Z,"31 km SE of Malaga, New Mexico",earthquake,0.6972135407,1.294746858,0.1,43,reviewed,tx,tx
2023-08-14T21:09:30.090Z,31.68434774,-104.4071038,6.080151367,2.6,ml,39,68,0.03530717906,0.2,tx,tx2023pwsb,2023-10-27T21:39:01.040Z,"54 km S of Whites City, New Mexico",earthquake,0.8293806857,0.670588174,0,7,reviewed,tx,tx
2023-08-14T16:45:05.025Z,35.31463623,-101.701848,6.773966471,3.4,ml,14,81,0.1300410445,0.4,tx,tx2023pwji,2025-05-04T04:04:31.407Z,"15 km NE of Amarillo, Texas",earthquake,2.758908514,2.343075671,0.2,7,reviewed,tx,tx
2023-08-14T12:39:48.686Z,31.68032698,-104.3893013,6.234399414,3.1,ml,38,56,0.04371647849,0.3,tx,tx2023pwbg,2023-10-27T21:39:01.040Z,"54 km S of Whites City, New Mexico",earthquake,0.9370848817,0.8617666406,0.1,18,reviewed,tx,tx
2023-08-14T12:04:20.133Z,31.68399314,-104.390949,6.234399414,2.7,ml,54,65,0.04474047983,0.2,tx,tx2023pwac,2023-10-27T21:39:01.040Z,"54 km S of Whites City, New Mexico",earthquake,0.7051577565,0.8263257374,0.1,32,reviewed,tx,tx
2023-08-13T05:58:30.422Z,31.6742125,-104.41078,7.005639648,2.5,ml,19,56,0.01425866572,0.2,tx,tx2023ptsn,2023-10-27T21:39:00.040Z,"55 km S of Whites City, New Mexico",earthquake,1.114231229,0.9664764946,0.1,24,reviewed,tx,tx
2023-08-13T05:46:42.444Z,31.66962393,-104.4096615,7.725463867,2.5,ml,20,57,0.01749247402,0.1,tx,tx2023ptsd,2023-10-27T21:39:00.040Z,"56 km S of Whites City, New Mexico",earthquake,0.966145294,0.992283999,0.1,28,reviewed,tx,tx
2023-08-13T02:00:14.354Z,31.67972375,-104.4113687,6.337231445,3.3,ml,31,56,0.02942028821,0.1,tx,tx2023ptkr,2023-10-27T21:39:00.040Z,"55 km S of Whites City, New Mexico",earthquake,0.7642683373,0.7041985359,0.1,41,reviewed,tx,tx
2023-08-12T11:03:45.021Z,31.73062341,-103.9615245,7.159887695,2.7,ml,21,39,0.01524615123,0.1,tx,tx2023pshd,2023-10-17T22:01:31.040Z,"34 km W of Mentone, Texas",earthquake,0.8675677047,1.018662831,0.1,39,reviewed,tx,tx
2023-08-10T05:57:30.945Z,32.3356,-104.6141,5,2.6,ml,19,248,0.627,0.53,us,us6000kz0l,2023-10-17T22:01:29.040Z,"28 km NW of Whites City, New Mexico",earthquake,2.2,1.974,0.062,48,reviewed,us,us
2023-08-09T09:09:03.150Z,31.67605077,-104.4107968,6.080151367,2.6,ml,38,66,0.01355995494,0.3,tx,tx2023pmqu,2023-10-17T22:01:28.040Z,"55 km S of Whites City, New Mexico",earthquake,1.185198745,0.9463248314,0.1,21,reviewed,tx,tx
2023-08-09T04:25:11.513Z,31.67839805,-104.4032812,5.46315918,2.8,ml,15,56,0.01937485869,0.2,tx,tx2023pmhk,2023-10-17T22:01:28.040Z,"western Texas",earthquake,0.875131068,0.9012338478,0.1,25,reviewed,tx,tx
2023-08-08T22:34:51.029Z,31.67836631,-104.4081261,6.851391602,3.6,ml,45,69,0.01527432582,0.2,tx,tx2023plvw,2023-10-17T22:01:28.040Z,"55 km S of Whites City, New Mexico",earthquake,0.8735812779,0.9449143938,0.1,31,reviewed,tx,tx
2023-08-08T18:48:51.775Z,31.61175964,-104.3669041,6.774267578,2.5,ml,20,84,0.07117974095,0.2,tx,tx2023plok,2023-10-17T22:01:28.040Z,"62 km S of Whites City, New Mexico",earthquake,1.551448325,1.924202717,0.1,26,reviewed,tx,tx
2023-08-08T17:38:27.284Z,31.6675007,-104.4179856,7.185595703,2.8,ml,19,57,0.01448783752,0.2,tx,tx2023plmd,2023-10-17T22:01:28.040Z,"56 km S of Whites City, New Mexico",earthquake,1.595780446,1.170936116,0.1,33,reviewed,tx,tx
2023-08-08T15:55:19.467Z,31.6521,-104.3933,5,2.7,ml,32,66,0.033,0.37,us,us6000kynp,2023-10-17T22:01:28.040Z,"58 km S of Whites City, New Mexico",earthquake,1.24,1.66,0.056,62,reviewed,us,us
2023-08-08T15:42:09.802Z,31.67284797,-104.4086142,5.92590332,2.9,ml,13,77,0.01651815146,0.1,tx,tx2023plig,2023-10-17T22:01:28.040Z,"55 km S of Whites City, New Mexico",earthquake,0.9031126358,0.6874617423,0.1,31,reviewed,tx,tx
2023-08-08T13:59:12.834Z,31.67842261,-104.399513,6.182983398,2.5,ml,35,69,0.02257162134,0.2,tx,tx2023plew,2023-10-17T22:01:28.040Z,"55 km S of Whites City, New Mexico",earthquake,0.6895906293,0.6255012093,0,6,reviewed,tx,tx
2023-08-08T13:39:24.626Z,31.67653511,-104.4070328,6.131567383,2.5,ml,35,69,0.01651937909,0.2,tx,tx2023plef,2023-10-17T22:01:28.040Z,"55 km S of Whites City, New Mexico",earthquake,0.9977788776,0.8354296793,0,6,reviewed,tx,tx
2023-08-08T04:05:20.631Z,31.66922076,-104.401045,6.182983398,2.8,ml,31,69,0.02391862559,0.2,tx,tx2023pklj,2023-10-17T22:01:27.040Z,"56 km S of Whites City, New Mexico",earthquake,0.8526287022,0.7398269473,0.1,7,reviewed,tx,tx
2023-08-08T04:03:09.757Z,31.67702989,-104.4016538,6.131567383,3.2,ml,37,65,0.03325750827,0.3,tx,tx2023pklf,2023-10-17T22:01:27.040Z,"55 km S of Whites City, New Mexico",earthquake,1.064519897,0.863895809,0.1,19,reviewed,tx,tx
2023-08-07T15:29:08.426Z,31.6770474,-104.3989623,7.10847168,3.3,ml,57,65,0.03508440058,0.3,tx,tx2023pjmi,2023-10-17T22:01:27.040Z,"55 km S of Whites City, New Mexico",earthquake,0.7818015831,0.8677959523,0.1,28,reviewed,tx,tx
2023-08-07T13:09:23.368Z,31.67889267,-104.3979022,6.74855957,3,ml,39,69,0.03692282672,0.2,tx,tx2023pjhr,2023-10-17T22:01:27.040Z,"55 km S of Whites City, New Mexico",earthquake,0.7903813915,0.7785536267,0.1,20,reviewed,tx,tx
2023-08-07T03:41:50.543Z,31.69736828,-104.1277627,6.388647461,3.1,ml,21,57,0.05757956328,0.2,tx,tx2023pioz,2024-01-18T20:39:08.638Z,"50 km W of Mentone, Texas",earthquake,0.5331010356,0.7447886131,0.1,11,reviewed,tx,tx
2023-08-04T21:58:22.427Z,32.26226807,-101.9113234,6.040323893,3,ml,19,65,0.02342993694,0.1,tx,tx2023pemq,2023-10-07T21:38:58.040Z,"western Texas",earthquake,0.527151033,0.9343786213,0.2,11,reviewed,tx,tx
2023-08-04T17:49:19.444Z,31.68076923,-104.391997,6.131567383,3.4,ml,22,56,0.04207819746,0.2,tx,tx2023peel,2024-01-18T20:38:08.805Z,"54 km S of Whites City, New Mexico",earthquake,0.7986171719,0.7301357389,0.1,11,reviewed,tx,tx
2023-08-04T16:19:22.638Z,31.68906913,-104.3877638,7.159887695,2.7,ml,46,67,0.05008189242,0.2,tx,tx2023pebl,2024-01-18T20:38:05.129Z,"53 km S of Whites City, New Mexico",earthquake,0.6904286028,0.9251683899,0,7,reviewed,tx,tx
2023-08-01T08:40:08.898Z,31.56591324,-104.0145852,6.851391602,2.6,ml,26,57,0.04582522131,0.2,tx,tx2023oxzw,2023-10-07T21:38:55.040Z,"34 km NW of Toyah, Texas",earthquake,1.009726198,1.003449655,0.1,6,reviewed,tx,tx
2023-07-31T21:29:07.933Z,32.83538818,-100.9445265,5.25777181,3.1,ml,23,65,0.0404942445,0.2,tx,tx2023oxdt,2023-10-07T21:38:55.040Z,"western Texas",earthquake,0.6550395879,1.246719888,0,7,reviewed,tx,tx
2023-07-31T21:07:29.071Z,31.6763739,-104.4312567,6.234399414,2.6,ml,17,54,0.006026507768,0.1,tx,tx2023oxcz,2023-10-07T21:38:55.040Z,"55 km S of Whites City, New Mexico",earthquake,0.8972550895,0.556445544,0.1,28,reviewed,tx,tx
2023-07-31T09:32:55.128Z,31.67564065,-104.4032563,6.542895508,3.3,ml,15,56,0.03132150872,0.2,tx,tx2023owgb,2023-10-07T21:38:55.040Z,"55 km S of Whites City, New Mexico",earthquake,1.254562871,1.308402012,0.2,10,reviewed,tx,tx
2023-07-31T09:25:21.341Z,32.37762451,-101.6605135,5.844685872,3.5,ml,20,74,0.04747227338,0.1,tx,tx2023owfu,2023-10-07T21:38:55.040Z,"17 km SSE of Ackerly, Texas",earthquake,0.4742464735,0.5466117712,0.2,16,reviewed,tx,tx
2023-07-29T23:16:34.712Z,32.37762451,-101.6497952,8.73034668,3.3,ml,49,35,0.05262696303,0.3,tx,tx2023otqf,2023-09-30T21:36:34.040Z,"17 km SSE of Ackerly, Texas",earthquake,0.7029298409,0.9027351637,0.1,70,reviewed,tx,tx
2023-07-29T07:17:44.296Z,32.88116455,-100.9702506,3.692667643,3.1,ml,32,70,0.04958972339,0.2,tx,tx2023oskn,2024-01-18T20:35:28.582Z,"18 km NNW of Snyder, Texas",earthquake,1.11952079,1.643881314,0.1,23,reviewed,tx,tx
2023-07-28T18:20:53.470Z,31.61517544,-103.9895401,8.39387207,2.5,ml,13,68,0.02451322626,0.2,tx,tx2023orkz,2023-09-30T21:36:32.040Z,"38 km NNW of Toyah, Texas",earthquake,0.971158629,0.9355015316,0.2,18,reviewed,tx,tx
2023-07-27T07:42:07.430Z,31.56759707,-104.0565342,7.468383789,2.5,ml,32,54,0.01941537205,0.3,tx,tx2023oouk,2023-09-30T21:36:32.040Z,"37 km NW of Toyah, Texas",earthquake,0.7456616087,0.7067497273,0.2,23,reviewed,tx,tx
2023-07-25T23:15:32.035Z,32.2903,-103.2817,2.006,3.1,mb_lg,16,192,0.298,0.24,us,us6000kvju,2023-09-30T21:36:31.040Z,"19 km SW of Eunice, New Mexico",earthquake,2.47,7.883,0.05,107,reviewed,us,us
2023-07-22T21:20:39.287Z,32.84088135,-100.9466702,4.279581706,3.4,ml,19,65,0.0381362186,0.2,tx,tx2023ogrw,2024-07-23T04:24:20.695Z,"13 km NNW of Snyder, Texas",earthquake,0.6254541335,1.131843599,0.1,14,reviewed,tx,tx
2023-07-22T09:38:54.357Z,31.66508308,-104.3652124,6.157275391,2.7,ml,24,69,0.05766007815,0.1,tx,tx2023ofus,2023-09-28T21:34:08.040Z,"56 km S of Whites City, New Mexico",earthquake,1.037668702,1.573004327,0,7,reviewed,tx,tx
2023-07-22T09:24:21.998Z,31.93450928,-102.3464891,7.801066081,3.5,ml,19,61,0.02774057982,0.1,tx,tx2023ofue,2023-09-28T21:34:08.040Z,"10 km SSE of Gardendale, Texas",earthquake,0.6832292661,0.5709666219,0.2,29,reviewed,tx,tx
2023-07-22T07:26:41.762Z,31.68052088,-104.4296804,5.668823242,2.7,ml,16,74,0.02444466264,0.2,tx,tx2023ofqj,2023-09-28T21:34:07.040Z,"55 km S of Whites City, New Mexico",earthquake,1.054525266,1.061622298,0.1,7,reviewed,tx,tx
2023-07-22T04:14:44.508Z,31.67731546,-104.4106737,6.118713379,2.6,ml,29,69,0.01331926772,0.2,tx,tx2023ofkb,2023-09-28T21:34:07.040Z,"western Texas",earthquake,0.6503709075,0.4210343329,0.1,20,reviewed,tx,tx
2023-07-21T21:29:26.742Z,31.96929932,-102.3121904,7.947794596,2.6,ml,23,69,0.03490927551,0.1,tx,tx2023oewq,2023-09-28T21:34:05.040Z,"8 km SE of Gardendale, Texas",earthquake,0.4802049816,0.5003868761,0.2,19,reviewed,tx,tx
2023-07-21T01:15:41.456Z,31.67461299,-104.4861502,4.743334961,2.5,ml,30,76,0.01384276948,0.2,tx,tx2023odip,2023-09-28T21:34:01.040Z,"56 km S of Whites City, New Mexico",earthquake,0.9075309443,0.5453025192,0.2,18,reviewed,tx,tx
2023-07-17T23:15:02.962Z,31.65901808,-104.2626257,6.440063477,2.6,ml,16,66,0.01275151432,0.1,tx,tx2023nxsd,2023-09-28T21:33:44.040Z,"58 km S of Whites City, New Mexico",earthquake,1.286793744,0.9384403095,0.1,6,reviewed,tx,tx
2023-07-17T23:13:03.654Z,31.65396568,-104.2620494,6.74855957,2.9,ml,15,65,0.01783060009,0.2,tx,tx2023nxsb,2023-09-28T21:33:40.040Z,"58 km NW of Toyah, Texas",earthquake,1.08331934,0.8355399899,0.1,33,reviewed,tx,tx
2023-07-17T21:25:27.635Z,31.65262315,-104.476244,5.92590332,3.2,ml,19,101,0.02633223109,0.2,tx,tx2023nxon,2023-09-28T21:33:40.040Z,"58 km S of Whites City, New Mexico",earthquake,1.35176467,0.6895326878,0,6,reviewed,tx,tx
2023-07-16T21:16:09.611Z,31.67426702,-104.2027177,6.465771484,2.7,ml,21,62,0.05307737314,0.1,tx,tx2023nvsr,2023-09-28T21:33:32.040Z,"55 km NW of Toyah, Texas",earthquake,0.8151359752,0.9358276182,0.1,7,reviewed,tx,tx
2023-07-16T20:57:11.770Z,32.12219238,-101.0506383,3.961669922,2.5,ml,37,69,0.2176140271,0.2,tx,tx2023nvsc,2023-09-28T21:33:49.040Z,"26 km S of Westbrook, Texas",earthquake,0.8450435497,2.142957597,0.1,25,reviewed,tx,tx
2023-07-16T07:45:37.759Z,31.61231595,-103.9856267,7.712609863,3,ml,23,41,0.0144111784,0.1,tx,tx2023nurz,2023-09-28T21:33:25.040Z,"37 km NNW of Toyah, Texas",earthquake,0.455394047,0.4313273196,0.2,18,reviewed,tx,tx
2023-07-16T02:04:52.963Z,31.61279927,-103.9783664,7.352697754,2.7,ml,20,53,0.008394185965,0.1,tx,tx2023nugs,2023-09-28T21:33:23.040Z,"37 km WSW of Mentone, Texas",earthquake,0.3813872617,0.3529011877,0.1,10,reviewed,tx,tx
2023-07-16T01:56:55.946Z,31.60969925,-103.9776801,7.416967773,2.5,ml,14,57,0.03565474927,0.1,tx,tx2023nugl,2023-09-28T21:33:48.040Z,"37 km NNW of Toyah, Texas",earthquake,0.5623988258,0.6988402164,0.1,21,reviewed,tx,tx
2023-07-16T01:51:55.916Z,31.61211251,-103.9775564,7.069909668,2.9,ml,21,56,0.0075690015,0.1,tx,tx2023nugi,2023-09-28T21:33:23.040Z,"37 km WSW of Mentone, Texas",earthquake,0.4077112422,0.3762596451,0.1,26,reviewed,tx,tx
2023-07-16T01:20:19.790Z,31.61141964,-103.9786292,7.326989746,2.5,ml,18,47,0.008381841742,0.1,tx,tx2023nufh,2023-09-28T21:33:22.040Z,"37 km NNW of Toyah, Texas",earthquake,0.450240962,0.5725808524,0.1,29,reviewed,tx,tx
2023-07-15T11:30:59.945Z,31.6757,-104.2817,5,2.7,ml,21,70,0.187,0.47,us,us7000kfys,2023-09-16T19:16:17.040Z,"56 km S of Whites City, New Mexico",earthquake,1.09,1.682,0.07,39,reviewed,us,us
2023-07-15T08:53:47.637Z,31.65962566,-104.3923465,5.977319336,3,ml,29,67,0.03400901951,0.2,tx,tx2023nsys,2023-09-16T19:16:17.040Z,"57 km S of Whites City, New Mexico",earthquake,0.8547987817,0.9791541768,0,7,reviewed,tx,tx
2023-07-14T19:41:53.644Z,31.659,-104.423,5.0745,2.5,ml,18,70,0,0.1,tx,tx2023nryo,2024-08-29T19:24:50.830Z,"57 km S of Whites City, New Mexico",earthquake,1.1057277787805,0.72811642631176,0.1,19,reviewed,tx,tx
2023-07-13T15:01:19.806Z,31.5991381,-104.1997798,6.131567383,2.9,ml,18,68,0.09139337834,0.1,tx,tx2023nptv,2023-09-16T19:16:13.040Z,"49 km NW of Toyah, Texas",earthquake,0.7115811254,1.157773397,0.3,15,reviewed,tx,tx
2023-07-12T15:02:39.764Z,31.55997914,-104.0939955,6.118713379,3.8,ml,26,63,0.03080808351,0.1,tx,tx2023nnyj,2023-09-16T19:16:11.040Z,"39 km NW of Toyah, Texas",earthquake,0.5205406364,0.3517246045,0.2,19,reviewed,tx,tx
2023-07-12T11:37:12.819Z,32.43530273,-102.0774581,9.29280599,2.6,ml,17,58,0.08549172173,0.2,tx,tx2023nnrp,2023-09-16T19:16:11.040Z,"34 km SSW of Los Ybanez, Texas",earthquake,1.844168523,2.16581922,0.1,7,reviewed,tx,tx
2023-07-12T08:17:29.403Z,31.68425588,-104.1563514,6.350085449,2.7,ml,51,52,0.07308671837,0.2,tx,tx2023nnkz,2023-09-16T19:16:11.040Z,"western Texas",earthquake,0.4731136772,0.5803582962,0,7,reviewed,tx,tx
2023-07-11T16:54:44.673Z,32.69439697,-100.7001477,5.697957357,2.5,ml,14,61,0.03939014173,0.1,tx,tx2023nmgo,2023-09-16T19:16:10.040Z,"8 km NE of Hermleigh, Texas",earthquake,0.9917235701,1.154454406,0.1,13,reviewed,tx,tx
2023-07-07T17:41:15.414Z,31.65602843,-104.3040461,7.93112793,3.3,ml,60,58,0.03684039873,0.3,tx,tx2023nfac,2023-09-09T21:54:56.040Z,"58 km S of Whites City, New Mexico",earthquake,0.6731961287,0.7038226716,0.1,31,reviewed,tx,tx
2023-07-07T01:00:33.856Z,31.64285905,-104.2759575,6.491479492,2.5,ml,14,60,0.03029437173,0.1,tx,tx2023ndtb,2023-09-09T21:54:53.040Z,"58 km NW of Toyah, Texas",earthquake,0.9380660909,0.9826768572,0.1,29,reviewed,tx,tx
2023-07-05T17:37:42.746Z,31.68714375,-104.1530049,8.496704102,2.7,ml,46,51,0.07003078887,0.2,tx,tx2023nbiz,2023-09-09T21:54:49.040Z,"52 km W of Mentone, Texas",earthquake,0.616116777,0.7636630871,0.1,25,reviewed,tx,tx
2023-07-03T22:13:31.850Z,31.86309814,-101.7977087,9.072713216,3,ml,26,61,0.08318696916,0.1,tx,tx2023mybc,2023-09-09T21:54:43.040Z,"29 km S of Stanton, Texas",earthquake,0.7303934095,0.9374625076,0.1,13,reviewed,tx,tx
2023-07-02T22:45:33.332Z,31.52915022,-104.0133316,8.650952148,2.7,ml,62,57,0.03523842304,0.3,tx,tx2023mwgr,2023-09-09T21:54:38.040Z,"31 km NW of Toyah, Texas",earthquake,0.77926704,0.714319189,0.1,27,reviewed,tx,tx
2023-07-02T10:20:07.491Z,31.6539832,-104.2588203,6.131567383,2.8,ml,18,59,0.01839211652,0.1,tx,tx2023mvia,2023-09-09T21:54:36.040Z,"58 km NW of Toyah, Texas",earthquake,0.7343068507,1.138905494,0.1,25,reviewed,tx,tx
2023-07-01T03:11:19.867Z,32.44354248,-102.1214034,7.898885091,2.5,ml,18,88,0.0623816305,0.1,tx,tx2023msyj,2023-09-08T14:18:31.040Z,"36 km SSW of Los Ybanez, Texas",earthquake,0.7903591793,1.842482767,0.1,31,reviewed,tx,tx
2023-06-29T19:01:19.761Z,31.61264861,-103.9892595,6.671435547,2.5,ml,11,57,0.02534462064,0.1,tx,tx2023mqms,2023-09-08T14:18:28.040Z,"37 km NNW of Toyah, Texas",earthquake,0.988462353,1.821767884,0.1,7,reviewed,tx,tx
2023-06-29T15:28:24.207Z,32.44171143,-102.1192597,7.849975586,2.5,ml,21,72,0.0620641217,0.1,tx,tx2023mqfs,2023-09-08T14:18:28.040Z,"36 km SSW of Los Ybanez, Texas",earthquake,0.625977833,1.126586979,0.1,10,reviewed,tx,tx
2023-06-27T23:46:57.411Z,32.8427124,-100.9466702,4.13285319,3.3,ml,25,66,0.03702861484,0.2,tx,tx2023mnfc,2024-07-27T21:29:04.779Z,"14 km N of Snyder, Texas",earthquake,0.6623933904,1.090046149,0.1,7,reviewed,tx,tx
2023-06-25T12:50:29.257Z,31.63145153,-104.4136184,7.828295898,2.6,ml,44,86,0.02934402739,0.2,tx,tx2023misl,2023-09-08T14:18:40.040Z,"60 km S of Whites City, New Mexico",earthquake,1.004696464,1.060919333,0.1,28,reviewed,tx,tx
2023-06-24T20:26:49.262Z,31.68618975,-104.1605363,6.131567383,2.9,ml,35,54,0.07152756709,0.2,tx,tx2023mhma,2023-08-26T20:54:28.040Z,"53 km W of Mentone, Texas",earthquake,0.4936503593,0.5882881293,0.2,25,reviewed,tx,tx
2023-06-21T08:22:38.892Z,32.31536865,-101.8212891,6.333780924,2.5,ml,22,69,0.02376962184,0.1,tx,tx2023mbbq,2023-08-26T20:54:25.040Z,"20 km N of Stanton, Texas",earthquake,0.5557214964,0.8343845162,0.2,18,reviewed,tx,tx
2023-06-20T20:52:08.478Z,31.52480915,-104.1740107,6.28581543,2.7,ml,20,74,0.06748735529,0.2,tx,tx2023maev,2023-08-26T20:54:24.040Z,"43 km WNW of Toyah, Texas",earthquake,0.8638506918,1.230297517,0.2,15,reviewed,tx,tx
2023-06-20T18:02:29.504Z,31.6605552,-104.3907401,6.131567383,2.8,ml,24,63,0.03547429267,0.2,tx,tx2023lzzf,2023-08-26T20:54:24.040Z,"57 km S of Whites City, New Mexico",earthquake,1.099226332,0.8342684432,0.1,17,reviewed,tx,tx
2023-06-20T00:22:44.773Z,31.69871365,-104.1353093,6.697143555,2.6,ml,17,80,0.05965991733,0.1,tx,tx2023lyqh,2023-08-26T20:54:24.040Z,"50 km W of Mentone, Texas",earthquake,0.6530358853,0.767550477,0.2,13,reviewed,tx,tx
2023-06-19T22:11:59.042Z,31.52088334,-104.0116792,7.982543945,2.5,ml,18,62,0.03880583555,0.1,tx,tx2023lyly,2023-08-26T20:54:25.040Z,"30 km NW of Toyah, Texas",earthquake,0.8380003582,0.7447314409,0.2,14,reviewed,tx,tx
2023-06-19T22:10:39.781Z,31.51785509,-104.0232191,7.596923828,2.9,ml,17,62,0.1595969977,0.2,tx,tx2023lylx,2023-08-26T20:54:24.040Z,"31 km NW of Toyah, Texas",earthquake,1.003006138,1.927077115,0.2,8,reviewed,tx,tx
2023-06-19T17:49:26.080Z,31.67315405,-104.1954427,6.388647461,2.8,ml,32,58,0.0592327243,0.2,tx,tx2023lydg,2023-08-26T20:54:25.040Z,"55 km NW of Toyah, Texas",earthquake,0.857117077,1.086137963,0.1,17,reviewed,tx,tx
2023-06-19T06:36:14.206Z,31.61110897,-103.9680033,8.445288086,2.6,ml,15,55,0.04332696795,0.1,tx,tx2023lxhc,2023-08-26T20:54:23.040Z,"36 km WSW of Mentone, Texas",earthquake,0.6415540866,1.172739978,0.2,11,reviewed,tx,tx
2023-06-19T04:18:34.768Z,31.65236115,-104.3024022,7.468383789,2.9,ml,16,68,0.03733317069,0.3,tx,tx2023lxco,2023-08-26T20:54:23.040Z,"58 km S of Whites City, New Mexico",earthquake,1.301413769,1.051227131,0.2,12,reviewed,tx,tx
2023-06-19T02:23:39.432Z,31.65514942,-104.2970423,6.182983398,2.6,ml,20,68,0.03197709509,0.2,tx,tx2023lwyt,2023-08-26T20:54:23.040Z,"58 km S of Whites City, New Mexico",earthquake,0.8537076046,1.233858249,0.1,15,reviewed,tx,tx
2023-06-16T18:02:05.481Z,31.61140473,-103.9832018,8.869470215,3,ml,44,57,0.03065471214,0.1,tx,tx2023lsrf,2023-08-21T04:19:12.040Z,"37 km NNW of Toyah, Texas",earthquake,0.4272660272,0.5088752827,0.1,24,reviewed,tx,tx
2023-06-16T06:26:43.932Z,31.61291461,-103.9782325,6.697143555,2.5,ml,15,56,0.03441551944,0.1,tx,tx2023lruh,2023-08-21T04:19:04.040Z,"37 km WSW of Mentone, Texas",earthquake,0.8369653871,1.188085732,0,7,reviewed,tx,tx
2023-06-15T23:27:50.106Z,31.94501103,-103.3461734,7.905419922,2.5,ml,12,88,0.03069787557,0.1,tx,tx2023lrgm,2023-08-21T04:19:02.040Z,"23 km SW of Jal, New Mexico",earthquake,1.942424365,1.611542561,0.1,15,reviewed,tx,tx
2023-06-14T19:01:00.942Z,31.95696747,-103.3504654,7.288427734,2.9,ml,27,78,0.03151553527,0.2,tx,tx2023lpcd,2023-08-21T04:18:55.040Z,"22 km SW of Jal, New Mexico",earthquake,1.346907562,1.113995601,0.1,14,reviewed,tx,tx
2023-06-14T03:46:25.421Z,31.56102374,-104.0914476,5.720239258,3.2,ml,13,76,0.0286030539,0.1,tx,tx2023lnxz,2023-08-21T04:18:52.040Z,"39 km NW of Toyah, Texas",earthquake,0.8277786453,0.8098128048,0.1,15,reviewed,tx,tx
2023-06-13T02:30:07.409Z,31.69053346,-104.2978606,6.954223633,2.9,ml,18,57,0.03389793199,0.1,tx,tx2023llzz,2023-08-21T04:18:46.040Z,"54 km S of Whites City, New Mexico",earthquake,0.7582228022,0.7777459895,0.1,22,reviewed,tx,tx
2023-06-12T18:25:25.068Z,31.69562857,-104.2909012,7.674047852,2.9,ml,41,76,0.03271881889,0.2,tx,tx2023lljz,2023-08-21T04:18:45.040Z,"western Texas",earthquake,0.6753751229,0.6599937298,0.2,22,reviewed,tx,tx
2023-06-10T01:12:05.284Z,31.72295133,-104.4074551,6.131567383,2.6,ml,34,54,0.0176803046,0.2,tx,tx2023lgkw,2023-08-12T17:15:14.040Z,"50 km S of Whites City, New Mexico",earthquake,0.9331100543,0.7985810811,0.1,19,reviewed,tx,tx
2023-06-09T16:03:24.304Z,32.83172607,-100.5458032,6.48050944,2.7,ml,21,78,0.04340941306,0.2,tx,tx2023lfsu,2023-08-12T17:15:13.040Z,"7 km WSW of Rotan, Texas",earthquake,0.9725201018,1.349025917,0.1,14,reviewed,tx,tx
2023-06-09T15:36:10.453Z,31.49183669,-104.037328,6.28581543,2.7,ml,18,67,0.04543802428,0.2,tx,tx2023lfrx,2023-08-12T17:15:13.040Z,"30 km NW of Toyah, Texas",earthquake,1.217140331,1.012528885,0.1,28,reviewed,tx,tx
2023-06-08T14:05:50.577Z,32.75482178,-100.6529869,6.431599935,3.1,ml,14,63,0.0752195689,0.1,tx,tx2023ldtk,2023-08-12T17:15:09.040Z,"16 km NE of Hermleigh, Texas",earthquake,0.7241243067,1.121115067,0.2,8,reviewed,tx,tx
2023-06-08T01:03:27.878Z,32.4148,-102.1104,1.9,2.6,mb_lg,22,75,0.288,0.27,us,us7000k71f,2023-08-12T17:15:08.040Z,"38 km SSW of Los Ybanez, Texas",earthquake,1.27,5.566,0.076,67,reviewed,us,us
2023-06-07T10:55:48.024Z,31.95073992,-103.3367116,6.902807617,2.7,ml,13,83,0.03978515698,0.1,tx,tx2023lbro,2023-08-12T17:15:07.040Z,"22 km SW of Jal, New Mexico",earthquake,0.9224402647,0.7743648219,0.2,12,reviewed,tx,tx
2023-06-06T03:12:24.373Z,31.60791378,-103.9609962,6.440063477,2.9,ml,16,60,0.09642326847,0.2,tx,tx2023kzgv,2023-08-12T17:15:04.040Z,"35 km WSW of Mentone, Texas",earthquake,1.226890348,2.066176464,0.1,7,reviewed,tx,tx
2023-06-05T22:38:48.400Z,32.5122,-104.4348,5,3.1,ml,40,77,0.531,0.36,us,us7000k6j1,2023-08-12T17:15:04.040Z,"New Mexico",earthquake,2.9,1.954,0.085,18,reviewed,us,us
2023-06-03T10:49:40.586Z,31.73698065,-104.1075344,7.468383789,2.6,ml,17,38,0.04114320512,0.1,tx,tx2023kujk,2023-08-05T22:07:52.040Z,"48 km W of Mentone, Texas",earthquake,0.5659862527,0.7955167968,0.1,18,reviewed,tx,tx
2023-06-03T01:30:59.554Z,31.06300463,-103.3187623,2.918066406,2.8,ml,11,68,0.06132201389,0.2,tx,tx2023ktqz,2023-08-05T22:07:50.040Z,"31 km SW of Coyanosa, Texas",earthquake,0.7919853275,1.425027078,0.1,13,reviewed,tx,tx
2023-06-03T00:01:09.893Z,31.6747039,-104.4059395,6.080151367,3,ml,15,56,0.01791483715,0.1,tx,tx2023ktoa,2023-08-05T22:07:50.040Z,"55 km S of Whites City, New Mexico",earthquake,0.9463237585,0.9003248514,0.1,18,reviewed,tx,tx
2023-06-02T21:51:49.569Z,31.67422667,-104.4086268,6.645727539,3.4,ml,25,69,0.01593175491,0.2,tx,tx2023ktjt,2023-08-05T22:07:49.040Z,"55 km S of Whites City, New Mexico",earthquake,0.7641418658,0.6081743463,0.1,20,reviewed,tx,tx
2023-05-31T14:10:41.723Z,32.75115967,-100.6615615,7.263061523,3.2,ml,25,48,0.08315822377,0.2,tx,tx2023kpdn,2023-08-05T22:07:42.040Z,"15 km NE of Hermleigh, Texas",earthquake,0.8793841715,0.8995919835,0.1,12,reviewed,tx,tx
2023-05-30T13:23:31.423Z,31.59200407,-104.2465237,6.131567383,2.6,ml,24,71,0.1039452421,0.2,tx,tx2023kngm,2023-08-05T22:07:40.040Z,"52 km NW of Toyah, Texas",earthquake,0.8068152899,1.75956367,0.1,12,reviewed,tx,tx
2023-05-30T11:49:29.997Z,31.59875412,-104.2301677,2.660986328,2.6,ml,14,70,0.09141049426,0.1,tx,tx2023kndj,2023-08-05T22:07:40.040Z,"52 km NW of Toyah, Texas",earthquake,1.54760136,1.942634179,0.1,8,reviewed,tx,tx
2023-05-30T02:00:04.324Z,31.61358556,-103.9838841,7.185595703,2.6,ml,14,56,0.01315482231,0.1,tx,tx2023kmjx,2023-08-05T22:07:42.040Z,"37 km NNW of Toyah, Texas",earthquake,0.4941418531,0.6553572516,0.2,12,reviewed,tx,tx
2023-05-29T06:57:52.971Z,31.74043255,-104.2503114,7.314135742,2.7,ml,20,67,0.0159145215,0.2,tx,tx2023kkyg,2023-08-05T22:07:38.040Z,"49 km SSE of Whites City, New Mexico",earthquake,0.9312348428,0.7404102622,0.1,15,reviewed,tx,tx
2023-05-28T11:46:39.720Z,31.65996641,-104.2572505,6.388647461,2.7,ml,23,66,0.120367438,0.3,tx,tx2023kjmh,2023-08-05T22:07:37.040Z,"58 km S of Whites City, New Mexico",earthquake,1.112222208,1.36697323,0.2,18,reviewed,tx,tx
2023-05-28T10:16:10.465Z,31.65304361,-104.2625807,6.388647461,2.5,ml,26,59,0.1032564565,0.2,tx,tx2023kjjh,2023-08-05T22:07:37.040Z,"58 km NW of Toyah, Texas",earthquake,0.7308984894,1.498412097,0.1,36,reviewed,tx,tx
2023-05-28T10:08:16.930Z,31.64729159,-104.2638828,6.157275391,3,ml,18,67,0.1090813934,0.3,tx,tx2023kjja,2023-08-05T22:07:36.040Z,"57 km NW of Toyah, Texas",earthquake,1.424237981,1.905734149,0.2,12,reviewed,tx,tx
2023-05-27T08:24:28.924Z,31.71736936,-104.2657589,7.416967773,2.9,ml,18,68,0.03975384346,0.2,tx,tx2023khkc,2023-07-29T22:00:44.040Z,"51 km SSE of Whites City, New Mexico",earthquake,0.8375219671,0.7252081049,0.1,13,reviewed,tx,tx
2023-05-26T20:06:59.661Z,32.30255127,-101.7934213,7.214152018,2.5,ml,17,61,0.0374915005,0.3,tx,tx2023kglu,2023-07-29T22:00:42.040Z,"19 km N of Stanton, Texas",earthquake,1.070855057,0.986594894,0.1,12,reviewed,tx,tx
2023-05-26T14:51:25.399Z,31.60714072,-103.9870824,6.157275391,3.1,ml,17,81,0.05720403715,0.2,tx,tx2023kgbj,2023-07-29T22:00:41.040Z,"37 km NNW of Toyah, Texas",earthquake,1.485262049,1.544476779,0.2,11,reviewed,tx,tx
2023-05-26T05:34:58.885Z,31.61466608,-103.9694983,6.889953613,2.7,ml,15,50,0.004012248974,0.1,tx,tx2023kfiz,2023-07-29T22:00:39.040Z,"36 km WSW of Mentone, Texas",earthquake,0.4508431272,0.5021525052,0.1,25,reviewed,tx,tx
2023-05-24T03:08:13.055Z,31.66205375,-104.3719144,6.131567383,2.9,ml,20,69,0.04951924757,0.3,tx,tx2023kbnf,2023-07-29T22:00:33.040Z,"56 km S of Whites City, New Mexico",earthquake,1.301946673,1.028554309,0.2,10,reviewed,tx,tx
2023-05-24T01:12:14.664Z,31.62079716,-103.9562095,7.314135742,2.7,ml,23,50,0.01477766369,0.1,tx,tx2023kbji,2023-07-29T22:00:33.040Z,"35 km WSW of Mentone, Texas",earthquake,0.6789641154,0.7283263204,0,6,reviewed,tx,tx
2023-05-22T23:01:38.470Z,31.61383378,-103.9782366,7.005639648,2.5,ml,14,56,0.00860843827,0.1,tx,tx2023jzjq,2023-07-29T22:00:31.040Z,"37 km WSW of Mentone, Texas",earthquake,0.5617169228,0.6849431507,0.2,12,reviewed,tx,tx
2023-05-22T23:01:06.855Z,31.61247234,-103.9728509,8.445288086,2.6,ml,15,64,0.003854646533,0.2,tx,tx2023jzjp,2023-07-29T22:00:50.040Z,"36 km WSW of Mentone, Texas",earthquake,0.7882004463,0.929808807,0.1,10,reviewed,tx,tx
2023-05-22T22:59:55.841Z,31.61062189,-103.9766083,7.828295898,3.9,ml,16,60,0.03628708444,0.2,tx,tx2023jzjn,2023-07-29T22:00:29.040Z,"37 km NNW of Toyah, Texas",earthquake,0.807453328,0.7759110122,0.1,13,reviewed,tx,tx
2023-05-22T22:59:08.816Z,31.61294221,-103.9696252,7.828295898,3.5,ml,14,66,0.00234372761,0.1,tx,tx2023jzjl,2023-07-29T22:00:29.040Z,"36 km WSW of Mentone, Texas",earthquake,0.6499950038,0.9338917133,0.2,12,reviewed,tx,tx
2023-05-22T22:58:36.924Z,31.61293707,-103.971239,7.93112793,3.1,ml,17,65,0.003034716896,0.1,tx,tx2023jzjk,2023-07-29T22:00:29.040Z,"36 km WSW of Mentone, Texas",earthquake,0.5004437318,0.6166482648,0.2,13,reviewed,tx,tx
2023-05-22T14:20:30.164Z,31.65408656,-104.3217915,6.851391602,3.1,ml,19,69,0.05158027421,0.2,tx,tx2023jysi,2023-07-29T22:00:28.040Z,"58 km S of Whites City, New Mexico",earthquake,1.121746642,1.047288041,0.2,12,reviewed,tx,tx
2023-05-19T18:37:30.445Z,31.608853,-103.9904524,8.715222168,3.8,ml,19,60,0.0185295217,0.1,tx,tx2023jtoh,2023-07-24T01:15:46.040Z,"37 km NNW of Toyah, Texas",earthquake,0.4361738279,0.3744686651,0.1,11,reviewed,tx,tx
2023-05-19T00:49:51.217Z,31.68163958,-104.399542,6.74855957,2.6,ml,35,68,0.022508165,0.2,tx,tx2023jsfb,2023-07-24T01:16:08.040Z,"54 km S of Whites City, New Mexico",earthquake,0.7147540525,0.9910596367,0,7,reviewed,tx,tx
2023-05-18T19:00:00.528Z,31.67855883,-104.4137806,6.465771484,2.6,ml,27,71,0.0104771302,0.2,tx,tx2023jrto,2023-07-24T01:16:11.040Z,"55 km S of Whites City, New Mexico",earthquake,0.8170058177,0.662603998,0.1,17,reviewed,tx,tx
2023-05-18T08:34:54.840Z,31.1701984,-103.2609303,2.121118164,2.6,ml,15,62,0.01832837337,0.2,tx,tx2023jqyx,2023-07-24T01:16:17.040Z,"20 km WSW of Coyanosa, Texas",earthquake,1.033158734,0.6815724989,0.2,19,reviewed,tx,tx
2023-05-16T02:41:01.570Z,31.68093758,-104.2014178,7.211303711,2.5,ml,32,69,0.05491881474,0.2,tx,tx2023jmwf,2023-07-24T01:16:40.040Z,"56 km NW of Toyah, Texas",earthquake,0.5890873643,0.8613959625,0.1,6,reviewed,tx,tx
2023-05-14T16:02:12.958Z,31.56345946,-104.1645861,8.496704102,2.9,ml,25,63,0.03625301478,0.1,tx,tx2023jkfr,2023-07-24T01:16:57.040Z,"44 km NW of Toyah, Texas",earthquake,0.9570160547,0.9564889409,0.1,25,reviewed,tx,tx
2023-05-14T06:38:24.868Z,31.65310738,-104.2924514,8.676660156,2.5,ml,22,58,0.02991557243,0.1,tx,tx2023jjnb,2023-07-24T01:17:04.040Z,"58 km S of Whites City, New Mexico",earthquake,0.7430309459,1.009145581,0.1,27,reviewed,tx,tx
2023-05-13T13:18:23.703Z,31.70728239,-104.170904,7.828295898,3,ml,51,54,0.05297435826,0.2,tx,tx2023jiet,2023-07-22T19:17:17.040Z,"54 km W of Mentone, Texas",earthquake,0.4757983115,0.6851804547,0.1,28,reviewed,tx,tx
2023-05-13T06:27:54.075Z,31.68036489,-104.3833796,6.697143555,3,ml,37,56,0.03624555372,0.1,tx,tx2023jhrf,2023-07-22T19:17:15.040Z,"54 km S of Whites City, New Mexico",earthquake,0.8129755555,0.8397708661,0.1,36,reviewed,tx,tx
2023-05-13T05:44:05.518Z,31.61667063,-104.1859122,2.943774414,2.7,ml,18,61,0.06415722109,0.1,tx,tx2023jhpt,2023-07-22T19:17:15.040Z,"50 km NW of Toyah, Texas",earthquake,0.925963189,1.468389792,0.1,27,reviewed,tx,tx
2023-05-12T07:40:00.038Z,31.61039422,-104.1000667,8.625244141,2.7,ml,33,52,0.03715587517,0.2,tx,tx2023jfyb,2023-07-22T19:16:59.040Z,"43 km NW of Toyah, Texas",earthquake,0.7161651759,0.6880255568,0.2,19,reviewed,tx,tx
2023-05-12T06:49:51.346Z,31.52829787,-104.1651651,9.036572266,2.8,ml,28,73,0.06023565451,0.2,tx,tx2023jfwl,2023-07-22T19:16:58.040Z,"42 km WNW of Toyah, Texas",earthquake,1.027150688,1.432575946,0.1,17,reviewed,tx,tx
2023-05-12T02:54:30.506Z,31.5234584,-104.1680898,6.542895508,2.8,ml,23,65,0.06565509003,0.1,tx,tx2023jfos,2023-07-22T19:16:56.040Z,"42 km WNW of Toyah, Texas",earthquake,1.028850201,1.218496724,0.1,31,reviewed,tx,tx
2023-05-11T07:31:20.882Z,31.53639665,-104.1531231,7.262719727,3.6,ml,45,65,0.04793494915,0.2,tx,tx2023jech,2023-07-22T19:16:44.040Z,"42 km NW of Toyah, Texas",earthquake,0.8085155942,1.016823938,0.2,25,reviewed,tx,tx
2023-05-10T23:20:50.829Z,31.52984619,-104.1643245,7.214152018,3.8,ml,43,65,0.05848236298,0.1,tx,tx2023jdmd,2023-07-22T19:16:42.040Z,"42 km NW of Toyah, Texas",earthquake,0.6320636504,0.8470576082,0.2,24,reviewed,tx,tx
2023-05-10T23:20:03.355Z,31.54048553,-104.1633625,6.542895508,2.8,ml,34,71,0.049554717,0.2,tx,tx2023jdmc,2023-07-22T19:16:41.040Z,"43 km NW of Toyah, Texas",earthquake,0.926655717,1.026618951,0.2,15,reviewed,tx,tx
2023-05-09T17:07:30.545Z,31.61101753,-103.9959764,8.136791992,2.7,ml,16,39,0.02055902824,0.1,tx,tx2023jbeh,2023-07-22T19:16:31.040Z,"38 km NNW of Toyah, Texas",earthquake,0.6497933014,0.8537914537,0.2,30,reviewed,tx,tx
2023-05-09T16:56:54.108Z,31.61250891,-103.9966558,8.92088623,2.6,ml,34,46,0.01942714495,0.2,tx,tx2023jbdz,2023-07-22T19:16:06.040Z,"38 km NNW of Toyah, Texas",earthquake,0.5133921896,0.494184149,0.2,17,reviewed,tx,tx
2023-05-08T21:58:07.553Z,31.67765392,-104.4116189,7.288427734,3.2,ml,54,56,0.01245888432,0.3,tx,tx2023izsj,2023-07-22T19:16:26.040Z,"55 km S of Whites City, New Mexico",earthquake,0.6938931307,0.6990323211,0.1,26,reviewed,tx,tx
2023-05-08T19:15:10.901Z,31.65517393,-104.2927367,8.650952148,2.5,ml,37,67,0.02887921517,0.3,tx,tx2023izmw,2023-05-10T18:44:15.455Z,"58 km S of Whites City, New Mexico",earthquake,1.030228989,0.8889429813,0.2,19,reviewed,tx,tx
2023-05-08T19:15:10.492Z,31.6082,-104.2807,5,2.5,mb_lg,45,59,0.065,0.57,us,us6000kax3,2023-07-22T19:16:38.040Z,"56 km NW of Toyah, Texas",earthquake,0.89,1.497,0.136,27,reviewed,us,us
2023-05-08T03:53:41.415Z,31.64947838,-104.4659875,6.182983398,2.6,ml,27,66,0.0297275189,0.1,tx,tx2023iyip,2023-07-22T19:16:21.040Z,"58 km S of Whites City, New Mexico",earthquake,1.254066313,0.7190110194,0.1,19,reviewed,tx,tx
2023-05-07T10:38:03.023Z,31.63571774,-104.3937475,6.131567383,2.9,ml,18,64,0.03855674429,0.2,tx,tx2023ixal,2023-07-22T19:16:17.040Z,"59 km S of Whites City, New Mexico",earthquake,1.31419612,1.188081445,0.1,43,reviewed,tx,tx
2023-05-02T19:12:48.703Z,31.72484073,-104.3448577,7.532653809,2.5,ml,27,72,0.06983934835,0.3,tx,tx2023ionw,2023-07-15T22:10:55.040Z,"50 km S of Whites City, New Mexico",earthquake,0.5081666796,0.824395841,0.2,21,reviewed,tx,tx
2023-05-02T14:03:34.440Z,31.72379276,-104.347138,6.902807617,2.9,ml,52,62,0.06367683025,0.3,tx,tx2023iods,2023-07-15T22:10:53.040Z,"50 km S of Whites City, New Mexico",earthquake,0.5623607995,0.704718554,0.1,31,reviewed,tx,tx
2023-05-02T02:35:36.024Z,31.72515502,-104.3498426,5.10324707,3,ml,23,74,0.06406020936,0.2,tx,tx2023inhb,2023-07-15T22:10:50.040Z,"50 km S of Whites City, New Mexico",earthquake,0.7223341678,1.10337029,0.2,24,reviewed,tx,tx
2023-05-01T16:59:04.753Z,31.57812796,-104.1727475,6.799975586,2.7,ml,28,62,0.04007172581,0.1,tx,tx2023imoa,2023-07-15T22:10:47.040Z,"46 km NW of Toyah, Texas",earthquake,0.5777257738,0.5961629914,0.2,23,reviewed,tx,tx
2023-04-30T04:59:19.524Z,31.69778487,-104.1374574,7.776879883,2.5,ml,54,43,0.06022668545,0.2,tx,tx2023ijut,2023-07-15T22:10:34.040Z,"51 km W of Mentone, Texas",earthquake,0.4805650807,0.5983502154,0.1,6,reviewed,tx,tx
2023-04-29T17:08:48.118Z,31.61437875,-103.98725,8.09822998,2.5,ml,31,56,0.01613110085,0.2,tx,tx2023iixh,2023-07-11T01:44:37.040Z,"37 km NNW of Toyah, Texas",earthquake,0.4737889402,0.4576439001,0.2,25,reviewed,tx,tx
2023-04-29T14:03:10.426Z,31.67332839,-104.3695902,6.362939453,2.5,ml,31,68,0.04850690096,0.3,tx,tx2023iirf,2023-07-11T01:44:36.040Z,"55 km S of Whites City, New Mexico",earthquake,0.6196116435,0.6092900425,0.2,25,reviewed,tx,tx
2023-04-28T11:57:02.473Z,31.61627471,-104.2628418,8.188208008,2.5,ml,43,60,0.05544694222,0.3,tx,tx2023igrl,2023-07-11T01:44:31.040Z,"55 km NW of Toyah, Texas",earthquake,0.8964186841,1.079859654,0.2,19,reviewed,tx,tx
2023-04-28T08:05:07.918Z,31.65757734,-104.2739176,8.239624023,2.7,ml,52,66,0.01601298744,0.2,tx,tx2023igjw,2023-07-11T01:44:31.040Z,"58 km S of Whites City, New Mexico",earthquake,0.655494633,0.7702329508,0.1,29,reviewed,tx,tx
2023-04-28T03:41:18.391Z,31.65176817,-104.2854443,8.008251953,3.2,ml,14,58,0.02648518761,0.2,tx,tx2023igbe,2023-07-11T01:44:31.040Z,"58 km S of Whites City, New Mexico",earthquake,1.085855865,1.501077377,0.1,37,reviewed,tx,tx
2023-04-27T22:28:32.415Z,31.65432745,-104.2798131,7.93112793,2.6,ml,35,123,0.0214715319,0.3,tx,tx2023ifqv,2023-07-11T01:44:31.040Z,"58 km S of Whites City, New Mexico",earthquake,0.7423919355,0.8676491146,0.2,18,reviewed,tx,tx
2023-04-27T21:55:45.756Z,32.86560059,-100.93488,5.428955078,2.6,ml,21,64,0.02004905179,0.2,tx,tx2023ifpt,2023-07-11T01:44:31.040Z,"16 km N of Snyder, Texas",earthquake,0.6944420994,0.9298439368,0.1,10,reviewed,tx,tx
2023-04-27T02:40:40.693Z,31.67923928,-104.4151327,6.645727539,2.6,ml,46,56,0.009239616897,0.2,tx,tx2023iedr,2023-07-11T01:44:38.040Z,"55 km S of Whites City, New Mexico",earthquake,0.6887647013,0.5780009311,0.1,25,reviewed,tx,tx
2023-04-26T14:27:42.288Z,31.64359258,-104.3841311,6.954223633,3,ml,35,63,0.04275115266,0.2,tx,tx2023idfm,2023-07-11T01:44:28.040Z,"59 km S of Whites City, New Mexico",earthquake,0.9108212809,0.9555790081,0.1,19,reviewed,tx,tx
2023-04-26T07:34:00.785Z,31.68417943,-104.3976805,6.979931641,2.5,ml,45,56,0.02436649539,0.3,tx,tx2023icrv,2023-07-11T01:44:34.040Z,"western Texas",earthquake,0.8255680969,0.7701963245,0.1,23,reviewed,tx,tx
2023-04-26T07:27:15.059Z,31.68215487,-104.3909326,6.131567383,3.2,ml,38,68,0.02986469342,0.3,tx,tx2023icrm,2023-07-11T01:44:30.040Z,"54 km S of Whites City, New Mexico",earthquake,0.8968122209,0.6693842774,0.1,21,reviewed,tx,tx
2023-04-26T07:26:57.974Z,31.67585106,-104.4062191,6.362939453,2.8,ml,12,88,0.01735864859,0.2,tx,tx2023icrp,2023-07-11T01:44:30.040Z,"55 km S of Whites City, New Mexico",earthquake,1.119544746,0.8295123931,0.1,18,reviewed,tx,tx
2023-04-25T23:50:36.602Z,31.70863212,-104.484873,6.131567383,2.9,ml,29,64,0.04232836466,0.2,tx,tx2023icco,2023-07-11T01:44:34.040Z,"52 km S of Whites City, New Mexico",earthquake,1.286366107,0.6248252841,0.1,25,reviewed,tx,tx
2023-04-25T08:30:52.708Z,31.6100989,-103.9603331,8.483850098,2.6,ml,33,53,0.00728184873,0.2,tx,tx2023iayh,2023-07-11T01:44:37.040Z,"western Texas",earthquake,0.505798311,0.4989581742,0.2,25,reviewed,tx,tx
2023-04-25T07:40:51.784Z,31.6060821,-103.9588366,7.879711914,3.2,ml,13,56,0.00970672728,0.1,tx,tx2023iawp,2023-07-11T01:44:36.040Z,"35 km WSW of Mentone, Texas",earthquake,0.6737718082,0.7034377747,0.1,15,reviewed,tx,tx
2023-04-25T03:28:22.959Z,31.68028184,-104.3962996,6.440063477,2.8,ml,26,56,0.02523218456,0.2,tx,tx2023iaoh,2023-07-11T01:44:34.040Z,"54 km S of Whites City, New Mexico",earthquake,0.7420051579,0.6847204377,0.1,53,reviewed,tx,tx
2023-04-24T08:07:33.386Z,32.3893,-104.4672,10,2.6,ml,24,127,0.499,0.26,us,us6000k6qj,2023-07-11T01:44:41.040Z,"22 km W of Carlsbad, New Mexico",earthquake,2.3,2.01,0.091,22,reviewed,us,us
2023-04-24T05:17:42.947Z,31.57037073,-104.1608668,8.291040039,2.5,ml,37,63,0.03094473455,0.2,tx,tx2023hywi,2023-07-11T01:44:35.040Z,"44 km NW of Toyah, Texas",earthquake,0.8179246814,0.7849965802,0.1,19,reviewed,tx,tx
2023-04-24T04:43:24.300Z,31.56531786,-104.1602966,8.75378418,2.5,ml,43,69,0.03215181798,0.2,tx,tx2023hyvf,2023-07-11T01:44:37.040Z,"44 km NW of Toyah, Texas",earthquake,0.7082001599,0.6462321434,0.1,24,reviewed,tx,tx
2023-04-21T14:56:32.892Z,31.56370808,-104.1605551,8.470996094,2.7,ml,23,69,0.03303049169,0.2,tx,tx2023hucx,2023-07-03T02:46:48.040Z,"44 km NW of Toyah, Texas",earthquake,0.8350955127,0.8568649458,0.1,19,reviewed,tx,tx
2023-04-21T09:43:10.728Z,31.61364783,-103.9996199,7.738317871,2.5,ml,13,57,0.01665554366,0.1,tx,tx2023htsm,2023-07-03T02:46:51.040Z,"38 km NNW of Toyah, Texas",earthquake,0.5142174971,0.423058543,0.2,17,reviewed,tx,tx
2023-04-20T04:25:39.517Z,31.60694173,-103.9776678,9.319360352,3.4,ml,17,67,0.008419367418,0.1,tx,tx2023hrmq,2023-07-03T02:47:03.040Z,"36 km NNW of Toyah, Texas",earthquake,0.5912500147,0.5877832602,0.1,18,reviewed,tx,tx
2023-04-19T22:57:29.106Z,31.63469077,-104.3746358,6.362939453,2.9,ml,26,76,0.05347484343,0.3,tx,tx2023hrbu,2023-07-03T02:47:05.040Z,"59 km S of Whites City, New Mexico",earthquake,1.292621539,1.375311859,0.2,18,reviewed,tx,tx
2023-04-19T04:14:17.237Z,31.65561514,-104.2959695,6.74855957,2.5,ml,30,68,0.03095289524,0.2,tx,tx2023hpqs,2023-07-03T02:47:12.040Z,"western Texas",earthquake,0.8709915179,0.7853266869,0.2,44,reviewed,tx,tx
2023-04-18T22:15:59.176Z,32.3745,-104.4501,5,2.5,mb_lg,22,90,0.485,0.34,us,us6000k5e9,2023-07-03T02:47:14.040Z,"21 km WSW of Carlsbad, New Mexico",earthquake,2.16,1.935,0.117,33,reviewed,us,us
2023-04-18T20:31:35.666Z,32.3912,-104.4793,5,3.4,ml,37,32,0.509,0.36,us,us6000k5di,2023-07-03T02:47:14.040Z,"23 km W of Carlsbad, New Mexico",earthquake,1.94,1.942,0.085,18,reviewed,us,us
2023-04-18T01:52:28.513Z,31.67481908,-104.3881756,8.650952148,2.5,ml,35,66,0.04178274707,0.3,tx,tx2023hnqn,2023-07-03T02:47:22.040Z,"55 km S of Whites City, New Mexico",earthquake,1.07851381,1.125659502,0.1,18,reviewed,tx,tx
2023-04-17T22:12:24.731Z,32.75299072,-100.6444122,7.263061523,2.5,ml,15,70,0.07098207294,0.2,tx,tx2023hnjh,2023-07-03T02:47:24.040Z,"16 km NE of Hermleigh, Texas",earthquake,0.7979274728,1.136850724,0.1,9,reviewed,tx,tx
2023-04-17T20:55:01.275Z,31.65706908,-104.3605682,6.697143555,3.5,ml,23,67,0.06093761793,0.3,tx,tx2023hngs,2023-07-03T02:47:24.040Z,"57 km S of Whites City, New Mexico",earthquake,1.196482152,1.248748303,0.2,15,reviewed,tx,tx
2023-04-17T20:47:22.740Z,31.67768585,-104.3709739,6.131567383,2.8,ml,28,57,0.05632777081,0.2,tx,tx2023hngm,2023-07-03T02:47:24.040Z,"55 km S of Whites City, New Mexico",earthquake,0.7184406558,0.9342401433,0.2,12,reviewed,tx,tx
2023-04-17T19:26:57.567Z,31.66158037,-104.2976314,7.314135742,2.7,ml,20,58,0.1013534788,0.2,tx,tx2023hndv,2023-07-03T02:47:26.040Z,"57 km S of Whites City, New Mexico",earthquake,0.9882367433,1.660048474,0.1,22,reviewed,tx,tx
2023-04-17T18:03:41.349Z,31.66484022,-104.2901214,9.319360352,3.7,ml,30,66,0.09611179668,0.3,tx,tx2023hnbc,2023-07-03T02:47:27.040Z,"57 km S of Whites City, New Mexico",earthquake,0.9952050698,1.418577979,0,7,reviewed,tx,tx
2023-04-17T14:52:40.226Z,31.65101019,-104.2975477,6.697143555,3.2,ml,16,66,0.1112668287,0.2,tx,tx2023hmuu,2023-07-03T02:47:29.040Z,"58 km S of Whites City, New Mexico",earthquake,1.015768718,1.797959905,0.1,22,reviewed,tx,tx
2023-04-17T14:19:13.753Z,31.66325822,-104.3630436,6.671435547,2.8,ml,36,66,0.05924243202,0.2,tx,tx2023hmtr,2023-07-03T02:47:30.040Z,"56 km S of Whites City, New Mexico",earthquake,0.674011838,0.8899508319,0.1,23,reviewed,tx,tx
2023-04-17T13:07:45.768Z,31.69495617,-104.469122,7.262719727,2.5,ml,43,64,0.03774696608,0.3,tx,tx2023hmri,2023-07-03T02:47:31.040Z,"54 km S of Whites City, New Mexico",earthquake,1.070294867,0.9019510519,0.1,24,reviewed,tx,tx
2023-04-17T09:18:33.278Z,31.89826539,-103.4531249,8.419580078,2.8,ml,17,74,0.1251618363,0.2,tx,tx2023hmjs,2023-07-03T02:47:33.040Z,"25 km NNE of Mentone, Texas",earthquake,0.9365779143,1.87381398,0.2,13,reviewed,tx,tx
2023-04-17T00:30:44.128Z,31.65680412,-104.3662173,9.447900391,2.7,ml,40,58,0.05611806868,0.3,tx,tx2023hlsj,2023-07-03T02:47:38.040Z,"57 km S of Whites City, New Mexico",earthquake,1.175298487,1.692270964,0.1,23,reviewed,tx,tx
2023-04-16T12:46:39.787Z,31.30994517,-103.4108983,4.717626953,2.5,ml,14,64,0.100673184,0.2,tx,tx2023hkvc,2023-07-03T02:47:41.040Z,"13 km ESE of Lindsay, Texas",earthquake,0.9927267033,2.67711836,0.1,7,reviewed,tx,tx
2023-04-16T05:50:27.949Z,31.67954872,-104.4030225,6.671435547,2.8,ml,38,83,0.03403867666,0.3,tx,tx2023hkhm,2023-07-03T02:47:45.040Z,"55 km S of Whites City, New Mexico",earthquake,0.8470610438,0.9121165003,0.1,21,reviewed,tx,tx
2023-04-16T05:36:49.908Z,31.68161853,-104.402772,6.131567383,3.1,ml,28,56,0.03564422591,0.3,tx,tx2023hkgy,2023-07-03T02:47:45.040Z,"54 km S of Whites City, New Mexico",earthquake,0.9649643722,0.9398078317,0.2,22,reviewed,tx,tx
2023-04-16T00:21:58.242Z,31.69939942,-104.1361213,7.082763672,2.5,ml,27,51,0.05884785344,0.2,tx,tx2023hjwr,2023-07-03T02:47:46.040Z,"50 km W of Mentone, Texas",earthquake,0.6886045402,0.6944186258,0.2,19,reviewed,tx,tx
2023-04-15T23:44:03.521Z,31.70009479,-104.1347794,7.879711914,3,ml,43,42,0.05840335205,0.3,tx,tx2023hjvh,2023-06-17T21:36:57.040Z,"50 km W of Mentone, Texas",earthquake,0.5414460255,0.7476520874,0.1,21,reviewed,tx,tx
2023-04-15T22:35:39.870Z,31.70295214,-104.1381626,6.735705566,3.1,ml,26,44,0.05502569954,0.2,tx,tx2023hjtb,2023-06-17T21:36:57.040Z,"51 km W of Mentone, Texas",earthquake,0.4722718052,0.5840720346,0.1,20,reviewed,tx,tx
2023-04-13T00:31:38.473Z,31.94572745,-103.3631783,9.679272461,2.5,ml,14,64,0.04924736153,0.2,tx,tx2023hekj,2023-06-17T21:36:49.040Z,"24 km SW of Jal, New Mexico",earthquake,0.8632576207,1.080865261,0.2,54,reviewed,tx,tx
2023-04-12T05:58:49.835Z,31.52135976,-104.0068446,7.10847168,2.5,ml,26,57,0.04252552342,0.1,tx,tx2023hczr,2023-06-17T21:36:49.040Z,"30 km NW of Toyah, Texas",earthquake,0.6492224892,0.4144000524,0.2,40,reviewed,tx,tx
2023-04-12T05:19:49.227Z,32.0059539,-103.8115862,6.761413574,2.5,ml,22,45,0.01139632973,0.1,tx,tx2023hcyh,2023-06-17T21:36:47.040Z,"34 km SE of Malaga, New Mexico",earthquake,0.4184389367,0.4379007151,0.2,19,reviewed,tx,tx
2023-04-10T15:25:51.900Z,31.69370137,-104.4513412,5.257495117,3.5,ml,31,52,0.02550372161,0.2,tx,tx2023habk,2023-06-17T21:36:43.040Z,"western Texas",earthquake,0.8833979492,0.5716902338,0.2,24,reviewed,tx,tx
2023-04-10T09:43:16.362Z,32.2489,-101.9176,3.398,2.7,mb_lg,55,24,0.023,0.48,us,us6000k390,2023-06-17T21:36:43.040Z,"18 km NW of Stanton, Texas",earthquake,2.76,6.906,0.062,68,reviewed,us,us
2023-04-10T09:43:15.937Z,32.26,-101.926,6.4209,2.7,ml,27,65,0,0.1,tx,tx2023gzqa,2024-11-19T17:45:16.912Z,"19 km NW of Stanton, Texas",earthquake,0.46294713511618,0.94550420656654,0.1,11,reviewed,tx,tx
2023-04-10T06:14:48.892Z,32.262,-101.933,6.4209,3.7,ml,29,66,0,0.1,tx,tx2023gzjd,2024-11-19T18:51:42.343Z,"20 km NW of Stanton, Texas",earthquake,0.50217613130915,1.2841847582715,0,9,reviewed,tx,tx
2023-04-09T14:35:28.599Z,31.56117162,-104.1624206,8.239624023,3,ml,20,63,0.03561280303,0.1,tx,tx2023gyee,2023-06-17T21:36:40.040Z,"western Texas",earthquake,1.076641569,0.9517472842,0.1,24,reviewed,tx,tx
2023-04-09T14:33:51.721Z,31.56210829,-104.158663,8.548120117,2.8,ml,25,69,0.03235595064,0.1,tx,tx2023gyed,2023-06-17T21:36:40.040Z,"44 km NW of Toyah, Texas",earthquake,0.7885720335,0.9121932944,0.1,29,reviewed,tx,tx
2023-04-09T01:12:00.405Z,31.72590367,-104.5114376,4.332006836,2.7,ml,20,86,0.01625986647,0.1,tx,tx2023gxdr,2023-06-17T21:36:39.040Z,"51 km SSW of Whites City, New Mexico",earthquake,0.8151730377,0.5998732998,0.1,18,reviewed,tx,tx
2023-04-07T05:24:42.192Z,32.011,-101.71,9.0088,2.7,ml,21,62,0.1,0.1,tx,tx2023gtva,2024-11-20T15:46:27.816Z,"15 km SSE of Stanton, Texas",earthquake,0.45208878891399,1.0217093572063,0.1,13,reviewed,tx,tx
2023-04-06T20:05:59.306Z,31.63898612,-104.420952,5.848779297,2.5,ml,22,65,0.01966107012,0.2,tx,tx2023gtco,2023-06-13T03:12:37.040Z,"59 km S of Whites City, New Mexico",earthquake,1.941474011,1.336535234,0.1,18,reviewed,tx,tx
2023-04-06T10:29:38.444Z,32.844,-100.545,3.5645,2.9,ml,25,70,0.1,0.1,tx,tx2023gsjp,2024-11-20T16:02:31.895Z,"7 km W of Rotan, Texas",earthquake,0.71838089094102,1.0339015150413,0.1,15,reviewed,tx,tx
2023-04-06T04:35:33.984Z,31.62954526,-104.4238243,6.131567383,2.8,ml,25,65,0.02760179984,0.2,tx,tx2023grxw,2023-06-13T03:12:43.040Z,"60 km S of Whites City, New Mexico",earthquake,1.026133202,0.9698053918,0.1,18,reviewed,tx,tx
2023-04-05T08:15:08.915Z,31.67424081,-104.4064736,6.542895508,2.5,ml,16,56,0.02830796525,0.1,tx,tx2023gqjq,2023-06-13T03:12:53.040Z,"55 km S of Whites City, New Mexico",earthquake,0.8965396612,1.241187829,0.1,25,reviewed,tx,tx
2023-04-03T21:11:52.113Z,31.68696204,-104.4286637,6.131567383,2.6,ml,32,46,0.03094797345,0.2,tx,tx2023gnsh,2023-06-13T03:13:11.040Z,"54 km S of Whites City, New Mexico",earthquake,0.9321901978,0.8546316521,0.1,16,reviewed,tx,tx
2023-04-01T19:35:11.024Z,31.63789256,-104.4126011,6.131567383,2.9,ml,29,82,0.02471393666,0.2,tx,tx2023gjyc,2023-06-03T22:06:17.040Z,"western Texas",earthquake,0.8255782387,0.741241447,0.2,24,reviewed,tx,tx
2023-04-01T19:33:38.654Z,31.62139893,-104.4279964,7.947794596,3.4,ml,42,69,0.03498966123,0.2,tx,tx2023gjxz,2023-06-03T22:06:17.040Z,"61 km S of Whites City, New Mexico",earthquake,0.7843560881,1.029188446,0.2,31,reviewed,tx,tx
2023-04-01T15:15:42.584Z,31.63280169,-104.4179354,5.617407227,2.9,ml,27,87,0.02634004783,0.2,tx,tx2023gjpm,2023-06-03T22:06:17.040Z,"60 km S of Whites City, New Mexico",earthquake,0.8781151595,0.885378411,0.1,24,reviewed,tx,tx
2023-04-01T08:58:24.217Z,31.56118664,-104.1591947,7.93112793,2.9,ml,16,63,0.03321447381,0.1,tx,tx2023gjda,2023-06-03T22:06:16.040Z,"44 km NW of Toyah, Texas",earthquake,0.9703254687,0.8438172176,0.1,37,reviewed,tx,tx
2023-04-01T06:49:47.150Z,31.20714808,-103.7659221,10.03918457,2.5,ml,48,66,0.1189009395,0.2,tx,tx2023giyu,2023-06-03T22:06:16.040Z,"12 km SSE of Toyah, Texas",earthquake,0.8626546505,1.186519031,0.1,33,reviewed,tx,tx
2023-03-29T23:55:15.326Z,31.11809047,-103.6854579,5.617407227,2.5,ml,25,49,0.07977280805,0.2,tx,tx2023geue,2023-06-03T22:06:07.040Z,"15 km NNE of Balmorhea, Texas",earthquake,1.028068887,1.303917372,0.2,21,reviewed,tx,tx
2023-03-29T18:15:09.160Z,32.00929194,-103.8084888,10.88754883,2.5,ml,28,38,0.07709862783,0.1,tx,tx2023geix,2023-06-03T22:06:06.040Z,"34 km SE of Malaga, New Mexico",earthquake,1.152666157,1.694327544,0.1,30,reviewed,tx,tx
2023-03-28T09:45:00.250Z,31.61676374,-103.9600927,5.270349121,2.5,ml,16,62,0.00962140967,0.1,tx,tx2023gbwn,2023-06-03T22:06:03.040Z,"35 km WSW of Mentone, Texas",earthquake,0.419103811,0.4443117326,0.2,11,reviewed,tx,tx
2023-03-28T09:44:27.335Z,31.61882519,-103.9622535,6.093005371,2.6,ml,26,56,0.009889849274,0.2,tx,tx2023gbwo,2023-06-03T22:06:03.040Z,"35 km WSW of Mentone, Texas",earthquake,0.4045083797,0.6448193351,0.2,21,reviewed,tx,tx
2023-03-27T01:55:01.809Z,32.00540127,-103.8001046,7.93112793,3.4,ml,22,44,0.007234902402,0.1,tx,tx2023fzlo,2023-06-03T22:06:26.040Z,"35 km SE of Malaga, New Mexico",earthquake,0.7704190677,0.9232861848,0.2,16,reviewed,tx,tx
2023-03-26T07:11:27.705Z,31.65851409,-104.3498159,6.697143555,3.3,ml,23,58,0.07013708878,0.2,tx,tx2023fyan,2023-06-03T22:06:24.040Z,"57 km S of Whites City, New Mexico",earthquake,1.157868373,1.167656015,0.1,25,reviewed,tx,tx
2023-03-25T08:22:41.167Z,31.60591157,-103.9764528,8.663806152,2.5,ml,21,59,0.008073676047,0.1,tx,tx2023fwhk,2023-05-26T21:54:19.040Z,"western Texas",earthquake,0.4361361919,0.398428212,0.2,26,reviewed,tx,tx
2023-03-21T14:55:19.829Z,31.56451135,-104.1355578,5.874487305,3.2,ml,19,63,0.01604698623,0.1,tx,tx2023fpmh,2023-05-26T21:54:10.040Z,"42 km NW of Toyah, Texas",earthquake,0.8695101539,0.7159106524,0.1,18,reviewed,tx,tx
2023-03-19T13:39:29.895Z,31.66638244,-104.3407318,6.080151367,2.6,ml,19,57,0.06485989689,0.1,tx,tx2023flsu,2023-05-26T21:54:06.040Z,"56 km S of Whites City, New Mexico",earthquake,0.818446157,0.9657435146,0.1,24,reviewed,tx,tx
2023-03-19T13:29:28.098Z,31.66544373,-104.3439536,5.308911133,3.1,ml,21,57,0.06767755384,0.2,tx,tx2023flsl,2023-05-26T21:54:06.040Z,"56 km S of Whites City, New Mexico",earthquake,0.8410379019,1.165407918,0.1,17,reviewed,tx,tx
2023-03-17T21:41:04.422Z,31.61504208,-103.9950537,7.764025879,2.7,ml,24,56,0.01994618411,0.2,tx,tx2023firq,2023-05-20T23:20:35.040Z,"38 km NNW of Toyah, Texas",earthquake,0.4266996578,0.4051533136,0.1,12,reviewed,tx,tx
2023-03-17T20:50:08.249Z,32.493,-101.678,8.4717,3.2,ml,34,63,0.1,0.1,tx,tx2023fipz,2024-11-19T21:28:20.343Z,"5 km SE of Ackerly, Texas",earthquake,0.60268191209829,1.1138346534685,0.1,6,reviewed,tx,tx
2023-03-17T08:40:32.258Z,32.382,-102.11,2.9785,2.5,ml,64,56,0,0.2,tx,tx2023fhrx,2024-11-19T21:38:16.449Z,"40 km WSW of Ackerly, Texas",earthquake,0.82407696081422,1.218275175432,0,6,reviewed,tx,tx
2023-03-17T03:40:16.852Z,31.65733986,-104.4590669,7.622631836,2.7,ml,51,66,0.02308098571,0.3,tx,tx2023fhhz,2023-05-20T23:20:31.040Z,"58 km S of Whites City, New Mexico",earthquake,0.9305590834,0.8755868046,0,7,reviewed,tx,tx
2023-03-16T19:28:51.822Z,31.51953069,-104.0041487,7.93112793,2.7,ml,19,57,0.04530289834,0.1,tx,tx2023fgru,2023-05-20T23:20:30.040Z,"30 km NW of Toyah, Texas",earthquake,0.7130664218,0.6759013166,0,6,reviewed,tx,tx
2023-03-16T17:29:47.227Z,31.66690987,-104.3294322,7.468383789,2.5,ml,31,57,0.05521585018,0.2,tx,tx2023fgnw,2023-05-20T23:20:30.040Z,"56 km S of Whites City, New Mexico",earthquake,0.7094106596,0.9570842627,0.2,19,reviewed,tx,tx
2023-03-16T01:59:45.854Z,32.00409733,-103.8207651,7.018493652,2.6,ml,14,61,0.01723695403,0.1,tx,tx2023ffje,2023-05-20T23:20:28.040Z,"34 km SE of Malaga, New Mexico",earthquake,0.4921294784,0.5973279311,0.1,36,reviewed,tx,tx
2023-03-14T22:47:32.529Z,32.464,-102.025,9.2529,3.1,ml,22,63,0.1,0.1,tx,tx2023fdhi,2024-11-19T17:52:42.961Z,"29 km WSW of Ackerly, Texas",earthquake,1.1325497786513,2.0465042679909,0,6,reviewed,tx,tx
2023-03-14T20:28:25.849Z,31.61375674,-104.3410984,6.157275391,2.7,ml,19,62,0.08706175419,0.2,tx,tx2023fdct,2023-05-20T23:20:24.040Z,"61 km WNW of Toyah, Texas",earthquake,1.299390531,1.604327417,0.2,16,reviewed,tx,tx
2023-03-14T12:37:23.132Z,31.64715693,-104.4360963,5.334619141,2.5,ml,14,65,0.009699494552,0.2,tx,tx2023fcne,2023-05-20T23:20:23.040Z,"58 km S of Whites City, New Mexico",earthquake,1.895837673,1.582628128,0.1,21,reviewed,tx,tx
2023-03-14T06:53:19.140Z,31.67513053,-104.3381134,6.440063477,2.6,ml,32,57,0.06251373072,0.2,tx,tx2023fcbw,2023-05-20T23:20:22.040Z,"55 km S of Whites City, New Mexico",earthquake,0.884477217,0.8173492683,0.1,18,reviewed,tx,tx
2023-03-14T03:50:27.944Z,31.66339035,-104.3415141,6.671435547,3.1,ml,17,58,0.06583271139,0.2,tx,tx2023fbvv,2023-05-20T23:20:21.040Z,"56 km S of Whites City, New Mexico",earthquake,1.227689877,1.434199892,0.2,25,reviewed,tx,tx
2023-03-14T01:15:01.600Z,31.68241329,-104.4216224,6.594311523,2.5,ml,35,50,0.0277168272,0.3,tx,tx2023fbqs,2023-05-20T23:20:21.040Z,"54 km S of Whites City, New Mexico",earthquake,0.8004699746,0.6883883328,0.1,21,reviewed,tx,tx
2023-03-14T01:03:19.181Z,31.52830291,-104.1640902,5.848779297,2.5,ml,20,65,0.0597243071,0.2,tx,tx2023fbqi,2023-05-20T23:20:21.040Z,"42 km NW of Toyah, Texas",earthquake,1.558204876,1.604770949,0.1,24,reviewed,tx,tx
2023-03-13T21:21:15.727Z,31.72314461,-104.3013508,5.874487305,3.5,ml,18,90,0.05161511719,0.1,tx,tx2023fbiz,2024-01-18T19:28:56.608Z,"50 km S of Whites City, New Mexico",earthquake,0.7711526805,0.9182876985,0.2,12,reviewed,tx,tx
2023-03-13T15:16:39.236Z,31.65428931,-104.4348178,5.874487305,2.7,ml,14,71,0.003051821464,0.1,tx,tx2023fawy,2023-05-20T23:20:20.040Z,"58 km S of Whites City, New Mexico",earthquake,1.283847355,0.9950300444,0.1,29,reviewed,tx,tx
2023-03-13T06:19:05.769Z,31.60833778,-103.9722947,8.496704102,3.1,ml,19,57,0.003779457156,0.1,tx,tx2023fafg,2023-05-20T23:20:19.040Z,"36 km NNW of Toyah, Texas",earthquake,0.5987968112,0.6378807312,0.1,13,reviewed,tx,tx
2023-03-13T02:04:10.704Z,31.62629345,-104.2795968,7.519799805,2.7,ml,59,59,0.1315663594,0.2,tx,tx2023ezwv,2023-05-20T23:20:19.040Z,"57 km NW of Toyah, Texas",earthquake,0.6015533781,0.989973776,0.1,14,reviewed,tx,tx
2023-03-11T12:25:07.468Z,31.6714409,-104.4129079,7.622631836,2.5,ml,21,66,0.0223356441,0.2,tx,tx2023exah,2023-05-15T02:49:12.040Z,"56 km S of Whites City, New Mexico",earthquake,0.9731649815,1.065349382,0.1,28,reviewed,tx,tx
2023-03-11T12:08:25.375Z,31.64339254,-104.262508,7.828295898,2.5,ml,15,59,0.02832880357,0.1,tx,tx2023ewzt,2023-05-15T02:49:12.040Z,"western Texas",earthquake,0.8881471455,1.142381955,0.2,23,reviewed,tx,tx
2023-03-11T05:07:54.582Z,31.60746888,-104.276224,7.57121582,2.6,ml,16,61,0.06496199777,0.1,tx,tx2023ewlu,2023-05-15T02:49:16.040Z,"56 km NW of Toyah, Texas",earthquake,0.9407764995,1.279509773,0.2,29,reviewed,tx,tx
2023-03-10T03:41:36.284Z,31.56530661,-104.137579,6.684289551,2.7,ml,29,63,0.01637157708,0.2,tx,tx2023eunn,2023-05-15T02:49:34.040Z,"42 km NW of Toyah, Texas",earthquake,0.5891581722,0.4621302784,0.1,19,reviewed,tx,tx
2023-03-10T01:38:36.604Z,31.56438383,-104.1383798,6.941369629,2.7,ml,36,67,0.01752083585,0.2,tx,tx2023eujn,2023-05-15T02:49:36.040Z,"42 km NW of Toyah, Texas",earthquake,0.5927316799,0.5231235149,0.1,18,reviewed,tx,tx
2023-03-09T07:45:47.478Z,32.74932861,-100.6594179,7.116333008,2.9,ml,17,70,0.08288434074,0.1,tx,tx2023etac,2023-05-15T02:49:49.040Z,"western Texas",earthquake,0.6345884641,1.091373439,0.1,23,reviewed,tx,tx
2023-03-09T02:46:41.983Z,31.62064176,-104.0948804,5.296057129,2.5,ml,22,54,0.02919621074,0.2,tx,tx2023esqg,2023-05-15T02:49:55.040Z,"44 km NW of Toyah, Texas",earthquake,0.4530146824,0.5458497472,0.1,12,reviewed,tx,tx
2023-03-08T10:48:06.738Z,31.49889307,-103.9911555,6.74855957,2.5,ml,17,56,0.04709959415,0.1,tx,tx2023erkp,2023-05-15T02:50:04.040Z,"western Texas",earthquake,0.8059796254,0.8937911243,0.2,25,reviewed,tx,tx
2023-03-08T06:24:20.365Z,31.6662738,-104.3584941,6.131567383,3.6,ml,49,69,0.06350384435,0.3,tx,tx2023erbw,2024-10-09T14:50:18.210Z,"western Texas",earthquake,0.7996673437,0.8070807722,0.1,31,reviewed,tx,tx
2023-03-07T14:15:20.533Z,32.328,-102.139,9.6436,2.7,ml,27,58,0.1,0.1,tx,tx2023epvx,2024-11-19T19:09:41.442Z,"36 km E of McKinney Acres, Texas",earthquake,0.70186466018017,1.1775740475535,0,6,reviewed,tx,tx
2023-03-07T09:36:44.257Z,31.66331812,-104.3533553,6.260107422,3.7,ml,42,57,0.06745722267,0.2,tx,tx2023epmt,2023-05-15T02:50:20.040Z,"56 km S of Whites City, New Mexico",earthquake,0.7452833048,0.8287262985,0.1,27,reviewed,tx,tx
2023-03-05T18:03:45.575Z,31.65263251,-104.2951387,7.905419922,2.6,ml,18,58,0.03202629882,0.2,tx,tx2023emml,2023-05-15T02:50:37.040Z,"58 km S of Whites City, New Mexico",earthquake,1.092783114,0.9929832008,0.2,24,reviewed,tx,tx
2023-03-02T00:38:17.915Z,31.69122709,-104.4093201,5.720239258,3.2,ml,33,68,0.04007405376,0.3,tx,tx2023efrl,2023-05-08T02:00:14.040Z,"53 km S of Whites City, New Mexico",earthquake,0.713172984,0.54989299,0.2,25,reviewed,tx,tx
2023-03-01T23:08:40.779Z,31.6625,-104.4516,9.957,2.5,ml,29,74,0.042,0.42,us,us7000jgp0,2024-01-18T19:25:23.935Z,"57 km S of Whites City, New Mexico",earthquake,1.67,3.842,0.069,48,reviewed,us,us
2023-03-01T10:39:32.683Z,31.63969102,-104.1774567,6.080151367,2.6,ml,29,75,0.07573993338,0.2,tx,tx2023eepu,2023-05-08T02:00:07.040Z,"western Texas",earthquake,0.6065748042,0.8883209193,0.1,23,reviewed,tx,tx
2023-03-01T05:09:37.248Z,31.71531949,-104.3034427,6.697143555,2.6,ml,32,72,0.05474446538,0.2,tx,tx2023eeex,2023-05-08T02:00:04.040Z,"51 km S of Whites City, New Mexico",earthquake,0.6894871172,0.6212722763,0.1,25,reviewed,tx,tx
2023-03-01T03:41:00.661Z,31.16032345,-103.7288793,0.8871337891,2.8,ml,22,72,0.03049209389,0.2,tx,tx2023eeca,2023-05-08T02:00:03.040Z,"18 km SSE of Toyah, Texas",earthquake,0.9028550342,2.608081688,0.2,24,reviewed,tx,tx
2023-02-28T23:57:36.490Z,31.61692505,-103.9816128,7.249865723,2.9,ml,38,54,0.01255373139,0.1,tx,tx2023edup,2023-05-08T02:00:01.040Z,"37 km WSW of Mentone, Texas",earthquake,0.363280463,0.3975738163,0.2,38,reviewed,tx,tx
2023-02-28T23:27:17.891Z,31.61652709,-103.9976161,8.188208008,2.7,ml,17,56,0.01749258956,0.1,tx,tx2023edtq,2023-05-08T02:00:01.040Z,"38 km NNW of Toyah, Texas",earthquake,0.6654815903,0.7674035386,0.2,13,reviewed,tx,tx
2023-02-28T23:26:08.542Z,31.61345334,-103.9891287,8.483850098,4.1,ml,45,50,0.017525607,0.1,tx,tx2023edto,2024-10-09T17:55:01.475Z,"37 km NNW of Toyah, Texas",earthquake,0.3391566765,0.366288038,0.2,29,reviewed,tx,tx
2023-02-28T20:58:45.200Z,31.62546438,-104.3430795,6.131567383,2.7,ml,17,69,0.0811177723,0.1,tx,tx2023edos,2023-05-08T01:59:59.040Z,"61 km S of Whites City, New Mexico",earthquake,0.8325930895,0.9922031215,0.2,25,reviewed,tx,tx
2023-02-28T01:44:54.353Z,32.00226331,-103.818599,8.175354004,2.9,ml,42,45,0.01492704923,0.2,tx,tx2023ecco,2023-05-08T01:59:48.040Z,"34 km SE of Malaga, New Mexico",earthquake,0.4509998837,0.5245689203,0.2,32,reviewed,tx,tx
2023-02-27T21:18:03.568Z,31.67908021,-104.438819,6.594311523,2.6,ml,46,51,0.02363865381,0.3,tx,tx2023ebtv,2023-05-08T01:59:46.040Z,"55 km S of Whites City, New Mexico",earthquake,0.708180693,0.6280752829,0.1,24,reviewed,tx,tx
2023-02-27T12:35:39.680Z,31.62408161,-104.2639767,6.131567383,3.1,ml,41,66,0.1265348775,0.2,tx,tx2023ebcp,2023-05-08T01:59:43.040Z,"56 km NW of Toyah, Texas",earthquake,0.70889276,0.8427382269,0.2,24,reviewed,tx,tx
2023-02-27T10:53:03.993Z,31.65874848,-104.3105266,6.131567383,2.5,ml,29,66,0.1036295551,0.2,tx,tx2023eazf,2023-05-08T01:59:43.040Z,"57 km S of Whites City, New Mexico",earthquake,0.6891259612,1.134533152,0.2,35,reviewed,tx,tx
2023-02-27T09:05:22.468Z,31.64014802,-104.1779978,6.080151367,3,ml,34,54,0.07638086857,0.2,tx,tx2023eavt,2023-05-08T01:59:41.040Z,"western Texas",earthquake,0.6440216469,1.443648961,0.1,19,reviewed,tx,tx
2023-02-27T09:04:35.883Z,31.64428938,-104.176949,6.131567383,3,ml,46,54,0.0792911906,0.3,tx,tx2023eavq,2023-05-08T01:59:41.040Z,"western Texas",earthquake,0.6078515504,0.6783660882,0.1,26,reviewed,tx,tx
2023-02-27T06:10:08.630Z,31.63980784,-104.1770538,6.118713379,2.7,ml,47,129,0.07563591261,0.2,tx,tx2023eapw,2023-05-08T01:59:39.040Z,"51 km NW of Toyah, Texas",earthquake,0.5724275875,0.6237729861,0.2,39,reviewed,tx,tx
2023-02-24T15:28:00.374Z,31.68067827,-104.4059937,5.668823242,2.7,ml,17,65,0.03307507648,0.1,tx,tx2023dvvu,2023-04-29T21:57:34.040Z,"54 km S of Whites City, New Mexico",earthquake,1.05415901,1.338211102,0.1,19,reviewed,tx,tx
2023-02-22T16:48:46.740Z,31.67637027,-104.431795,6.851391602,2.6,ml,17,54,0.00638348194,0.1,tx,tx2023dshl,2023-04-29T21:57:27.040Z,"55 km S of Whites City, New Mexico",earthquake,1.099045361,0.901438438,0.1,27,reviewed,tx,tx
2023-02-22T13:19:38.057Z,31.67217441,-104.3703876,6.234399414,2.5,ml,20,57,0.05493712214,0.1,tx,tx2023dsan,2023-04-29T21:57:26.040Z,"55 km S of Whites City, New Mexico",earthquake,0.6495278757,0.9817779598,0.1,28,reviewed,tx,tx
2023-02-22T11:49:48.645Z,31.66921585,-104.3657864,6.620019531,3.1,ml,40,46,0.05796417111,0.2,tx,tx2023drxo,2023-04-29T21:57:26.040Z,"56 km S of Whites City, New Mexico",earthquake,0.7434584312,1.056199107,0.2,25,reviewed,tx,tx
2023-02-22T11:31:00.650Z,31.66775369,-104.414489,4.897583008,2.6,ml,28,45,0.01891068981,0.2,tx,tx2023drwz,2023-04-29T21:57:25.040Z,"56 km S of Whites City, New Mexico",earthquake,1.087391024,1.287886703,0.1,16,reviewed,tx,tx
2023-02-22T11:19:41.506Z,31.674043,-104.365559,6.131567383,3.2,ml,37,46,0.05942307296,0.2,tx,tx2023drwp,2023-04-29T21:57:25.040Z,"55 km S of Whites City, New Mexico",earthquake,0.6782351348,0.7253531005,0.1,18,reviewed,tx,tx
2023-02-22T11:18:37.118Z,31.67358679,-104.3650167,6.131567383,2.9,ml,39,46,0.05972941695,0.2,tx,tx2023drwo,2023-04-29T21:57:25.040Z,"55 km S of Whites City, New Mexico",earthquake,0.7359308614,0.7023815649,0.1,24,reviewed,tx,tx
2023-02-22T09:41:16.274Z,31.67355987,-104.369323,6.388647461,2.9,ml,40,46,0.0562193607,0.2,tx,tx2023drti,2023-04-29T21:57:25.040Z,"55 km S of Whites City, New Mexico",earthquake,0.7887437063,0.8696501855,0.1,24,reviewed,tx,tx
2023-02-22T08:51:24.649Z,31.6721879,-104.3682345,7.211303711,4,ml,45,46,0.05669957537,0.2,tx,tx2023drrr,2023-04-29T21:57:25.040Z,"55 km S of Whites City, New Mexico",earthquake,0.7595570506,0.8489505565,0.2,26,reviewed,tx,tx
2023-02-22T07:44:10.283Z,31.67352601,-104.374706,6.645727539,4.2,ml,50,45,0.05186318022,0.2,tx,tx2023drpm,2024-10-09T17:26:21.094Z,"western Texas",earthquake,0.7295566402,0.9313321991,0.1,29,reviewed,tx,tx
2023-02-22T07:01:42.280Z,31.66798052,-104.3795021,7.93112793,2.6,ml,21,57,0.0463138002,0.1,tx,tx2023drob,2023-04-29T21:57:24.040Z,"56 km S of Whites City, New Mexico",earthquake,0.7352520525,1.120220635,0.2,25,reviewed,tx,tx
2023-02-22T06:55:02.006Z,31.67078894,-104.3714522,6.131567383,3.1,ml,35,46,0.0536754862,0.2,tx,tx2023drnw,2023-04-29T21:57:24.040Z,"55 km S of Whites City, New Mexico",earthquake,0.7192811269,0.716478516,0.2,26,reviewed,tx,tx
2023-02-21T23:38:16.443Z,32.753,-100.662,6.7627,2.5,ml,25,48,0.1,0.2,tx,tx2023dqzl,2024-11-20T19:11:44.110Z,"15 km NE of Hermleigh, Texas",earthquake,0.77847892751706,1.0967091833954,0.1,10,reviewed,tx,tx
2023-02-21T20:48:43.471Z,31.6166812,-104.2725287,7.314135742,2.5,ml,38,60,0.05539547721,0.2,tx,tx2023dqtv,2023-04-29T21:57:23.040Z,"56 km NW of Toyah, Texas",earthquake,1.06667937,1.17132387,0.2,22,reviewed,tx,tx
2023-02-21T11:40:30.949Z,31.71768808,-104.2910744,7.57121582,2.8,ml,23,67,0.04931284233,0.3,tx,tx2023dqbu,2023-04-29T21:57:21.040Z,"51 km S of Whites City, New Mexico",earthquake,0.7158135893,0.761735277,0.1,14,reviewed,tx,tx
2023-02-21T07:33:26.184Z,31.63830216,-104.4201385,6.080151367,3.1,ml,23,65,0.02059713232,0.2,tx,tx2023dptp,2023-04-29T21:57:20.040Z,"59 km S of Whites City, New Mexico",earthquake,1.167501624,0.7949665915,0.1,14,reviewed,tx,tx
2023-02-20T02:17:35.068Z,32.753,-100.655,7.8369,2.7,ml,21,49,0.1,0.1,tx,tx2023dnnr,2024-11-20T19:29:33.213Z,"16 km NE of Hermleigh, Texas",earthquake,0.62930044532965,1.0216578859996,0.1,11,reviewed,tx,tx
2023-02-19T11:41:42.410Z,32.746,-100.664,7.7881,2.9,ml,30,70,0.1,0.2,tx,tx2023dmku,2024-11-20T21:24:53.019Z,"15 km NE of Hermleigh, Texas",earthquake,0.92871420301751,1.2344234961744,0.1,18,reviewed,tx,tx
2023-02-16T12:25:28.086Z,32.75665283,-100.6508432,8.192342122,2.5,ml,16,94,0.07266699627,0.1,tx,tx2023dgzt,2023-04-22T21:33:13.040Z,"16 km NE of Hermleigh, Texas",earthquake,0.7606245569,1.131137105,0.1,13,reviewed,tx,tx
2023-02-16T10:42:32.399Z,32.74932861,-100.6594179,9.121622721,2.6,ml,18,70,0.08288434074,0.1,tx,tx2023dgwi,2023-04-22T21:33:14.040Z,"15 km NE of Hermleigh, Texas",earthquake,0.5881133163,0.737318453,0.1,14,reviewed,tx,tx
2023-02-16T10:29:04.966Z,32.7456665,-100.6594179,7.849975586,4.7,ml,33,48,0.08525345248,0.3,tx,tx2023dgvx,2023-09-22T20:29:18.612Z,"15 km NE of Hermleigh, Texas",earthquake,1.270893694,2.612447472,0.1,16,reviewed,tx,tx
2023-02-16T05:03:36.439Z,31.64805961,-104.4040832,7.159887695,3,ml,39,64,0.02518615648,0.3,tx,tx2023dgle,2023-04-22T21:33:12.040Z,"58 km S of Whites City, New Mexico",earthquake,1.023250265,1.231860462,0.1,23,reviewed,tx,tx
2023-02-15T08:49:23.933Z,31.6742795,-104.4005523,6.131567383,2.8,ml,17,66,0.03237622856,0.3,tx,tx2023dexc,2023-04-22T21:33:10.040Z,"55 km S of Whites City, New Mexico",earthquake,1.124089835,1.16728297,0.1,10,reviewed,tx,tx
2023-02-14T22:01:55.667Z,32.10754395,-102.1353373,7.874430339,2.9,ml,17,79,0.03473961718,0.2,tx,tx2023debt,2023-04-22T21:33:08.040Z,"13 km NNW of Midland, Texas",earthquake,0.6518244796,1.453149027,0.2,13,reviewed,tx,tx
2023-02-13T06:48:23.041Z,31.66423706,-104.4585951,8.75378418,2.5,ml,34,65,0.02403775758,0.2,tx,tx2023dbcd,2023-04-22T21:33:04.040Z,"57 km S of Whites City, New Mexico",earthquake,0.9562700403,0.6901015158,0.1,25,reviewed,tx,tx
2023-02-12T20:34:24.157Z,32.74932861,-100.6572742,8.290161133,3.1,ml,20,57,0.08149686084,0.1,tx,tx2023dahw,2023-04-22T21:33:03.040Z,"15 km NE of Hermleigh, Texas",earthquake,0.7075737672,1.05498376,0.1,10,reviewed,tx,tx
2023-02-12T20:08:17.977Z,32.75115967,-100.6615615,7.752156576,2.6,ml,25,57,0.08315822377,0.2,tx,tx2023dagz,2023-04-22T21:33:03.040Z,"15 km NE of Hermleigh, Texas",earthquake,0.7814581566,1.103120363,0.1,16,reviewed,tx,tx
2023-02-12T19:23:17.172Z,31.65205839,-104.3898571,4.511962891,3,ml,25,63,0.03619784144,0.2,tx,tx2023dafm,2023-04-22T21:33:03.040Z,"58 km S of Whites City, New Mexico",earthquake,1.116702536,1.110259114,0.1,15,reviewed,tx,tx
2023-02-12T12:57:06.698Z,31.99327185,-103.882719,7.005639648,2.6,ml,27,87,0.07371174224,0.2,tx,tx2023czst,2023-04-22T21:33:02.040Z,"31 km SE of Malaga, New Mexico",earthquake,0.815337789,1.242139439,0.2,36,reviewed,tx,tx
2023-02-11T20:27:18.949Z,32.75115967,-100.6529869,8.925984701,3.5,ml,21,70,0.07756297623,0.2,tx,tx2023cymd,2023-04-15T21:39:58.040Z,"16 km NE of Hermleigh, Texas",earthquake,0.6606063484,1.090392179,0.1,11,reviewed,tx,tx
2023-02-10T12:18:40.011Z,32.7557373,-100.6476277,7.091878255,2.6,ml,20,57,0.07115826608,0.2,tx,tx2023cwam,2023-04-15T21:39:30.040Z,"16 km NE of Hermleigh, Texas",earthquake,0.6617691488,1.371653953,0.1,13,reviewed,tx,tx
2023-02-10T04:42:46.875Z,32.75115967,-100.6508432,7.556518555,2.7,ml,14,88,0.07620667651,0.1,tx,tx2023cvll,2023-04-15T21:39:53.040Z,"western Texas",earthquake,0.6421639391,1.082636578,0.1,10,reviewed,tx,tx
2023-02-10T04:41:13.551Z,32.75299072,-100.6529869,8.192342122,2.6,ml,13,70,0.07637828816,0.2,tx,tx2023cvlk,2023-04-15T21:39:30.040Z,"16 km NE of Hermleigh, Texas",earthquake,0.7182007486,1.306737081,0.1,9,reviewed,tx,tx
2023-02-10T04:31:17.838Z,32.7520752,-100.651915,7.287516276,2.7,ml,20,57,0.07628170899,0.2,tx,tx2023cvlb,2023-04-15T21:39:52.040Z,"16 km NE of Hermleigh, Texas",earthquake,0.5702376642,1.0655385,0.1,13,reviewed,tx,tx
2023-02-10T03:51:16.543Z,32.75299072,-100.6529869,7.654337565,2.7,ml,17,64,0.07637828816,0.2,tx,tx2023cvjt,2023-04-15T21:39:52.040Z,"16 km NE of Hermleigh, Texas",earthquake,0.7052597722,1.918043503,0.1,13,reviewed,tx,tx
2023-02-09T23:28:51.187Z,31.67973084,-104.410292,6.131567383,2.6,ml,21,56,0.02998447251,0.2,tx,tx2023cvbc,2023-04-15T21:39:52.040Z,"55 km S of Whites City, New Mexico",earthquake,1.074795869,0.7814348823,0.1,12,reviewed,tx,tx
2023-02-09T13:40:34.112Z,31.66338871,-104.4483599,6.080151367,2.6,ml,20,69,0.01567483439,0.2,tx,tx2023cuhr,2023-04-15T21:39:51.040Z,"57 km S of Whites City, New Mexico",earthquake,0.7308193352,0.4533646337,0.2,14,reviewed,tx,tx
2023-02-08T02:16:22.633Z,31.60917136,-103.9630189,7.455529785,2.6,ml,16,61,0.005196541634,0.1,tx,tx2023crpp,2023-04-15T21:39:30.040Z,"36 km WSW of Mentone, Texas",earthquake,0.3535371448,0.3911534583,0.2,10,reviewed,tx,tx
2023-02-07T16:51:31.659Z,31.68366016,-104.4068284,5.797363281,2.6,ml,16,65,0.01660173819,0.1,tx,tx2023cqxa,2023-04-15T21:39:44.040Z,"54 km S of Whites City, New Mexico",earthquake,0.931657151,0.8518305169,0.1,15,reviewed,tx,tx
2023-02-07T16:44:10.094Z,31.6695,-104.4018,5,2.6,ml,29,49,0.023,0.38,us,us6000jm9a,2023-04-15T21:39:44.040Z,"56 km S of Whites City, New Mexico",earthquake,1.23,1.324,0.057,56,reviewed,us,us
2023-02-06T14:56:54.296Z,32.8793335,-100.9338081,5.600138346,3,ml,15,61,0.02420165042,0.3,tx,tx2023coxt,2023-04-15T21:39:38.040Z,"17 km N of Snyder, Texas",earthquake,0.7840788185,1.01513195,0.2,12,reviewed,tx,tx
2023-02-06T02:37:02.807Z,32.751,-100.653,9.5947,2.5,ml,9,125,0.1,0.1,tx,tx2023cnzi,2025-10-30T19:02:44.957Z,"16 km NE of Hermleigh, Texas",earthquake,1.0054674528595,1.1888651079797,0.2,5,reviewed,tx,tx
2023-02-05T00:48:22.336Z,31.70454017,-104.1676551,7.10847168,2.6,ml,26,61,0.0547277868,0.2,tx,tx2023cmaf,2023-04-15T21:39:31.040Z,"53 km W of Mentone, Texas",earthquake,0.6175247124,0.6854225889,0.2,19,reviewed,tx,tx
2023-02-04T19:40:20.272Z,31.61968782,-103.9800113,6.992785645,3.7,ml,22,54,0.01310956398,0.1,tx,tx2023clqb,2023-04-13T21:53:25.040Z,"37 km WSW of Mentone, Texas",earthquake,0.5672051847,0.3908792803,0.2,12,reviewed,tx,tx
2023-02-04T15:12:03.504Z,32.75482178,-100.6572742,6.38269043,2.5,ml,14,57,0.07806788229,0.2,tx,tx2023clhe,2023-04-13T21:53:06.040Z,"16 km NE of Hermleigh, Texas",earthquake,1.043149589,2.131933196,0.1,8,reviewed,tx,tx
2023-02-04T02:21:16.719Z,32.27142334,-101.9284728,7.801066081,3.1,ml,15,83,0.04041572444,0.1,tx,tx2023ckhu,2023-04-13T21:53:22.040Z,"20 km NW of Stanton, Texas",earthquake,0.4784074539,0.783230111,0.2,11,reviewed,tx,tx
2023-02-03T20:56:59.224Z,32.7520752,-100.6476277,8.754801432,3,ml,17,59,0.0735853015,0.3,tx,tx2023cjxc,2024-01-18T19:18:22.622Z,"16 km NE of Hermleigh, Texas",earthquake,0.9001078436,1.607672675,0,6,reviewed,tx,tx
2023-02-03T19:18:33.507Z,32.75482178,-100.6529869,8.290161133,3.5,ml,14,57,0.0752195689,0.2,tx,tx2023cjtv,2023-04-13T21:53:21.040Z,"16 km NE of Hermleigh, Texas",earthquake,0.7909934576,1.272461096,0.1,10,reviewed,tx,tx
2023-02-03T07:58:23.721Z,32.73284912,-100.6594179,0.0244547526,2.5,ml,25,57,0.09420080505,0.2,tx,tx2023cixk,2023-04-13T21:53:06.040Z,"western Texas",earthquake,0.9627427054,0.612353558,0.1,21,reviewed,tx,tx
2023-02-02T09:22:45.816Z,31.66965924,-104.4042788,7.314135742,2.9,ml,19,57,0.02723225679,0.2,tx,tx2023cher,2023-04-13T21:53:18.040Z,"56 km S of Whites City, New Mexico",earthquake,0.9504668182,0.9043534697,0.1,24,reviewed,tx,tx
2023-02-02T05:33:09.290Z,31.65565352,-104.3664765,7.468383789,2.7,ml,44,59,0.05589683111,0.2,tx,tx2023cgxc,2023-04-13T21:53:17.040Z,"57 km S of Whites City, New Mexico",earthquake,0.7428080817,0.8039887205,0,6,reviewed,tx,tx
2023-02-01T18:23:04.245Z,31.60722965,-104.235339,9.679272461,2.7,ml,47,69,0.06923204475,0.2,tx,tx2023cgaz,2023-04-13T21:53:16.040Z,"53 km NW of Toyah, Texas",earthquake,0.6986895438,0.9213208805,0,6,reviewed,tx,tx
2023-02-01T15:16:51.120Z,31.59014857,-104.2497371,6.131567383,2.5,ml,20,72,0.08260792704,0.1,tx,tx2023cfuv,2023-04-13T21:53:16.040Z,"53 km NW of Toyah, Texas",earthquake,0.7419999298,1.368507962,0.1,17,reviewed,tx,tx
2023-02-01T15:14:20.644Z,31.59569495,-104.2438615,6.851391602,2.6,ml,21,71,0.07812192632,0.1,tx,tx2023cfus,2023-04-13T21:53:16.040Z,"52 km NW of Toyah, Texas",earthquake,0.8534341202,1.057433859,0.1,22,reviewed,tx,tx
2023-02-01T14:58:07.873Z,31.58693154,-104.2497133,6.902807617,2.5,ml,14,72,0.08579525446,0.1,tx,tx2023cfug,2023-04-13T21:53:06.040Z,"52 km NW of Toyah, Texas",earthquake,1.06749115,1.449391064,0.1,20,reviewed,tx,tx
2023-02-01T07:01:46.124Z,31.60558541,-103.9706687,9.987768555,2.8,ml,26,47,0.005355489757,0.1,tx,tx2023cfen,2023-04-13T21:53:15.040Z,"36 km NNW of Toyah, Texas",earthquake,0.6811296301,0.6745033116,0.1,35,reviewed,tx,tx
2023-02-01T03:54:21.757Z,31.66365745,-104.3353263,8.39387207,2.6,ml,24,58,0.06056641886,0.2,tx,tx2023ceyi,2023-04-13T21:53:15.040Z,"56 km S of Whites City, New Mexico",earthquake,0.8385150789,1.005062776,0.1,30,reviewed,tx,tx
2023-01-31T22:09:53.919Z,31.68644928,-104.2886755,7.416967773,2.5,ml,22,64,0.02513951532,0.2,tx,tx2023cena,2023-04-13T21:53:14.040Z,"54 km S of Whites City, New Mexico",earthquake,0.7307156758,0.7164661961,0.2,18,reviewed,tx,tx
2023-01-31T15:30:02.861Z,31.68701971,-104.4200498,6.080151367,2.5,ml,21,73,0.03251809055,0.2,tx,tx2023cdzu,2023-04-13T21:53:14.040Z,"western Texas",earthquake,1.025923326,0.735176293,0.2,18,reviewed,tx,tx
2023-01-30T11:19:58.616Z,31.62763602,-104.2860638,7.57121582,2.5,ml,35,70,0.04759316575,0.2,tx,tx2023cbwa,2023-04-13T21:53:11.040Z,"western Texas",earthquake,0.6653249317,0.8611942911,0.3,28,reviewed,tx,tx
2023-01-30T06:55:56.926Z,32.4911499,-101.6798066,8.877075195,2.6,ml,29,46,0.1388050948,0.2,tx,tx2023cbni,2024-01-04T22:15:20.950Z,"5 km SE of Ackerly, Texas",earthquake,0.7486673288,1.119085424,0,6,reviewed,tx,tx
2023-01-29T23:31:49.407Z,31.64622134,-104.4040665,4.537670898,2.9,ml,26,64,0.02585438611,0.2,tx,tx2023cayr,2023-04-13T21:53:09.040Z,"58 km S of Whites City, New Mexico",earthquake,0.8100985291,1.035619144,0.2,20,reviewed,tx,tx
2023-01-29T21:22:27.763Z,31.64759652,-104.4046172,6.080151367,2.7,ml,31,64,0.02491249017,0.2,tx,tx2023cauk,2023-04-13T21:53:09.040Z,"58 km S of Whites City, New Mexico",earthquake,0.8375180918,0.9246313276,0.2,24,reviewed,tx,tx
2023-01-27T04:47:14.290Z,31.73685144,-104.1109004,6.915661621,2.9,ml,52,34,0.03873218515,0.2,tx,tx2023bvwo,2023-04-11T18:51:35.040Z,"48 km W of Mentone, Texas",earthquake,0.3662815036,0.5114704917,0,7,reviewed,tx,tx
2023-01-26T11:03:18.271Z,32.75115967,-100.6551305,6.871785482,3.2,ml,24,70,0.07893717385,0.2,tx,tx2023bunm,2023-04-11T18:51:34.040Z,"16 km NE of Hermleigh, Texas",earthquake,1.212099336,1.461791584,0.1,7,reviewed,tx,tx
2023-01-26T10:47:42.574Z,32.75299072,-100.6594179,6.089233398,2.6,ml,20,70,0.08061221256,0.2,tx,tx2023bumz,2023-04-11T18:51:34.040Z,"16 km NE of Hermleigh, Texas",earthquake,0.9519822368,1.238304761,0.1,13,reviewed,tx,tx
2023-01-26T05:45:14.281Z,31.69285281,-104.29411,7.057055664,2.5,ml,39,53,0.03275887904,0.2,tx,tx2023bucz,2023-04-11T18:51:33.040Z,"54 km S of Whites City, New Mexico",earthquake,0.5596782064,0.6640396566,0.1,27,reviewed,tx,tx
2023-01-24T20:33:56.557Z,31.68213056,-104.394701,6.131567383,2.6,ml,25,56,0.04107918492,0.2,tx,tx2023brpj,2023-04-11T18:51:29.040Z,"54 km S of Whites City, New Mexico",earthquake,1.073138858,0.9245588961,0.2,34,reviewed,tx,tx
2023-01-24T20:14:20.924Z,31.66983245,-104.3773652,7.005639648,2.9,ml,43,45,0.04268234837,0.2,tx,tx2023brot,2023-04-11T18:51:29.040Z,"56 km S of Whites City, New Mexico",earthquake,0.8190898734,0.7700936175,0,6,reviewed,tx,tx
2023-01-24T20:08:48.943Z,31.6676906,-104.3889197,7.391259766,2.7,ml,15,69,0.03851600967,0.2,tx,tx2023brok,2023-04-11T18:51:29.040Z,"western Texas",earthquake,0.9342946157,0.9961249777,0.1,25,reviewed,tx,tx
2023-01-24T19:57:04.255Z,31.67159174,-104.3897618,6.131567383,3.5,ml,19,57,0.03919691074,0.2,tx,tx2023brob,2023-04-11T18:51:29.040Z,"55 km S of Whites City, New Mexico",earthquake,0.9973028217,1.160193788,0.1,19,reviewed,tx,tx
2023-01-22T16:19:10.306Z,31.61302295,-103.9802503,8.329602051,3,ml,41,46,0.01000782566,0.1,tx,tx2023bnpw,2024-01-18T19:14:35.767Z,"37 km NNW of Toyah, Texas",earthquake,0.4850404715,0.5048189036,0.1,24,reviewed,tx,tx
2023-01-22T10:22:17.702Z,32.23114014,-103.0882003,14.69730632,2.7,ml,31,90,0.290274535,0.2,tx,tx2023bnec,2023-04-11T18:51:52.040Z,"16 km NE of Jal, New Mexico",earthquake,0.8501192603,1.714940583,0.1,17,reviewed,tx,tx
2023-01-22T04:52:33.076Z,31.61560975,-103.9970738,8.908032227,2.8,ml,26,55,0.01813760728,0.1,tx,tx2023bmtf,2023-04-11T18:51:51.040Z,"38 km NNW of Toyah, Texas",earthquake,0.5341254386,0.5166084915,0.2,19,reviewed,tx,tx
2023-01-21T20:16:53.128Z,31.60928415,-103.9636918,8.548120117,3.1,ml,46,47,0.00461509711,0.1,tx,tx2023bmcf,2023-03-31T19:46:08.040Z,"36 km WSW of Mentone, Texas",earthquake,0.3377908923,0.3990911458,0.1,26,reviewed,tx,tx
2023-01-21T14:33:44.740Z,32.40875244,-102.110685,9.170532227,2.5,ml,30,93,0.04900962534,0.1,tx,tx2023blqw,2024-01-18T19:14:04.475Z,"38 km SSW of Los Ybanez, Texas",earthquake,1.002041999,1.57602832,0.1,19,reviewed,tx,tx
2023-01-21T06:08:49.151Z,31.66382044,-104.3832334,7.10847168,2.5,ml,15,57,0.0399435846,0.2,tx,tx2023blaf,2023-03-31T19:45:53.040Z,"56 km S of Whites City, New Mexico",earthquake,0.9707693246,0.8691689723,0.1,18,reviewed,tx,tx
2023-01-18T20:53:48.693Z,31.63476374,-104.3991199,6.080151367,2.6,ml,16,64,0.03533601199,0.1,tx,tx2023bgqy,2023-03-31T19:45:16.040Z,"western Texas",earthquake,1.095172337,0.8952681975,0.1,24,reviewed,tx,tx
2023-01-18T01:54:23.480Z,31.62533387,-104.4003803,7.596923828,2.6,ml,12,64,0.04104167384,0.2,tx,tx2023bffi,2023-03-31T19:45:02.040Z,"61 km S of Whites City, New Mexico",earthquake,1.583097974,1.591859148,0.1,24,reviewed,tx,tx
2023-01-15T20:12:53.243Z,32.00720848,-103.8163168,7.674047852,3.3,ml,18,66,0.01531792121,0.2,tx,tx2023bbdb,2023-03-31T19:44:28.040Z,"34 km SE of Malaga, New Mexico",earthquake,0.6269579243,0.8181766811,0.2,10,reviewed,tx,tx
2023-01-15T18:21:38.233Z,31.73814331,-104.2486783,8.085375977,2.5,ml,26,42,0.01848345882,0.3,tx,tx2023bazj,2024-01-18T19:12:19.592Z,"50 km SSE of Whites City, New Mexico",earthquake,0.6605734626,0.714113205,0.1,13,reviewed,tx,tx
2023-01-15T14:10:32.657Z,31.73307935,-104.2502568,7.005639648,2.5,ml,27,40,0.02315401018,0.2,tx,tx2023bard,2023-03-31T19:44:24.040Z,"50 km SSE of Whites City, New Mexico",earthquake,0.8020071621,0.6878979207,0.1,16,reviewed,tx,tx
2023-01-15T02:03:06.891Z,31.69059455,-104.2870927,6.954223633,2.7,ml,28,57,0.02683046995,0.3,tx,tx2023aztd,2023-03-31T19:44:18.040Z,"54 km S of Whites City, New Mexico",earthquake,0.8205125855,0.7398470469,0.1,17,reviewed,tx,tx
2023-01-14T20:25:39.375Z,31.73880063,-104.1118547,7.725463867,2.7,ml,35,34,0.03704160166,0.2,tx,tx2023azhz,2023-03-20T06:03:43.040Z,"48 km W of Mentone, Texas",earthquake,0.5154410596,0.7779894594,0.1,18,reviewed,tx,tx
2023-01-14T17:55:46.849Z,31.61524355,-103.9685593,6.594311523,2.7,ml,19,49,0.004557503601,0.1,tx,tx2023azcx,2024-01-18T19:12:02.146Z,"36 km WSW of Mentone, Texas",earthquake,0.5810994707,0.7118037359,0.2,29,reviewed,tx,tx
2023-01-14T10:27:02.252Z,31.68030272,-104.3930696,7.159887695,2.5,ml,29,56,0.02798550656,0.2,tx,tx2023ayog,2023-03-20T06:03:41.040Z,"54 km S of Whites City, New Mexico",earthquake,0.8140079658,0.7874212993,0.1,18,reviewed,tx,tx
2023-01-13T00:43:14.352Z,31.71690389,-104.2668325,7.005639648,2.5,ml,22,51,0.04043311367,0.3,tx,tx2023avzm,2023-03-20T06:03:32.040Z,"51 km SSE of Whites City, New Mexico",earthquake,0.8892315777,0.7373408408,0.2,17,reviewed,tx,tx
2023-01-12T11:29:29.300Z,31.68535796,-104.3931148,6.131567383,2.6,ml,30,56,0.044201479,0.3,tx,tx2023auzh,2023-03-20T06:03:28.040Z,"54 km S of Whites City, New Mexico",earthquake,0.9407835555,0.8884965104,0.2,42,reviewed,tx,tx
2023-01-11T19:18:08.104Z,31.58090837,-104.0609072,6.594311523,2.9,ml,24,52,0.04645614325,0.2,tx,tx2023attf,2023-03-20T06:03:23.040Z,"38 km NW of Toyah, Texas",earthquake,0.6395557314,0.6577477335,0.2,18,reviewed,tx,tx
2023-01-11T13:12:17.951Z,31.72151906,-104.3043001,7.185595703,2.6,ml,27,62,0.0527266785,0.2,tx,tx2023athd,2023-03-20T06:03:21.040Z,"50 km S of Whites City, New Mexico",earthquake,0.6377617607,0.768085602,0.2,18,reviewed,tx,tx
2023-01-10T16:01:46.672Z,31.67959131,-104.3602233,5.565991211,2.5,ml,18,68,0.0655495336,0.2,tx,tx2023arrh,2023-03-20T06:03:14.040Z,"55 km S of Whites City, New Mexico",earthquake,1.089179777,1.395373903,0.2,12,reviewed,tx,tx
2023-01-10T13:09:45.932Z,32.47650146,-102.0206507,9.121622721,2.6,ml,26,47,0.1479816896,0.2,tx,tx2023arlo,2023-03-20T06:03:13.040Z,"28 km SSW of Los Ybanez, Texas",earthquake,1.202336374,2.878937185,0.2,15,reviewed,tx,tx
2023-01-09T23:23:53.094Z,31.67798749,-104.3957406,6.440063477,3.1,ml,30,45,0.02581304079,0.2,tx,tx2023aqki,2023-03-20T06:03:10.040Z,"55 km S of Whites City, New Mexico",earthquake,0.8822422306,0.7136465128,0.1,19,reviewed,tx,tx
2023-01-09T08:45:57.564Z,31.60961496,-104.0029631,9.936352539,2.8,ml,20,87,0.07346481783,0.2,tx,tx2023aphj,2023-03-20T06:03:04.040Z,"38 km NNW of Toyah, Texas",earthquake,0.8998760671,1.007720738,0.2,12,reviewed,tx,tx
2023-01-09T02:02:10.199Z,31.60753993,-103.9702739,8.329602051,2.7,ml,22,51,0.003393529597,0.1,tx,tx2023aoub,2023-03-20T06:03:02.040Z,"36 km NNW of Toyah, Texas",earthquake,0.4395366749,0.5124671577,0.1,12,reviewed,tx,tx
2023-01-08T21:47:29.447Z,31.006442,-103.6457569,10.70759277,3.2,ml,27,72,0.1321547252,0.2,tx,tx2023aolq,2023-03-20T06:03:01.040Z,"9 km ENE of Balmorhea, Texas",earthquake,0.7987093694,1.515827338,0.2,21,reviewed,tx,tx
2023-01-08T14:07:47.695Z,31.15251661,-103.7240474,9.57644043,2.6,ml,22,69,0.1127213377,0.2,tx,tx2023anwm,2024-01-18T19:10:24.551Z,"18 km N of Balmorhea, Texas",earthquake,0.8655445049,1.540711246,0.1,27,reviewed,tx,tx
2023-01-08T14:04:46.717Z,31.61160046,-103.9577843,6.028735352,2.5,ml,14,72,0.00947421983,0,tx,tx2023anwk,2023-03-20T06:02:59.040Z,"western Texas",earthquake,0.4586344528,0.729262484,0.2,12,reviewed,tx,tx
2023-01-08T02:27:07.287Z,31.60435823,-103.9589637,7.764025879,2.5,ml,21,55,0.01055174158,0.1,tx,tx2023amzj,2023-03-20T06:02:55.040Z,"35 km NNW of Toyah, Texas",earthquake,0.4096034647,0.4369364806,0.2,16,reviewed,tx,tx
2023-01-06T13:28:04.220Z,31.65838483,-104.2938384,6.131567383,3.4,ml,28,67,0.1032518323,0.2,tx,tx2023akeh,2023-03-11T22:51:42.040Z,"57 km S of Whites City, New Mexico",earthquake,0.7852122285,0.9933989005,0.2,23,reviewed,tx,tx
2023-01-06T13:27:43.959Z,31.65741025,-104.3035189,6.388647461,2.6,ml,49,68,0.1071107296,0.2,tx,tx2023akee,2024-01-18T19:09:24.551Z,"57 km S of Whites City, New Mexico",earthquake,0.6555365066,1.11769711,0.1,30,reviewed,tx,tx
2023-01-06T04:32:04.261Z,31.69267064,-104.3632971,7.494091797,2.8,ml,36,56,0.06548556694,0.2,tx,tx2023ajmm,2023-03-11T22:51:41.040Z,"western Texas",earthquake,0.7055026426,0.9938218837,0.1,31,reviewed,tx,tx
2023-01-04T11:40:58.845Z,31.606,-103.97,8.0096,2.6,ml,13,58,0,0.1,tx,tx2023agjs,2025-04-30T14:14:16.488Z,"36 km NNW of Toyah, Texas",earthquake,0.45145350724618,0.58531328430773,0.1,37,reviewed,tx,tx
2023-01-04T11:40:58.776Z,31.606508,-103.969597,8.496704102,2.8,ml,20,57,0.004248431428,0.1,tx,tx2023agjq,2023-01-05T22:45:21.397Z,"36 km NNW of Toyah, Texas",earthquake,0.4172662231,0.3702833301,0.2,30,reviewed,tx,tx
2023-01-04T11:40:58.534Z,31.6018,-103.9717,10.579,2.6,ml,42,53,0.009,0.14,us,us7000j22h,2024-01-04T20:43:38.492Z,"36 km NNW of Toyah, Texas",earthquake,0.94,2.489,0.059,46,reviewed,us,us
2023-01-04T04:54:42.219Z,31.69159742,-104.4890112,6.594311523,3.2,ml,54,77,0.02512323928,0.2,tx,tx2023afwf,2023-03-11T22:51:38.040Z,"54 km S of Whites City, New Mexico",earthquake,0.722095956,0.6086747524,0,6,reviewed,tx,tx
2023-01-03T21:27:27.555Z,31.62432781,-104.1197855,6.080151367,2.7,ml,27,55,0.0464889707,0.2,tx,tx2023afhn,2023-03-11T22:51:37.040Z,"46 km NW of Toyah, Texas",earthquake,0.5957706759,0.541852243,0.3,22,reviewed,tx,tx
2023-01-03T00:27:26.197Z,31.72723056,-104.5184535,5.10324707,2.6,ml,17,100,0.01219018969,0.2,tx,tx2023adrx,2023-03-11T22:51:34.040Z,"western Texas",earthquake,0.7784245507,0.5224746521,0.2,13,reviewed,tx,tx
2023-01-02T09:06:44.837Z,31.68706615,-104.413051,6.080151367,3.2,ml,30,67,0.03489676082,0.2,tx,tx2023acno,2023-03-11T22:51:32.040Z,"54 km S of Whites City, New Mexico",earthquake,0.7667790037,0.7634448844,0.1,24,reviewed,tx,tx
2023-01-02T08:59:01.467Z,31.6774117,-104.4135009,7.005639648,2.8,ml,28,69,0.02647706707,0.2,tx,tx2023acnh,2023-03-11T22:51:32.040Z,"55 km S of Whites City, New Mexico",earthquake,0.9835508508,1.113905577,0.1,28,reviewed,tx,tx
2023-01-01T21:23:47.177Z,31.68425514,-104.421101,6.131567383,3.3,ml,35,58,0.005694830054,0.2,tx,tx2023abqj,2023-03-11T22:51:30.040Z,"54 km S of Whites City, New Mexico",earthquake,0.6818347955,0.4618944496,0.2,26,reviewed,tx,tx
2023-01-01T16:28:26.753Z,31.71729206,-104.2797612,7.10847168,2.6,ml,26,62,0.0442252882,0.2,tx,tx2023abgp,2023-03-11T22:51:30.040Z,"western Texas",earthquake,0.6853669093,0.7808513706,0.2,35,reviewed,tx,tx
2022-12-28T23:05:27.884Z,31.01901666,-103.2715638,4.023510742,2.6,ml,29,93,0.1052069363,0.3,tx,tx2022zlii,2023-03-07T18:59:56.040Z,"31 km SW of Coyanosa, Texas",earthquake,1.000784475,1.19339396,0,7,reviewed,tx,tx
2022-12-28T09:25:34.984Z,31.73375443,-104.1096701,6.697143555,2.5,ml,21,71,0.04129713137,0.1,tx,tx2022zkhg,2023-03-07T18:59:42.040Z,"48 km W of Mentone, Texas",earthquake,0.6709621911,0.6062011322,0.2,16,reviewed,tx,tx
2022-12-27T07:25:29.755Z,31.6090719,-103.9580425,6.671435547,2.9,ml,24,47,0.009354285758,0.1,tx,tx2022zihu,2023-03-07T18:59:52.040Z,"western Texas",earthquake,0.4909716518,0.6022881167,0.2,24,reviewed,tx,tx
2022-12-27T03:12:20.310Z,32.2119,-103.0951,5,3.2,mb_lg,31,81,0.429,0.49,us,us6000jbwi,2023-03-07T18:59:52.040Z,"14 km NE of Jal, New Mexico",earthquake,1,1.965,0.046,125,reviewed,us,us
2022-12-26T11:40:10.432Z,31.71047574,-104.2657066,6.440063477,2.5,ml,14,56,0.03894778155,0.2,tx,tx2022zgus,2023-03-07T18:59:50.040Z,"52 km SSE of Whites City, New Mexico",earthquake,1.004359194,0.9517257618,0.1,11,reviewed,tx,tx
2022-12-25T23:23:09.987Z,31.71440412,-104.0023843,7.725463867,2.6,ml,27,46,0.02994713619,0.2,tx,tx2022zfwj,2023-03-07T18:59:41.040Z,"38 km W of Mentone, Texas",earthquake,0.5134307488,0.5877615161,0.2,40,reviewed,tx,tx
2022-12-24T22:32:06.094Z,32.24578857,-101.8920303,5.991414388,3.4,ml,18,79,0.0009603292268,0.1,tx,tx2022zdze,2023-03-07T18:59:46.040Z,"16 km NW of Stanton, Texas",earthquake,0.5950197577,0.680071237,0.2,31,reviewed,tx,tx
2022-12-24T04:56:31.826Z,32.75665283,-100.6551305,6.333780924,2.5,ml,22,63,0.07552540021,0.2,tx,tx2022zcqk,2023-03-07T18:59:42.040Z,"16 km NE of Hermleigh, Texas",earthquake,1.020516734,1.884484066,0,11,reviewed,tx,tx
2022-12-23T18:06:33.579Z,31.6065073,-104.1966027,6.131567383,2.8,ml,23,67,0.06674192411,0.1,tx,tx2022zbuy,2023-02-28T23:06:48.040Z,"50 km NW of Toyah, Texas",earthquake,0.6680011971,0.8029555145,0.2,18,reviewed,tx,tx
2022-12-21T12:05:18.686Z,31.64675114,-104.4616556,6.131567383,2.8,ml,40,66,0.03988988506,0.2,tx,tx2022yxsa,2023-02-28T23:06:40.040Z,"59 km S of Whites City, New Mexico",earthquake,0.8893325064,1.028390664,0.1,27,reviewed,tx,tx
2022-12-21T09:12:36.458Z,32.10845947,-102.2007193,7.801066081,3.2,ml,33,48,0.03567926962,0.1,tx,tx2022yxmi,2023-02-28T23:06:39.040Z,"western Texas",earthquake,0.4896940373,0.4942625403,0.3,22,reviewed,tx,tx
2022-12-20T22:59:21.468Z,31.66143017,-104.3234662,7.10847168,2.7,ml,25,77,0.05095963447,0.2,tx,tx2022ywsc,2023-02-28T23:06:37.040Z,"57 km S of Whites City, New Mexico",earthquake,0.7991163621,0.8931052658,0.1,21,reviewed,tx,tx
2022-12-19T19:48:00.471Z,31.65878916,-104.3794213,6.080151367,2.8,ml,28,70,0.04493098109,0.2,tx,tx2022yuqg,2023-02-28T23:06:30.040Z,"57 km S of Whites City, New Mexico",earthquake,0.7734514566,0.832030136,0.1,14,reviewed,tx,tx
2022-12-19T14:39:37.006Z,31.65424785,-104.37077,6.131567383,2.8,ml,33,61,0.05227021994,0.2,tx,tx2022yugc,2023-02-28T23:06:30.040Z,"57 km S of Whites City, New Mexico",earthquake,0.7204410847,0.7767911043,0.2,18,reviewed,tx,tx
2022-12-18T17:56:54.745Z,31.64535363,-104.4643329,5.617407227,2.9,ml,29,73,0.0296102421,0.2,tx,tx2022ysrc,2023-02-28T23:06:27.040Z,"59 km S of Whites City, New Mexico",earthquake,1.070919743,0.6231832021,0.1,16,reviewed,tx,tx
2022-12-18T16:32:07.825Z,31.66295253,-104.3751518,6.131567383,3,ml,28,62,0.04662208268,0.2,tx,tx2022ysoh,2023-02-28T23:06:27.040Z,"56 km S of Whites City, New Mexico",earthquake,0.8304241138,1.074112781,0.2,17,reviewed,tx,tx
2022-12-18T16:01:40.971Z,31.93267822,-102.012076,10.39326986,3.1,ml,14,78,0.1316940094,0.1,tx,tx2022ysnh,2023-02-28T23:06:27.040Z,"9 km SE of Midland, Texas",earthquake,1.423126783,2.300415645,0.2,22,reviewed,tx,tx
2022-12-18T04:49:35.499Z,31.61890654,-103.9728793,6.388647461,2.6,ml,13,64,0.008913278884,0.1,tx,tx2022yrrc,2023-02-28T23:06:24.040Z,"36 km WSW of Mentone, Texas",earthquake,0.5276352836,0.6864483966,0.2,11,reviewed,tx,tx
2022-12-17T13:19:23.948Z,31.66287523,-104.3121746,7.519799805,2.5,ml,25,67,0.0412406471,0.2,tx,tx2022yqmm,2023-02-28T23:06:22.040Z,"57 km S of Whites City, New Mexico",earthquake,0.9213340211,0.9241355723,0.1,19,reviewed,tx,tx
2022-12-17T04:59:20.157Z,32.1963501,-102.1599895,8.045613607,2.6,ml,18,70,0.06694376115,0.1,tx,tx2022ypvz,2023-02-28T23:06:20.040Z,"22 km NNW of Midland, Texas",earthquake,0.7862249075,1.77167709,0.2,13,reviewed,tx,tx
2022-12-17T04:57:02.094Z,32.20001221,-102.1385528,8.485799154,2.6,ml,22,68,0.07433582111,0.1,tx,tx2022ypvw,2023-02-28T23:06:20.040Z,"23 km NNW of Midland, Texas",earthquake,0.7965887347,1.516370644,0.2,17,reviewed,tx,tx
2022-12-17T03:48:05.171Z,31.61516646,-103.9922299,7.725463867,2.5,ml,21,56,0.02044800019,0.1,tx,tx2022yptp,2023-02-28T23:06:20.040Z,"38 km NNW of Toyah, Texas",earthquake,0.4911438645,0.5379862495,0.1,17,reviewed,tx,tx
2022-12-16T23:38:40.681Z,32.18536377,-102.1342654,6.676147461,3.4,ml,13,67,0.06217784659,0.1,tx,tx2022yplj,2024-07-23T03:56:33.041Z,"21 km NNW of Midland, Texas",earthquake,1.226071829,2.408159996,0.1,10,reviewed,tx,tx
2022-12-16T23:35:27.984Z,32.191,-102.141,8.1923,5.2,ml,39,40,0.1,0.2,tx,tx2022yplg,2024-12-02T00:31:36.722Z,"Range Hill, Texas",earthquake,0.7343709297,0.6529054056,0.2,18,reviewed,tx,tx
2022-12-16T08:58:03.404Z,31.67560183,-104.4091776,6.799975586,2.8,ml,21,66,0.02751949541,0.2,tx,tx2022yoii,2023-02-18T22:04:15.040Z,"55 km S of Whites City, New Mexico",earthquake,1.066818193,0.9331855531,0.1,13,reviewed,tx,tx
2022-12-16T00:06:03.109Z,32.75115967,-100.6572742,8.73034668,2.5,ml,23,70,0.0803283508,0.3,tx,tx2022ynqu,2023-02-18T22:04:14.040Z,"16 km NE of Hermleigh, Texas",earthquake,1.002376543,1.259146717,0.1,14,reviewed,tx,tx
2022-12-15T23:05:23.218Z,31.62538927,-104.2768996,7.057055664,2.5,ml,51,59,0.04740681372,0.2,tx,tx2022ynot,2023-02-18T22:04:14.040Z,"western Texas",earthquake,0.7573503172,0.8620124469,0.2,29,reviewed,tx,tx
2022-12-15T20:35:24.734Z,31.60599442,-103.9862703,10.03918457,3,ml,21,61,0.01559875787,0.1,tx,tx2022ynjv,2023-02-18T22:04:14.040Z,"37 km NNW of Toyah, Texas",earthquake,0.5773508383,0.5219309436,0.1,23,reviewed,tx,tx
2022-12-15T03:27:25.721Z,32.28790283,-101.7912776,9.708536784,2.9,ml,24,45,0.02282376959,0.1,tx,tx2022ymby,2023-02-18T22:04:11.040Z,"17 km N of Stanton, Texas",earthquake,0.7068275201,0.7314100645,0.2,16,reviewed,tx,tx
2022-12-14T15:48:25.255Z,31.71826488,-104.2700743,7.159887695,3,ml,50,52,0.03994336052,0.2,tx,tx2022ylev,2023-02-18T22:04:10.040Z,"51 km S of Whites City, New Mexico",earthquake,0.5939663764,0.6482156847,0.1,14,reviewed,tx,tx
2022-12-14T15:20:16.506Z,31.62581062,-103.9696817,7.982543945,3.3,ml,20,78,0.01515309981,0.1,tx,tx2022yldx,2023-02-18T22:04:10.040Z,"36 km WSW of Mentone, Texas",earthquake,0.8852986607,0.6272707186,0.1,7,reviewed,tx,tx
2022-12-14T14:55:32.810Z,31.60813939,-103.962342,8.008251953,2.7,ml,27,61,0.00610791596,0.1,tx,tx2022ylda,2023-02-18T22:04:10.040Z,"36 km WSW of Mentone, Texas",earthquake,0.5652175376,0.5822736382,0.2,18,reviewed,tx,tx
2022-12-14T14:21:40.912Z,31.7180484,-104.2676491,7.596923828,2.9,ml,40,51,0.03951696274,0.2,tx,tx2022ylbz,2023-02-18T22:04:10.040Z,"51 km SSE of Whites City, New Mexico",earthquake,0.5363368253,0.6829122502,0.1,27,reviewed,tx,tx
2022-12-14T13:50:43.058Z,31.6105518,-103.9624869,7.147033691,3.1,ml,19,69,0.005421658144,0.2,tx,tx2022ylaz,2023-02-18T22:04:10.040Z,"36 km WSW of Mentone, Texas",earthquake,0.463565299,0.4378087659,0.1,13,reviewed,tx,tx
2022-12-14T09:49:45.031Z,31.60232659,-103.9835641,9.936352539,2.6,ml,17,63,0.01510410781,0.1,tx,tx2022ykta,2023-02-18T22:04:09.040Z,"36 km NNW of Toyah, Texas",earthquake,0.6194519066,0.7193074616,0.2,43,reviewed,tx,tx
2022-12-14T03:55:49.853Z,31.51443023,-104.0170221,3.972094727,2.7,ml,39,59,0.03768289547,0.2,tx,tx2022ykhi,2023-02-18T22:04:09.040Z,"30 km NW of Toyah, Texas",earthquake,0.7530520364,1.158480161,0.2,24,reviewed,tx,tx
2022-12-12T05:35:47.529Z,31.62378864,-103.9907903,6.941369629,2.8,ml,17,52,0.02285739253,0.1,tx,tx2022ygtq,2023-02-18T22:04:05.040Z,"38 km WSW of Mentone, Texas",earthquake,0.349478623,0.4465115812,0.2,18,reviewed,tx,tx
2022-12-11T08:11:46.458Z,31.68128059,-104.3839261,6.131567383,3,ml,50,45,0.03579300668,0.2,tx,tx2022yfdh,2023-02-18T22:04:03.040Z,"54 km S of Whites City, New Mexico",earthquake,0.5487923571,0.5988609186,0,7,reviewed,tx,tx
2022-12-11T07:06:07.774Z,31.68032006,-104.3903779,7.365551758,3.4,ml,48,45,0.03027995393,0.2,tx,tx2022yfbc,2023-02-18T22:04:03.040Z,"54 km S of Whites City, New Mexico",earthquake,0.7165779358,0.8800631076,0,7,reviewed,tx,tx
2022-12-10T21:59:44.845Z,31.62376903,-104.1161505,6.658581543,2.5,ml,57,52,0.04638111376,0.2,tx,tx2022yejc,2023-02-18T22:04:02.040Z,"45 km NW of Toyah, Texas",earthquake,0.5099648537,0.4973889552,0,6,reviewed,tx,tx
2022-12-10T06:13:13.480Z,31.61581119,-104.3045324,4.717626953,2.7,ml,38,72,0.06530913452,0.2,tx,tx2022yddw,2023-02-18T22:04:00.040Z,"58 km NW of Toyah, Texas",earthquake,0.8047881518,0.9434236044,0.2,22,reviewed,tx,tx
2022-12-09T17:01:05.518Z,31.68127027,-104.3855411,6.491479492,2.5,ml,36,56,0.03441658057,0.2,tx,tx2022ycdt,2024-01-18T17:33:35.245Z,"54 km S of Whites City, New Mexico",earthquake,0.6183606597,0.6630266578,0.1,24,reviewed,tx,tx
2022-12-08T17:12:21.275Z,31.73456842,-104.1073856,7.301281738,2.5,ml,38,33,0.04215242657,0.2,tx,tx2022yaip,2023-02-11T23:03:01.040Z,"48 km W of Mentone, Texas",earthquake,0.401581969,0.5211848576,0.1,18,reviewed,tx,tx
2022-12-08T13:53:06.528Z,31.51047843,-104.0296311,2.146826172,2.5,ml,21,65,0.0321428189,0.2,tx,tx2022yabz,2023-02-11T23:03:00.040Z,"31 km NW of Toyah, Texas",earthquake,1.19821529,1.228453114,0.1,12,reviewed,tx,tx
2022-12-08T08:40:05.748Z,31.61420308,-103.9705722,8.535266113,3.2,ml,32,49,0.003807387259,0.1,tx,tx2022xzrs,2023-02-11T23:03:15.040Z,"36 km WSW of Mentone, Texas",earthquake,0.3746337643,0.3984760504,0.1,19,reviewed,tx,tx
2022-12-08T08:23:33.865Z,31.61894129,-103.9972239,8.715222168,2.8,ml,21,54,0.01753806074,0.1,tx,tx2022xzrd,2023-02-11T23:03:00.040Z,"38 km NNW of Toyah, Texas",earthquake,0.5012583345,0.4073639377,0.2,16,reviewed,tx,tx
2022-12-07T02:30:13.091Z,31.71139301,-104.1763164,7.828295898,3.4,ml,36,55,0.05099878044,0.1,tx,tx2022xxjz,2023-02-11T23:03:13.040Z,"54 km W of Mentone, Texas",earthquake,0.4487957486,0.8177244995,0.1,7,reviewed,tx,tx
2022-12-06T16:00:04.556Z,31.73859713,-104.2497591,7.005639648,2.8,ml,39,38,0.05658844213,0.2,tx,tx2022xwpf,2023-02-11T23:03:11.040Z,"49 km SSE of Whites City, New Mexico",earthquake,0.5171916866,0.798510944,0,6,reviewed,tx,tx
2022-12-06T00:44:01.486Z,31.73638956,-104.1114364,6.941369629,2.6,ml,40,34,0.03858887097,0.2,tx,tx2022xvkz,2023-02-11T23:03:09.040Z,"48 km W of Mentone, Texas",earthquake,0.3741292367,0.554262611,0.1,23,reviewed,tx,tx
2022-12-05T19:28:21.798Z,31.73591729,-104.1143963,7.738317871,3,ml,49,35,0.03675351113,0.2,tx,tx2022xvap,2023-02-11T23:03:09.040Z,"48 km W of Mentone, Texas",earthquake,0.3775172316,0.6218812686,0,7,reviewed,tx,tx
2022-12-05T18:21:31.523Z,31.73201662,-104.1130264,6.632873535,2.6,ml,29,42,0.04003393832,0.2,tx,tx2022xuyj,2023-02-11T23:03:09.040Z,"48 km W of Mentone, Texas",earthquake,0.576348655,0.5137227667,0.1,14,reviewed,tx,tx
2022-12-05T06:10:38.477Z,31.61394824,-103.9783716,8.278186035,2.7,ml,25,55,0.008757716405,0.1,tx,tx2022xuag,2023-02-11T23:03:07.040Z,"37 km WSW of Mentone, Texas",earthquake,0.4228393916,0.4613452233,0.2,24,reviewed,tx,tx
2022-12-04T15:32:13.020Z,31.61668416,-104.2719908,7.314135742,2.9,ml,30,70,0.0553405118,0.1,tx,tx2022xsxh,2023-02-11T23:03:06.040Z,"56 km NW of Toyah, Texas",earthquake,0.7671333771,0.930907709,0.1,21,reviewed,tx,tx
2022-12-04T07:58:23.567Z,31.66602425,-104.2416858,6.388647461,3.5,ml,21,115,0.02056375059,0.2,tx,tx2022xsii,2023-02-11T23:03:05.040Z,"57 km NW of Toyah, Texas",earthquake,0.7425827941,0.9473958272,0.3,16,reviewed,tx,tx
2022-12-03T17:43:13.388Z,31.60609038,-103.956147,8.445288086,2.5,ml,17,53,0.0117715033,0.1,tx,tx2022xrgc,2023-02-11T23:03:00.040Z,"35 km WSW of Mentone, Texas",earthquake,0.6308559845,0.7863638862,0.2,19,reviewed,tx,tx
2022-12-03T16:29:58.713Z,31.6097471,-103.9626179,7.828295898,3.2,ml,15,54,0.005393013802,0.1,tx,tx2022xrdr,2023-02-11T23:03:04.040Z,"western Texas",earthquake,0.5055689808,0.6450208283,0.2,12,reviewed,tx,tx
2022-12-02T23:18:15.997Z,31.62728579,-103.9754721,5.038977051,2.6,ml,14,56,0.0175504282,0.1,tx,tx2022xpvq,2023-02-05T23:26:12.040Z,"36 km WSW of Mentone, Texas",earthquake,0.2643898365,0.3908579877,0.2,10,reviewed,tx,tx
2022-12-02T23:04:14.638Z,31.630724,-103.9781778,4.987561035,2.6,ml,15,51,0.02158120989,0.1,tx,tx2022xpve,2023-02-05T23:26:11.040Z,"36 km WSW of Mentone, Texas",earthquake,0.3366951289,0.4301664847,0.2,19,reviewed,tx,tx
2022-12-02T21:15:10.382Z,31.67545477,-104.4312481,5.10324707,3.2,ml,18,58,0.01929917811,0.2,tx,tx2022xprp,2023-02-05T23:26:10.040Z,"55 km S of Whites City, New Mexico",earthquake,1.02359195,0.8513106423,0.1,12,reviewed,tx,tx
2022-12-02T20:00:11.794Z,31.56717435,-104.0468534,6.645727539,2.9,ml,19,89,0.02551649769,0.1,tx,tx2022xppa,2023-02-05T23:26:08.040Z,"36 km NW of Toyah, Texas",earthquake,0.6200197741,0.5431799389,0.1,14,reviewed,tx,tx
2022-12-02T15:31:44.996Z,31.61385453,-103.9717811,8.188208008,2.5,ml,22,54,0.00403470903,0.1,tx,tx2022xpgg,2023-02-05T23:26:06.040Z,"36 km WSW of Mentone, Texas",earthquake,0.5336861635,0.5819484196,0.2,17,reviewed,tx,tx
2022-12-02T14:28:55.341Z,32.4307251,-102.0742426,9.757446289,3,ml,15,53,0.08580811042,0.2,tx,tx2022xpee,2023-02-05T23:26:06.040Z,"35 km SSW of Los Ybanez, Texas",earthquake,0.8847534396,1.557748315,0.2,18,reviewed,tx,tx
2022-12-01T19:14:59.576Z,31.69946955,-104.1708528,6.131567383,2.7,ml,14,69,0.06037789876,0.3,tx,tx2022xnsd,2024-01-18T17:30:07.343Z,"54 km W of Mentone, Texas",earthquake,0.9750506642,1.2036179,0.3,11,reviewed,tx,tx
2022-12-01T14:59:49.587Z,31.61479245,-103.9658675,6.697143555,2.7,ml,16,68,0.004820225393,0.1,tx,tx2022xnjs,2023-02-05T23:25:50.040Z,"36 km WSW of Mentone, Texas",earthquake,0.4932795865,0.6330460466,0.3,12,reviewed,tx,tx
2022-11-30T04:33:53.415Z,31.60971654,-103.9723007,7.622631836,2.5,ml,14,65,0.04599091187,0.1,tx,tx2022xkto,2023-02-05T23:25:28.040Z,"36 km NNW of Toyah, Texas",earthquake,0.7417939495,1.186086862,0.1,11,reviewed,tx,tx
2022-11-30T03:18:29.548Z,31.64266733,-104.2259089,8.445288086,2.9,ml,36,66,0.04410385098,0.2,tx,tx2022xkrb,2023-02-05T23:25:26.040Z,"54 km NW of Toyah, Texas",earthquake,0.7074012672,1.10483081,0.2,26,reviewed,tx,tx
2022-11-29T19:38:49.651Z,31.72856511,-104.5243923,5.874487305,2.7,ml,28,83,0.01065048742,0.3,tx,tx2022xkbx,2023-02-05T23:25:16.040Z,"51 km SSW of Whites City, New Mexico",earthquake,1.206731315,0.821702844,0.2,16,reviewed,tx,tx
2022-11-29T09:41:25.446Z,31.67150103,-104.4037571,6.851391602,3.1,ml,40,69,0.02083223837,0.2,tx,tx2022xjif,2023-02-05T23:25:05.040Z,"55 km S of Whites City, New Mexico",earthquake,0.884310977,0.6659488957,0.1,30,reviewed,tx,tx
2022-11-29T05:39:14.649Z,31.56357293,-104.1398534,6.851391602,2.5,ml,40,67,0.01894018508,0.3,tx,tx2022xjaf,2023-02-05T23:25:00.040Z,"42 km NW of Toyah, Texas",earthquake,0.8571435536,0.645425613,0.2,28,reviewed,tx,tx
2022-11-29T05:38:25.946Z,31.5621748,-104.1441462,7.776879883,2.5,ml,49,68,0.02242986456,0.2,tx,tx2022xjae,2023-02-05T23:25:00.040Z,"43 km NW of Toyah, Texas",earthquake,0.5563507658,0.7288545401,0,7,reviewed,tx,tx
2022-11-29T04:58:47.331Z,31.56079363,-104.1446752,6.851391602,2.5,ml,35,68,0.02374414685,0.2,tx,tx2022xiyw,2023-02-05T23:24:58.040Z,"43 km NW of Toyah, Texas",earthquake,0.6909888476,0.7721828726,0.2,25,reviewed,tx,tx
2022-11-28T18:59:23.630Z,31.55439337,-104.1371084,6.645727539,3.5,ml,28,94,0.06394206948,0.2,tx,tx2022xifc,2023-02-05T23:24:47.040Z,"42 km NW of Toyah, Texas",earthquake,0.951248195,0.8525760928,0.2,28,reviewed,tx,tx
2022-11-28T01:54:59.726Z,31.60928415,-103.9636918,8.856616211,2.5,ml,21,51,0.09247617778,0.1,tx,tx2022xgxi,2023-02-05T23:24:27.040Z,"36 km WSW of Mentone, Texas",earthquake,0.6318803144,1.173837599,0.2,30,reviewed,tx,tx
2022-11-27T04:21:04.350Z,31.68216525,-104.3893176,6.080151367,2.6,ml,41,65,0.03123944252,0.2,tx,tx2022xfgo,2023-02-05T23:24:13.040Z,"54 km S of Whites City, New Mexico",earthquake,0.7756321779,0.7476161329,0.1,26,reviewed,tx,tx
2022-11-26T16:07:26.095Z,31.68666321,-104.4044329,6.028735352,3.1,ml,27,53,0.03853210815,0.2,tx,tx2022xeij,2023-02-05T23:24:02.040Z,"54 km S of Whites City, New Mexico",earthquake,0.7324375305,0.6606405197,0.1,15,reviewed,tx,tx
2022-11-26T03:35:34.457Z,31.56777641,-104.097804,6.093005371,2.9,ml,25,89,0.0260658877,0.1,tx,tx2022xdjo,2023-02-05T23:23:54.040Z,"40 km NW of Toyah, Texas",earthquake,0.5935271382,0.4279970683,0.1,14,reviewed,tx,tx
2022-11-26T01:33:46.235Z,31.59041145,-104.1986443,7.416967773,2.5,ml,32,69,0.06335867002,0.2,tx,tx2022xdfn,2023-02-05T23:23:52.040Z,"49 km NW of Toyah, Texas",earthquake,0.8898936918,0.8875039241,0.1,6,reviewed,tx,tx
2022-11-25T14:17:39.182Z,31.68441096,-104.3974134,5.668823242,2.9,ml,34,68,0.02462898738,0.3,tx,tx2022xcjh,2023-01-30T06:01:48.040Z,"54 km S of Whites City, New Mexico",earthquake,0.7599768221,0.5713262311,0.2,25,reviewed,tx,tx
2022-11-25T11:27:17.727Z,32.43255615,-102.0742426,9.268351237,2.6,ml,14,68,0.0866120179,0.1,tx,tx2022xcdr,2023-01-30T06:01:45.040Z,"35 km SSW of Los Ybanez, Texas",earthquake,0.683702758,1.441473352,0.3,18,reviewed,tx,tx
2022-11-24T20:51:13.494Z,31.61409731,-104.0025809,7.63548584,3,ml,28,40,0.01415188267,0.1,tx,tx2022xbat,2023-01-30T06:01:36.040Z,"38 km NNW of Toyah, Texas",earthquake,0.4051072786,0.3575512789,0.1,7,reviewed,tx,tx
2022-11-24T20:50:33.699Z,31.61348604,-103.9791765,8.509558105,2.9,ml,34,42,0.00924858362,0.1,tx,tx2022xbaw,2025-04-29T22:27:40.228Z,"37 km WSW of Mentone, Texas",earthquake,0.4366896767,0.3813544663,0.2,25,reviewed,tx,tx
2022-11-24T19:25:47.585Z,31.6155766,-104.0067572,7.982543945,2.5,ml,19,56,0.01029470364,0.2,tx,tx2022xaxz,2023-01-30T06:01:35.040Z,"39 km NNW of Toyah, Texas",earthquake,0.5904878257,0.6254181135,0.2,12,reviewed,tx,tx
2022-11-24T19:19:28.583Z,31.62673498,-104.0029099,8.483850098,4.7,ml,52,31,0.01444631952,0.1,tx,tx2022xaxs,2023-01-30T06:01:35.040Z,"34 km WSW of Mentone, Texas",earthquake,0.4634159272,0.5129711472,0.2,69,reviewed,tx,tx
2022-11-24T19:19:16.597Z,31.62399855,-103.9967096,6.607165527,2.6,ml,22,52,0.01844120946,0.2,tx,tx2022xaxt,2023-01-30T06:01:35.040Z,"38 km WSW of Mentone, Texas",earthquake,0.4751126678,0.546741406,0.2,13,reviewed,tx,tx
2022-11-24T19:14:19.519Z,31.63414005,-103.9876096,7.429821777,4.5,ml,42,47,0.0284181076,0.1,tx,tx2022xaxp,2023-01-30T06:01:35.040Z,"western Texas",earthquake,0.4271537021,0.5628307978,0.2,42,reviewed,tx,tx
2022-11-24T18:06:09.076Z,31.71009894,-104.4725011,5.051831055,2.7,ml,18,70,0.04374027532,0.2,tx,tx2022xavi,2023-01-30T06:01:34.040Z,"western Texas",earthquake,0.8081332747,0.6231927762,0.2,16,reviewed,tx,tx
2022-11-24T07:18:11.294Z,31.68670531,-104.3979724,6.080151367,2.7,ml,34,68,0.02465505083,0.3,tx,tx2022wzzy,2023-01-30T06:01:29.040Z,"54 km S of Whites City, New Mexico",earthquake,0.795001245,0.6093266244,0.1,25,reviewed,tx,tx
2022-11-24T01:04:01.024Z,31.96472168,-102.3454173,9.732991536,2.5,ml,9,99,0.03750275805,0.1,tx,tx2022wznp,2023-01-30T06:01:25.040Z,"6 km SSE of Gardendale, Texas",earthquake,1.299182984,1.45322052,0.2,6,reviewed,tx,tx
2022-11-23T14:50:35.291Z,31.52836424,-104.0080874,6.735705566,2.7,ml,26,64,0.03978448044,0.2,tx,tx2022wytk,2023-01-30T06:01:15.040Z,"31 km NW of Toyah, Texas",earthquake,0.600897029,0.5072398595,0.1,14,reviewed,tx,tx
2022-11-23T08:05:12.187Z,31.6797273,-104.4108303,6.131567383,2.9,ml,11,77,0.01285860803,0.2,tx,tx2022wyga,2023-01-30T06:01:09.040Z,"55 km S of Whites City, New Mexico",earthquake,0.9730985237,0.6868458639,0.1,7,reviewed,tx,tx
2022-11-22T22:37:32.622Z,31.61543446,-103.9806647,7.494091797,2.5,ml,25,55,0.01114609983,0.1,tx,tx2022wxnh,2023-01-30T06:01:02.040Z,"37 km WSW of Mentone, Texas",earthquake,0.5563605344,0.7478512946,0.2,19,reviewed,tx,tx
2022-11-22T21:51:18.205Z,31.60261979,-104.2379952,7.314135742,2.5,ml,40,70,0.07280686641,0.2,tx,tx2022wxlt,2023-01-30T06:01:02.040Z,"52 km NW of Toyah, Texas",earthquake,0.7609347166,1.227059139,0,6,reviewed,tx,tx
2022-11-22T14:59:56.163Z,31.5651355,-104.0973856,6.131567383,2.6,ml,26,63,0.02754761872,0.2,tx,tx2022wwye,2023-01-30T06:00:58.040Z,"40 km NW of Toyah, Texas",earthquake,0.6885982929,0.5243154319,0.1,14,reviewed,tx,tx
2022-11-20T14:35:35.923Z,31.67402863,-104.2907317,7.828295898,2.5,ml,31,48,0.02215529894,0.2,tx,tx2022wtgj,2023-01-30T06:00:25.040Z,"56 km S of Whites City, New Mexico",earthquake,0.7300700183,0.75345197,0.2,17,reviewed,tx,tx
2022-11-20T07:13:29.469Z,31.67866353,-104.4980343,6.080151367,2.8,ml,25,67,0.01034706592,0.2,tx,tx2022wsru,2023-01-30T06:00:21.040Z,"56 km SSW of Whites City, New Mexico",earthquake,1.023957262,0.5519265482,0.2,32,reviewed,tx,tx
2022-11-20T05:23:49.753Z,31.61467777,-104.0008352,9.319360352,2.5,ml,39,67,0.01532146673,0.1,tx,tx2022wsoc,2023-01-30T06:00:20.040Z,"38 km NNW of Toyah, Texas",earthquake,0.4780162619,0.382363127,0.2,55,reviewed,tx,tx
2022-11-20T02:10:25.319Z,31.52457686,-104.00686,6.645727539,2.6,ml,26,57,0.04159663069,0.1,tx,tx2022wshu,2023-01-30T06:00:17.040Z,"30 km NW of Toyah, Texas",earthquake,0.8063491689,0.5750945329,0.1,13,reviewed,tx,tx
2022-11-19T10:03:52.335Z,31.63489585,-104.0020069,7.468383789,4,ml,64,29,0.02022828971,0.1,tx,tx2022wrbx,2023-01-30T06:00:09.040Z,"38 km WSW of Mentone, Texas",earthquake,0.3740445906,0.4914256713,0.2,32,reviewed,tx,tx
2022-11-18T23:32:23.924Z,31.62950719,-103.9986185,6.041589355,2.6,ml,36,40,0.0190027255,0.2,tx,tx2022wqhb,2023-01-28T19:58:03.040Z,"western Texas",earthquake,0.3148545473,0.3742234313,0.1,17,reviewed,tx,tx
2022-11-18T20:59:21.348Z,31.67179354,-104.4947353,7.776879883,2.7,ml,54,56,0.006058288765,0.3,tx,tx2022wqbz,2023-01-28T19:58:27.040Z,"56 km SSW of Whites City, New Mexico",earthquake,0.8762243676,0.646243604,0,6,reviewed,tx,tx
2022-11-18T20:21:46.584Z,31.55345937,-104.0868348,6.568603516,2.5,ml,40,63,0.03291418644,0.2,tx,tx2022wqau,2023-01-28T19:58:03.040Z,"38 km NW of Toyah, Texas",earthquake,0.666250405,0.6955354633,0.1,24,reviewed,tx,tx
2022-11-18T19:23:22.283Z,31.61052859,-104.0045813,7.879711914,3,ml,23,47,0.01458160604,0.1,tx,tx2022wpyw,2023-01-28T19:58:27.040Z,"38 km NNW of Toyah, Texas",earthquake,0.7124754233,0.7812741194,0,6,reviewed,tx,tx
2022-11-18T18:58:39.338Z,31.64230543,-104.0188587,6.632873535,2.8,ml,45,31,0.02256284588,0.2,tx,tx2022wpxz,2023-01-28T19:58:27.040Z,"40 km W of Mentone, Texas",earthquake,0.373745946,0.4262904849,0,6,reviewed,tx,tx
2022-11-18T09:04:56.076Z,31.63432551,-104.0007935,6.093005371,2.6,ml,41,50,0.02052108987,0.1,tx,tx2022wpem,2023-01-28T19:58:25.040Z,"38 km WSW of Mentone, Texas",earthquake,0.3923002471,0.3472479117,0,6,reviewed,tx,tx
2022-11-18T08:12:39.614Z,31.62771827,-103.9838138,7.661193848,2.5,ml,50,49,0.02130090788,0.2,tx,tx2022wpct,2023-01-28T19:58:03.040Z,"37 km WSW of Mentone, Texas",earthquake,0.4230850257,0.5464791676,0,7,reviewed,tx,tx
2022-11-18T03:34:03.081Z,31.63249997,-103.9970184,7.892565918,2.6,ml,54,52,0.02179012693,0.2,tx,tx2022wotl,2024-01-18T17:24:02.147Z,"38 km WSW of Mentone, Texas",earthquake,0.5066407765,0.5383626745,0,6,reviewed,tx,tx
2022-11-17T19:00:24.883Z,31.6348178,-103.9911103,6.427209473,2.5,ml,40,32,0.02725711418,0.2,tx,tx2022wocp,2023-01-28T19:58:04.040Z,"37 km WSW of Mentone, Texas",earthquake,0.3859345052,0.5398813228,0.2,25,reviewed,tx,tx
2022-11-17T12:31:55.560Z,31.61738727,-103.980808,8.22677002,2.5,ml,23,87,0.01221038566,0.2,tx,tx2022wnpu,2023-01-28T19:58:03.040Z,"37 km WSW of Mentone, Texas",earthquake,0.5645719546,0.46599425,0.2,16,reviewed,tx,tx
2022-11-17T11:29:42.805Z,31.6196887,-103.9797423,6.350085449,2.5,ml,21,86,0.01294433927,0.1,tx,tx2022wnns,2023-01-28T19:58:03.040Z,"37 km WSW of Mentone, Texas",earthquake,0.5941044724,0.4040087446,0.2,15,reviewed,tx,tx
2022-11-17T05:23:15.094Z,31.63863353,-104.0174954,6.761413574,2.6,ml,73,38,0.01886664601,0.2,tx,tx2022wnbq,2023-01-28T19:58:20.040Z,"40 km W of Mentone, Texas",earthquake,0.4342443109,0.4266930486,0,6,reviewed,tx,tx
2022-11-17T04:38:32.046Z,31.63586216,-103.988021,7.725463867,3.8,ml,26,62,0.03003720998,0.2,tx,tx2022wnac,2023-01-28T19:58:20.040Z,"37 km WSW of Mentone, Texas",earthquake,0.7293201207,0.8052283399,0,7,reviewed,tx,tx
2022-11-17T01:49:06.251Z,31.61709197,-104.0004432,8.021105957,2.5,ml,46,34,0.01501811036,0.2,tx,tx2022wmuo,2023-01-28T19:58:03.040Z,"38 km NNW of Toyah, Texas",earthquake,0.4165548373,0.4471366673,0.2,36,reviewed,tx,tx
2022-11-17T01:07:12.249Z,31.6073714,-103.9868145,7.622631836,2.9,ml,21,79,0.01569201884,0.1,tx,tx2022wmtf,2023-01-28T19:58:20.040Z,"western Texas",earthquake,0.5367199491,0.7376777494,0,7,reviewed,tx,tx
2022-11-17T01:04:09.186Z,31.61508142,-103.9832184,7.86685791,3.6,ml,41,52,0.01302693788,0.1,tx,tx2022wmtd,2023-01-28T19:58:20.040Z,"37 km WSW of Mentone, Texas",earthquake,0.4949392663,0.6186177071,0.1,7,reviewed,tx,tx
2022-11-17T00:21:03.814Z,31.61147683,-103.960608,6.118713379,2.5,ml,35,49,0.007065360933,0.1,tx,tx2022wmrr,2023-01-28T19:58:03.040Z,"35 km WSW of Mentone, Texas",earthquake,0.4745974965,0.4703427896,0.2,30,reviewed,tx,tx
2022-11-16T23:15:03.885Z,31.61603198,-103.9735391,7.686901855,2.8,ml,69,42,0.006677845243,0.2,tx,tx2022wmpl,2023-01-28T19:58:20.040Z,"36 km WSW of Mentone, Texas",earthquake,0.3591881296,0.4993021098,0,6,reviewed,tx,tx
2022-11-16T22:50:36.355Z,31.6128595,-103.9949091,8.033959961,2.7,ml,23,42,0.0223432176,0.1,tx,tx2022wmor,2023-01-28T19:58:03.040Z,"38 km NNW of Toyah, Texas",earthquake,0.7887660223,0.7498294401,0.1,6,reviewed,tx,tx
2022-11-16T22:39:13.563Z,31.62947111,-104.0091105,8.123937988,4,ml,65,28,0.01217681002,0.2,tx,tx2022wmog,2023-01-28T19:58:20.040Z,"39 km WSW of Mentone, Texas",earthquake,0.3487371414,0.4202172365,0.2,53,reviewed,tx,tx
2022-11-16T22:01:04.256Z,31.63447804,-103.9896289,5.874487305,2.6,ml,18,83,0.02969373108,0.1,tx,tx2022wmnb,2023-01-28T19:58:04.040Z,"37 km WSW of Mentone, Texas",earthquake,0.5438910785,0.6610738489,0.2,12,reviewed,tx,tx
2022-11-16T21:52:02.421Z,31.62852652,-103.9826069,8.702368164,2.5,ml,48,36,0.02137164028,0.3,tx,tx2022wmmt,2023-01-28T19:58:03.040Z,"37 km WSW of Mentone, Texas",earthquake,0.5925321234,0.7740357686,0.2,27,reviewed,tx,tx
2022-11-16T21:46:03.596Z,31.60882457,-103.9636898,8.650952148,2.6,ml,28,47,0.04180113523,0.2,tx,tx2022wmmo,2023-01-28T19:58:03.040Z,"36 km WSW of Mentone, Texas",earthquake,0.597543612,0.931127986,0.1,17,reviewed,tx,tx
2022-11-16T21:40:29.743Z,31.61789254,-103.9665535,5.733093262,3.3,ml,45,44,0.007464039608,0.2,tx,tx2022wmmk,2023-01-28T19:58:20.040Z,"36 km WSW of Mentone, Texas",earthquake,0.3906443601,0.4240851915,0,6,reviewed,tx,tx
2022-11-16T21:39:45.066Z,31.63413111,-103.9903,4.833312988,2.8,ml,31,42,0.02747049639,0.2,tx,tx2022wmmj,2023-01-28T19:58:19.040Z,"37 km WSW of Mentone, Texas",earthquake,0.546964977,0.5401525016,0,7,reviewed,tx,tx
2022-11-16T21:36:30.788Z,31.63425093,-103.9888208,6.620019531,2.6,ml,13,86,0.02861427392,0.1,tx,tx2022wmmh,2023-01-28T19:58:24.040Z,"37 km WSW of Mentone, Texas",earthquake,0.638139173,0.8094712489,0.1,7,reviewed,tx,tx
2022-11-16T21:32:44.481Z,31.6367452,-103.9987871,6.902807617,5.4,ml,42,46,0.02345152448,0.1,tx,tx2022wmmd,2025-08-01T16:37:37.595Z,"Coalson Draw, Texas",earthquake,0.4628109061,0.629622792,0.2,21,reviewed,tx,tx
2022-11-15T10:40:53.196Z,31.56971559,-104.1011759,7.314135742,2.7,ml,58,54,0.02265965832,0.2,tx,tx2022wjvc,2023-01-28T19:58:16.040Z,"40 km NW of Toyah, Texas",earthquake,0.6745122255,0.6005234971,0,7,reviewed,tx,tx
2022-11-14T14:11:53.427Z,32.27325439,-101.9349038,7.898885091,2.9,ml,38,84,0.04585723204,0.2,tx,tx2022wigo,2023-01-28T19:58:14.040Z,"21 km NW of Stanton, Texas",earthquake,1.363739816,0.785767704,0.2,33,reviewed,tx,tx
2022-11-13T12:14:56.703Z,31.68403456,-104.3844888,7.416967773,2.5,ml,48,68,0.03549705828,0.2,tx,tx2022wghf,2023-01-28T19:58:03.040Z,"54 km S of Whites City, New Mexico",earthquake,0.6586702128,0.8047854906,0.1,27,reviewed,tx,tx
2022-11-13T06:46:45.620Z,31.56471977,-104.1141859,6.81282959,2.6,ml,62,65,0.01674516626,0.2,tx,tx2022wfwk,2023-01-28T19:58:03.040Z,"41 km NW of Toyah, Texas",earthquake,0.5207680131,0.5320387458,0.1,36,reviewed,tx,tx
2022-11-13T06:41:59.751Z,31.56818731,-104.1093671,7.04420166,2.6,ml,68,54,0.01723427504,0.2,tx,tx2022wfwf,2023-01-28T19:58:11.040Z,"41 km NW of Toyah, Texas",earthquake,0.4744768862,0.5376528799,0.1,36,reviewed,tx,tx
2022-11-13T04:36:24.265Z,31.65098384,-104.2173573,6.851391602,3.3,ml,25,64,0.0454918935,0.2,tx,tx2022wfsc,2023-01-28T19:58:11.040Z,"54 km NW of Toyah, Texas",earthquake,0.7976126288,0.9309969014,0.2,22,reviewed,tx,tx
2022-11-13T04:32:11.549Z,31.64823732,-104.2151853,8.033959961,2.8,ml,42,64,0.04841817538,0.2,tx,tx2022wfry,2023-01-28T19:58:11.040Z,"54 km NW of Toyah, Texas",earthquake,0.7425291381,0.7985719206,0.2,32,reviewed,tx,tx
2022-11-12T04:13:23.760Z,32.22198486,-103.0796256,6.871785482,2.6,ml,28,49,0.3008025442,0.2,tx,tx2022wdvv,2023-01-28T19:58:03.040Z,"16 km NE of Jal, New Mexico",earthquake,1.318796567,2.378447592,0.1,17,reviewed,tx,tx
2022-11-11T04:08:15.403Z,31.10995141,-103.2439976,2.738110352,2.7,ml,31,60,0.01656245167,0.2,tx,tx2022wcaa,2023-01-21T19:27:21.040Z,"western Texas",earthquake,1.302371046,0.8206471409,0.2,19,reviewed,tx,tx
2022-11-10T06:04:24.936Z,31.61005255,-104.3069072,7.57121582,2.7,ml,53,60,0.07130471104,0.2,tx,tx2022waim,2023-01-21T19:27:18.040Z,"58 km WNW of Toyah, Texas",earthquake,0.645621705,0.8041388662,0,6,reviewed,tx,tx
2022-11-08T17:56:22.349Z,31.6716,-104.3605,7.599,2.7,ml,51,45,0.063,0.45,us,us7000inc3,2023-01-21T19:27:15.040Z,"55 km S of Whites City, New Mexico",earthquake,1.02,2.404,0.062,95,reviewed,us,us
2022-11-08T11:57:11.424Z,31.66201297,-104.3783731,6.697143555,3.3,ml,27,66,0.04611814088,0.4,tx,tx2022vxcy,2023-01-21T19:27:14.040Z,"56 km S of Whites City, New Mexico",earthquake,1.054774604,1.093573855,0.2,20,reviewed,tx,tx
2022-11-07T15:15:03.090Z,31.65135131,-104.3180018,7.468383789,3.5,ml,36,128,0.0496107281,0.3,tx,tx2022vvod,2023-01-21T19:27:12.040Z,"58 km S of Whites City, New Mexico",earthquake,0.8618272424,0.9912782859,0.2,26,reviewed,tx,tx
2022-11-05T01:01:29.521Z,31.6791131,-104.4339741,5.977319336,2.5,ml,49,52,0.02301193799,0.2,tx,tx2022vquw,2023-01-21T19:27:07.040Z,"55 km S of Whites City, New Mexico",earthquake,0.7320092335,0.6817216885,0,6,reviewed,tx,tx
2022-11-03T14:56:43.397Z,31.16813827,-103.264417,1.118505859,2.5,ml,29,43,0.01937004701,0.2,tx,tx2022vofn,2023-01-12T23:11:16.040Z,"20 km WSW of Coyanosa, Texas",earthquake,0.758583969,0.8042793036,0.1,12,reviewed,tx,tx
2022-11-02T20:54:50.475Z,31.61903434,-104.0946022,6.658581543,2.5,ml,41,52,0.0294235517,0.2,tx,tx2022vmvv,2023-01-12T23:11:05.040Z,"western Texas",earthquake,0.5093364725,0.5285228203,0,7,reviewed,tx,tx
2022-10-31T21:25:59.414Z,31.61580046,-104.2655282,7.57121582,2.6,ml,42,70,0.0558968268,0.2,tx,tx2022vjfw,2023-01-12T23:10:50.040Z,"55 km NW of Toyah, Texas",earthquake,0.6431311491,0.8691278185,0.2,25,reviewed,tx,tx
2022-10-31T08:56:31.637Z,32.00623877,-103.8406251,9.730688477,2.7,ml,77,48,0.0340414831,0.3,tx,tx2022vigy,2023-01-12T23:10:46.040Z,"32 km SE of Malaga, New Mexico",earthquake,0.7659687075,0.5743185435,0.1,41,reviewed,tx,tx
2022-10-31T06:11:47.166Z,31.50369418,-104.0615686,6.697143555,2.8,ml,36,66,0.07987959381,0.4,tx,tx2022vibr,2023-01-12T23:10:45.040Z,"33 km NW of Toyah, Texas",earthquake,0.8837237952,0.9342804611,0.2,21,reviewed,tx,tx
2022-10-29T12:28:31.860Z,31.61152169,-104.1051839,6.440063477,2.8,ml,20,86,0.03772546272,0.1,tx,tx2022vexe,2023-01-12T23:10:29.040Z,"44 km NW of Toyah, Texas",earthquake,0.8334419623,0.8135117211,0.2,16,reviewed,tx,tx
2022-10-29T04:03:07.022Z,31.18922903,-103.3572672,7.416967773,2.5,ml,42,49,0.08729276329,0.2,tx,tx2022vegl,2023-01-12T23:10:28.040Z,"26 km SE of Lindsay, Texas",earthquake,0.8548658772,0.8532436617,0.1,24,reviewed,tx,tx
2022-10-28T21:08:53.865Z,32.48931885,-101.6733756,7.556518555,3.4,ml,16,51,0.1346992638,0.1,tx,tx2022vdsu,2023-01-03T15:23:48.040Z,"5 km SE of Ackerly, Texas",earthquake,1.400265271,2.337326203,0.1,13,reviewed,tx,tx
2022-10-28T15:46:19.597Z,31.61084666,-104.2466622,8.548120117,2.5,ml,45,58,0.06281208837,0.3,tx,tx2022vdid,2023-01-03T15:23:45.040Z,"54 km NW of Toyah, Texas",earthquake,0.813083685,1.021837652,0.1,25,reviewed,tx,tx
2022-10-28T13:33:21.007Z,35.16906738,-101.7660757,6.113688151,2.5,ml,12,74,0.2574253714,0.3,tx,tx2022vddt,2023-01-03T15:23:44.040Z,"8 km SE of Amarillo, Texas",earthquake,1.459986393,1.343611782,0.2,7,reviewed,tx,tx
2022-10-25T04:46:36.251Z,31.61366151,-103.9955853,8.509558105,2.5,ml,22,72,0.02300703371,0.1,tx,tx2022uwzw,2023-01-03T15:23:37.040Z,"38 km NNW of Toyah, Texas",earthquake,0.4332090144,0.4284933966,0.3,16,reviewed,tx,tx
2022-10-25T02:02:01.995Z,31.67492506,-104.3714882,7.622631836,2.6,ml,36,45,0.05491849058,0.2,tx,tx2022uwul,2023-01-03T15:23:37.040Z,"55 km S of Whites City, New Mexico",earthquake,0.7342701434,0.9619820673,0.1,7,reviewed,tx,tx
2022-10-23T15:37:34.202Z,32.78411865,-100.6872856,2.421020508,2.898075421,mlv,11,66,0.08933287929,0.1,tx,tx2022uuei,2024-01-18T17:15:04.789Z,"17 km NNE of Hermleigh, Texas",earthquake,0.8888071533,1.499121693,0.1622967629,9,reviewed,tx,tx
2022-10-21T20:57:35.150Z,31.68212359,-104.3957777,7.416967773,3.1,ml,47,45,0.04036775516,0.2,tx,tx2022uqxw,2022-12-31T23:03:48.040Z,"western Texas",earthquake,0.7480003862,0.7702511921,0.2,27,reviewed,tx,tx
2022-10-21T19:57:58.254Z,31.67243422,-104.4016123,6.74855957,3.7,ml,69,45,0.03061056725,0.2,tx,tx2022uqvy,2022-10-26T20:55:38.871Z,"western Texas",earthquake,0.7114874449,0.6520422468,0.1,32,reviewed,tx,tx
2022-10-21T19:57:58.047Z,31.6826,-104.419,5,3.5,mwr,96,50,0.029,0.5,us,us6000ivlt,2022-12-31T23:03:48.040Z,"western Texas",earthquake,0.92,1.262,0.08,15,reviewed,us,us
2022-10-21T19:21:14.830Z,31.66692993,-104.3999478,6.851391602,3.1,ml,17,70,0.02938945526,0.2,tx,tx2022uqus,2022-12-31T23:03:48.040Z,"56 km S of Whites City, New Mexico",earthquake,1.253121004,1.051816863,0.2,25,reviewed,tx,tx
2022-10-20T18:41:46.858Z,31.64865291,-104.223799,6.131567383,2.5,ml,18,59,0.04190879685,0.2,tx,tx2022uoxw,2022-12-31T23:03:44.040Z,"55 km NW of Toyah, Texas",earthquake,1.049313311,1.332976846,0.2,25,reviewed,tx,tx
2022-10-20T15:00:07.107Z,31.6480198,-104.212762,7.648339844,2.9,ml,15,64,0.05033877972,0.2,tx,tx2022uoqp,2022-12-31T23:03:41.040Z,"54 km NW of Toyah, Texas",earthquake,1.160850258,1.473957882,0.2,10,reviewed,tx,tx
2022-10-20T06:54:20.088Z,31.64319288,-104.2129973,7.622631836,2.8,ml,16,65,0.05261255631,0.2,tx,tx2022uoao,2022-12-31T23:03:40.040Z,"western Texas",earthquake,1.285972566,1.458076418,0.2,13,reviewed,tx,tx
2022-10-20T04:15:59.798Z,31.66128988,-104.2241581,8.008251953,3.367831862,mlv,24,52,0.0362372696,0.1,tx,tx2022unvi,2022-12-31T23:03:40.040Z,"56 km NW of Toyah, Texas",earthquake,0.8138145236,0.8328803887,0.134607562,19,reviewed,tx,tx
2022-10-19T21:24:22.660Z,31.60955928,-104.2722054,7.288427734,2.9,ml,14,79,0.06245764559,0.1,tx,tx2022unhu,2022-12-31T23:03:40.040Z,"56 km NW of Toyah, Texas",earthquake,1.233605564,1.855925403,0.2,11,reviewed,tx,tx
2022-10-19T12:35:59.548Z,31.6103947,-103.9758004,8.882324219,2.5,ml,14,70,0.1008872178,0.2,tx,tx2022umqi,2022-12-31T23:03:39.040Z,"37 km NNW of Toyah, Texas",earthquake,1.04005631,1.792650114,0.2,11,reviewed,tx,tx
2022-10-19T02:54:37.567Z,31.64591099,-104.3809226,6.28581543,2.8,ml,20,71,0.04478086133,0.2,tx,tx2022ulxd,2024-01-18T17:13:50.515Z,"58 km S of Whites City, New Mexico",earthquake,1.087628636,1.35260242,0.1,14,reviewed,tx,tx
2022-10-16T17:44:36.730Z,31.64293987,-104.2175697,6.260107422,2.5,ml,9,85,0.04952490479,0.2,tx,tx2022uhoa,2022-12-31T23:03:35.040Z,"54 km NW of Toyah, Texas",earthquake,1.586248263,1.852519588,0.1,12,reviewed,tx,tx
2022-10-16T02:48:44.748Z,32.00028938,-103.8287224,7.725463867,3.3,ml,35,27,0.02307565763,0.2,tx,tx2022ugkl,2022-12-31T23:03:34.040Z,"33 km SE of Malaga, New Mexico",earthquake,0.605091529,0.7369326984,0.2,15,reviewed,tx,tx
2022-10-15T19:09:22.734Z,31.68204991,-104.4070829,6.234399414,2.5,ml,11,95,0.03350912411,0.1,tx,tx2022ufvh,2022-12-31T23:03:34.040Z,"54 km S of Whites City, New Mexico",earthquake,1.215873261,1.083590017,0.1,9,reviewed,tx,tx
2022-10-15T03:46:49.929Z,31.60720673,-103.9666414,8.625244141,2.9,ml,18,51,0.103974438,0.2,tx,tx2022ueqw,2024-01-18T17:13:05.705Z,"36 km NNW of Toyah, Texas",earthquake,0.7175745946,1.23101105,0.2,9,reviewed,tx,tx
2022-10-15T03:24:34.094Z,31.66941712,-104.4061606,6.671435547,2.5,ml,12,87,0.0257248085,0.3,tx,tx2022ueqd,2022-12-31T23:03:33.040Z,"56 km S of Whites City, New Mexico",earthquake,1.234521058,1.049459532,0.1,18,reviewed,tx,tx
2022-10-15T00:43:46.923Z,31.60605861,-103.9663674,8.856616211,2.7,ml,25,66,0.005105298552,0.1,tx,tx2022uekv,2022-12-31T23:03:32.040Z,"36 km NNW of Toyah, Texas",earthquake,0.7664936296,0.7550085852,0.2,18,reviewed,tx,tx
2022-10-15T00:23:45.945Z,31.68068884,-104.4043787,6.542895508,2.9,ml,74,45,0.03402206285,0.3,tx,tx2022ueke,2022-12-31T23:03:32.040Z,"western Texas",earthquake,0.647817999,0.8513044363,0.2,37,reviewed,tx,tx
2022-10-14T17:03:47.836Z,32.26593018,-101.9177544,8.681437174,2.9,ml,29,46,0.02992621725,0.2,tx,tx2022udvq,2022-12-17T22:54:11.040Z,"19 km NW of Stanton, Texas",earthquake,0.7976931376,1.1157775,0.1,14,reviewed,tx,tx
2022-10-14T14:32:51.958Z,32.00364424,-103.8175224,8.535266113,3.4,ml,73,21,0.01449918825,0.3,tx,tx2022udqr,2022-12-17T22:54:09.040Z,"34 km SE of Malaga, New Mexico",earthquake,0.3460482098,0.3574379692,0.1,33,reviewed,tx,tx
2022-10-12T21:35:48.539Z,31.55597654,-104.1427634,7.596923828,2.8,ml,17,64,0.07861844422,0.2,tx,tx2022uanq,2022-12-17T22:53:58.040Z,"42 km NW of Toyah, Texas",earthquake,1.098305626,1.427618024,0.2,15,reviewed,tx,tx
2022-10-12T03:37:17.775Z,31.65225681,-104.2378177,7.57121582,2.9,ml,52,65,0.03014245313,0.2,tx,tx2022tzea,2022-12-17T22:53:55.040Z,"56 km NW of Toyah, Texas",earthquake,0.6330520289,0.7494849857,0,7,reviewed,tx,tx
2022-10-10T11:00:41.600Z,31.66574382,-104.3697934,7.519799805,3,ml,54,49,0.05391763665,0.2,tx,tx2022twbq,2022-12-17T22:53:49.040Z,"56 km S of Whites City, New Mexico",earthquake,0.8404649128,1.092493992,0.2,24,reviewed,tx,tx
2022-10-09T21:48:50.155Z,31.6719487,-104.2722782,2.031140137,2.6,ml,25,49,0.006299652255,0.2,tx,tx2022tvbo,2022-12-17T22:53:47.040Z,"56 km S of Whites City, New Mexico",earthquake,0.6633102025,0.6614116867,0.1,13,reviewed,tx,tx
2022-10-09T17:21:35.839Z,31.61075916,-104.3798065,6.157275391,2.6,ml,21,64,0.1767284778,0.2,tx,tx2022tust,2022-12-17T22:53:47.040Z,"62 km S of Whites City, New Mexico",earthquake,1.331378266,2.315501002,0.2,25,reviewed,tx,tx
2022-10-09T08:56:18.256Z,31.67521613,-104.3978691,7.159887695,2.5,ml,22,45,0.03480080901,0.2,tx,tx2022tucb,2022-12-17T22:53:31.040Z,"55 km S of Whites City, New Mexico",earthquake,0.9427071371,1.054724369,0.1,12,reviewed,tx,tx
2022-10-09T08:23:11.583Z,31.64190362,-104.2401641,7.596923828,2.6,ml,25,66,0.114848525,0.2,tx,tx2022tuaz,2022-12-17T22:53:31.040Z,"55 km NW of Toyah, Texas",earthquake,1.1658687,1.830676016,0.2,27,reviewed,tx,tx
2022-10-09T06:59:20.419Z,31.62485567,-104.3672863,7.93112793,2.5,ml,52,73,0.06351525056,0.2,tx,tx2022ttyf,2022-12-17T22:53:45.040Z,"western Texas",earthquake,0.7005176675,1.025578991,0,7,reviewed,tx,tx
2022-10-09T03:24:38.728Z,31.6546837,-104.298115,7.57121582,3,ml,38,57,0.03300145595,0.2,tx,tx2022ttrc,2022-12-17T22:53:44.040Z,"58 km S of Whites City, New Mexico",earthquake,0.8727350784,0.9012133356,0.1,19,reviewed,tx,tx
2022-10-08T17:17:28.135Z,31.60772098,-104.2721914,7.288427734,2.5,ml,29,71,0.1685151898,0.2,tx,tx2022tsxc,2022-12-17T22:53:31.040Z,"55 km NW of Toyah, Texas",earthquake,0.9510034906,1.9101067,0.2,25,reviewed,tx,tx
2022-10-08T07:58:32.138Z,31.53961864,-104.1520685,7.725463867,2.7,ml,33,64,0.163533658,0.3,tx,tx2022tseq,2022-12-17T22:53:41.040Z,"42 km NW of Toyah, Texas",earthquake,0.9557126278,1.545752933,0.2,23,reviewed,tx,tx
2022-10-06T20:51:36.410Z,31.73369112,-104.0974151,7.738317871,2.7,ml,51,49,0.03384193582,0.2,tx,tx2022tpne,2024-01-18T16:58:42.107Z,"47 km W of Mentone, Texas",earthquake,0.429750308,0.7295807858,0,7,reviewed,tx,tx
2022-10-06T20:47:07.929Z,31.73564266,-104.0978304,7.159887695,3.2,ml,65,48,0.03490771315,0.2,tx,tx2022tpmz,2022-12-10T22:53:37.040Z,"47 km W of Mentone, Texas",earthquake,0.4697282945,0.6298104648,0.2,31,reviewed,tx,tx
2022-10-06T20:29:35.129Z,31.73468275,-104.1075209,7.674047852,2.9,ml,45,48,0.04229726902,0.2,tx,tx2022tpmk,2022-12-10T22:53:37.040Z,"48 km W of Mentone, Texas",earthquake,0.403035544,0.7471406835,0,6,reviewed,tx,tx
2022-10-03T20:44:03.857Z,31.73795177,-104.0951503,7.725463867,2.9,ml,47,48,0.03387616744,0.2,tx,tx2022tkaj,2022-12-10T22:53:02.040Z,"47 km W of Mentone, Texas",earthquake,0.5519483586,0.6942121622,0.1,7,reviewed,tx,tx
2022-10-03T14:21:01.384Z,31.67691285,-104.4194181,7.159887695,2.8,ml,38,56,0.02336901807,0.2,tx,tx2022tjnt,2022-12-10T22:52:59.040Z,"55 km S of Whites City, New Mexico",earthquake,0.8042997315,0.8480347389,0,7,reviewed,tx,tx
2022-10-03T10:17:57.898Z,31.67862959,-104.4030142,7.905419922,2.5,ml,15,60,0.03341806356,0.1,tx,tx2022tjft,2022-12-10T22:52:57.040Z,"western Texas",earthquake,1.529028664,1.540632471,0.1,11,reviewed,tx,tx
2022-10-03T06:07:54.663Z,31.59933663,-103.9843573,7.442675781,2.8,ml,17,52,0.1386123527,0.2,tx,tx2022tixn,2022-12-10T22:52:53.040Z,"36 km NNW of Toyah, Texas",earthquake,0.9497901908,2.122219758,0.2,9,reviewed,tx,tx
2022-10-03T01:43:37.300Z,32.46276855,-102.0410156,9.048258464,3.3,ml,20,59,0.2239919605,0.1,tx,tx2022tiot,2022-12-10T22:52:52.040Z,"30 km SSW of Los Ybanez, Texas",earthquake,1.617651118,3.814218667,0.2,15,reviewed,tx,tx
2022-10-01T12:49:21.595Z,31.68716188,-104.1974227,7.802587891,2.9,ml,32,48,0.05959517178,0.2,tx,tx2022tfts,2022-12-10T22:52:31.040Z,"western Texas",earthquake,0.6807984016,0.8017526363,0.1,16,reviewed,tx,tx
2022-09-30T09:05:52.045Z,31.69072462,-104.4825414,5.46315918,3.2,ml,33,56,0.02706742111,0.2,tx,tx2022tdqv,2022-12-03T22:02:46.040Z,"54 km S of Whites City, New Mexico",earthquake,1.026096831,0.7616762389,0.1,15,reviewed,tx,tx
2022-09-30T08:04:05.842Z,32.38494873,-101.098871,7.898885091,2.8,ml,15,75,0.2291391524,0.1,tx,tx2022tdou,2022-12-03T22:02:46.040Z,"8 km WNW of Westbrook, Texas",earthquake,1.135163996,3.106749912,0.1,13,reviewed,tx,tx
2022-09-30T06:09:44.027Z,31.67704136,-104.4999022,7.391259766,2.9,ml,26,67,0.008488132202,0.2,tx,tx2022tdla,2022-12-03T22:02:44.040Z,"56 km SSW of Whites City, New Mexico",earthquake,1.129149196,0.7779157529,0,6,reviewed,tx,tx
2022-09-30T05:37:24.629Z,31.67011529,-104.4048212,7.674047852,2.7,ml,24,45,0.02706380368,0.2,tx,tx2022tdjz,2022-12-03T22:02:44.040Z,"56 km S of Whites City, New Mexico",earthquake,0.8923450611,0.8521346562,0,6,reviewed,tx,tx
2022-09-29T07:20:15.886Z,31.71614713,-104.0888315,6.774267578,2.7,ml,22,83,0.02495580324,0.2,tx,tx2022tbrw,2022-12-03T22:02:15.040Z,"46 km W of Mentone, Texas",earthquake,0.6201442264,0.8130045377,0.3,12,reviewed,tx,tx
2022-09-27T21:22:30.774Z,31.90309264,-103.9201793,7.519799805,2.8,ml,21,51,0.1021697868,0.1,tx,tx2022szcq,2022-12-03T22:02:31.040Z,"37 km NW of Mentone, Texas",earthquake,0.8273351736,1.941696079,0.1,10,reviewed,tx,tx
2022-09-27T16:06:02.998Z,32.96447754,-100.9048685,5.037679036,2.7,ml,14,55,0.05045449799,0.1,tx,tx2022sysf,2022-12-03T22:02:15.040Z,"western Texas",earthquake,0.7499735279,1.127877034,0.1,7,reviewed,tx,tx
2022-09-27T15:23:37.494Z,31.65603154,-104.3035079,7.314135742,2.5,ml,21,56,0.1083806466,0.1,tx,tx2022syqu,2022-12-03T22:02:29.040Z,"58 km S of Whites City, New Mexico",earthquake,0.8858998034,1.357037008,0.1,7,reviewed,tx,tx
2022-09-27T14:44:50.022Z,31.66176222,-104.3059757,7.802587891,3,ml,32,53,0.03637948922,0.2,tx,tx2022sypn,2022-12-03T22:02:29.040Z,"57 km S of Whites City, New Mexico",earthquake,0.772643991,0.9164533379,0.1,16,reviewed,tx,tx
2022-09-27T04:13:17.465Z,31.71534422,-104.2991344,6.28581543,2.7,ml,28,58,0.05264377409,0.3,tx,tx2022sxur,2022-12-03T22:02:26.040Z,"51 km S of Whites City, New Mexico",earthquake,1.101977081,0.8951520571,0.2,18,reviewed,tx,tx
2022-09-23T15:48:28.718Z,31.68064998,-104.4103004,6.851391602,2.5,ml,28,44,0.03070915953,0.3,tx,tx2022srjp,2022-11-26T20:57:59.040Z,"54 km S of Whites City, New Mexico",earthquake,0.9379937505,0.926560739,0.1,14,reviewed,tx,tx
2022-09-21T19:22:02.127Z,31.91566147,-103.3894185,8.933740234,2.7,ml,20,66,0.08321596371,0.2,tx,tx2022snzq,2022-11-26T20:57:50.040Z,"28 km NW of Wink, Texas",earthquake,1.436113126,2.145360324,0.2,13,reviewed,tx,tx
2022-09-21T17:06:19.738Z,31.73835024,-104.1096973,7.982543945,2.5,ml,26,57,0.03886681969,0.2,tx,tx2022snvd,2022-11-26T20:57:49.040Z,"western Texas",earthquake,0.652570792,0.7334323963,0.2,18,reviewed,tx,tx
2022-09-21T12:51:37.168Z,31.68150851,-104.4194605,6.851391602,2.8,ml,16,85,0.04865865984,0.2,tx,tx2022snmt,2024-01-18T16:53:08.492Z,"54 km S of Whites City, New Mexico",earthquake,1.121704202,1.20419915,0.1,11,reviewed,tx,tx
2022-09-21T12:09:31.417Z,31.89914779,-103.4153506,5.745947266,2.5,ml,21,73,0.105666235,0.2,tx,tx2022snlj,2022-11-26T20:57:49.040Z,"27 km NE of Mentone, Texas",earthquake,1.284214982,2.24843057,0.2,17,reviewed,tx,tx
2022-09-17T01:02:04.996Z,31.65974822,-104.2965404,7.828295898,2.6,ml,29,54,0.02947244182,0.2,tx,tx2022sfhh,2022-11-26T20:57:31.040Z,"57 km S of Whites City, New Mexico",earthquake,1.052396632,0.7101620853,0,6,reviewed,tx,tx
2022-09-16T14:34:05.136Z,31.70944873,-104.0971405,6.954223633,2.9,ml,29,49,0.03372149233,0.2,tx,tx2022semq,2024-01-18T16:51:11.290Z,"47 km W of Mentone, Texas",earthquake,0.6103695882,0.6049072734,0.4,20,reviewed,tx,tx
2022-09-15T06:35:52.010Z,31.56190495,-104.100593,6.131567383,3.3,ml,29,54,0.04806485336,0.2,tx,tx2022scbj,2022-11-19T23:03:15.040Z,"40 km NW of Toyah, Texas",earthquake,0.7971819632,0.7491935098,0.2,11,reviewed,tx,tx
2022-09-15T06:24:42.805Z,31.56186635,-104.1097332,6.594311523,2.5,ml,29,54,0.05467172694,0.2,tx,tx2022scaz,2022-11-19T23:03:15.040Z,"western Texas",earthquake,0.7603392336,0.8228831671,0.1,6,reviewed,tx,tx
2022-09-14T17:30:55.279Z,31.66976384,-104.3881306,7.10847168,2.8,ml,23,45,0.03981810593,0.2,tx,tx2022sbbl,2022-11-19T23:03:12.040Z,"56 km S of Whites City, New Mexico",earthquake,0.9550167982,1.054393045,0.1,13,reviewed,tx,tx
2022-09-14T02:00:16.086Z,31.67535067,-104.3768753,7.211303711,2.5,ml,25,56,0.06900535667,0.2,tx,tx2022rzwt,2022-11-19T23:03:54.040Z,"55 km S of Whites City, New Mexico",earthquake,0.9967655158,1.159242795,0.1,13,reviewed,tx,tx
2022-09-13T20:35:27.255Z,31.6562224,-104.3102372,8.008251953,2.7,ml,20,68,0.1105408731,0.2,tx,tx2022rzma,2022-11-19T23:03:00.040Z,"57 km S of Whites City, New Mexico",earthquake,1.139660841,1.720231688,0.2,25,reviewed,tx,tx
2022-09-13T09:04:41.793Z,31.65714154,-104.3102446,7.905419922,3.2,ml,18,59,0.04128365548,0.3,tx,tx2022rypg,2022-11-19T23:02:53.040Z,"57 km S of Whites City, New Mexico",earthquake,1.212378064,1.275684295,0.1,13,reviewed,tx,tx
2022-09-13T08:11:06.520Z,31.92486441,-103.3980378,9.242236328,2.9,ml,17,50,0.0772841778,0.2,tx,tx2022rynm,2022-11-19T23:02:53.040Z,"28 km SW of Jal, New Mexico",earthquake,1.139602694,1.371842326,0.1,6,reviewed,tx,tx
2022-09-13T07:49:42.936Z,31.65968013,-104.3083811,7.314135742,3.1,ml,20,59,0.03894604033,0.3,tx,tx2022rymt,2022-11-19T23:02:53.040Z,"57 km S of Whites City, New Mexico",earthquake,1.030863338,1.006185556,0.1,12,reviewed,tx,tx
2022-09-13T00:18:29.401Z,31.92739251,-103.3983033,9.21652832,2.6,ml,21,53,0.07509468429,0.2,tx,tx2022rxxx,2022-11-19T23:02:53.040Z,"28 km SW of Jal, New Mexico",earthquake,1.258382302,1.072241358,0.2,9,reviewed,tx,tx
2022-09-13T00:14:27.916Z,31.57446407,-104.1700348,7.622631836,2.9,ml,22,55,0.1066388099,0.2,tx,tx2022rxxt,2022-11-19T23:02:51.040Z,"45 km NW of Toyah, Texas",earthquake,0.8747447876,1.339414476,0.2,12,reviewed,tx,tx
2022-09-12T17:16:28.244Z,31.67501085,-104.1916871,7.416967773,3,ml,21,68,0.06250679143,0.2,tx,tx2022rxjz,2022-11-19T23:02:48.040Z,"55 km NW of Toyah, Texas",earthquake,0.7804930016,0.9699050881,0.2,14,reviewed,tx,tx
2022-09-12T07:50:49.273Z,31.67798094,-104.1952065,7.802587891,2.9,ml,28,58,0.05975506761,0.3,tx,tx2022rwrf,2022-11-19T23:02:45.040Z,"55 km NW of Toyah, Texas",earthquake,1.168939857,1.237488156,0.2,44,reviewed,tx,tx
2022-09-12T05:18:33.168Z,31.6137586,-104.0008309,7.93112793,2.5,ml,15,55,0.02746120028,0.2,tx,tx2022rwmh,2022-11-19T23:02:45.040Z,"38 km NNW of Toyah, Texas",earthquake,0.7797266101,0.8824441804,0.2,9,reviewed,tx,tx
2022-09-11T23:12:01.087Z,31.5961458,-103.9762748,6.157275391,2.6,ml,21,60,0.1429129887,0.3,tx,tx2022rwaf,2022-11-19T23:02:42.040Z,"35 km NNW of Toyah, Texas",earthquake,1.641835203,2.845478371,0.1,14,reviewed,tx,tx
2022-09-11T21:18:34.391Z,31.59519859,-103.9848764,7.905419922,2.8,ml,19,53,0.1255905204,0.2,tx,tx2022rvwl,2022-11-19T23:02:40.040Z,"36 km NNW of Toyah, Texas",earthquake,1.017403012,1.870651399,0.2,22,reviewed,tx,tx
2022-09-09T22:53:03.940Z,31.60430273,-104.0107377,6.157275391,2.9,ml,19,53,0.1436337643,0.3,tx,tx2022rsin,2022-11-15T19:05:54.040Z,"38 km NNW of Toyah, Texas",earthquake,1.580301685,2.590785067,0.2,35,reviewed,tx,tx
2022-09-08T23:08:32.315Z,31.68260056,-104.3930901,7.776879883,3,ml,52,52,0.05516160572,0.3,tx,tx2022rqno,2024-01-18T16:48:43.298Z,"54 km S of Whites City, New Mexico",earthquake,0.8490950028,1.119691837,0.1,42,reviewed,tx,tx
2022-09-08T11:31:53.006Z,32.2576,-104.6344,5,2.5,ml,26,87,0.598,0.35,us,us6000ii45,2022-11-15T19:05:49.040Z,"25 km WNW of Whites City, New Mexico",earthquake,2,1.899,0.057,40,reviewed,us,us
2022-09-08T02:16:03.574Z,31.67521263,-104.3984074,7.057055664,2.9,ml,45,45,0.03441570744,0.2,tx,tx2022royg,2022-11-15T19:05:47.040Z,"55 km S of Whites City, New Mexico",earthquake,0.8657659933,0.8770441172,0.2,37,reviewed,tx,tx
2022-09-07T23:12:28.636Z,31.66156496,-104.3003225,7.828295898,2.7,ml,44,53,0.03182874216,0.3,tx,tx2022rosf,2022-11-15T19:05:47.040Z,"57 km S of Whites City, New Mexico",earthquake,0.8310979556,1.052222246,0.2,34,reviewed,tx,tx
2022-09-07T00:28:03.721Z,31.67028138,-104.3030833,7.879711914,3.082102624,mlv,37,56,0.03257849851,0.2,tx,tx2022rmze,2022-11-15T19:06:12.040Z,"56 km S of Whites City, New Mexico",earthquake,0.8974116521,1.146047581,0.1538319584,23,reviewed,tx,tx
2022-09-07T00:13:53.565Z,31.65417772,-104.3061841,6.131567383,2.5,ml,25,66,0.1109810533,0.2,tx,tx2022rmys,2022-11-15T19:06:12.040Z,"58 km S of Whites City, New Mexico",earthquake,0.9802208414,1.816952273,0.2,19,reviewed,tx,tx
2022-09-03T11:25:32.889Z,31.60053045,-104.2420142,6.260107422,2.6,ml,19,69,0.07381680411,0.2,tx,tx2022rgmw,2022-11-15T19:05:41.040Z,"53 km NW of Toyah, Texas",earthquake,1.016150018,1.57059542,0.2,13,reviewed,tx,tx
2022-09-03T09:53:42.555Z,32.2203,-103.4011,5,2.7,mb_lg,27,70,0.185,0.21,us,us7000i4wr,2022-11-15T19:06:02.040Z,"New Mexico",earthquake,0.91,1.91,0.065,82,reviewed,us,us
2022-09-03T08:25:22.848Z,31.55755125,-104.0392762,6.388647461,3,ml,21,62,0.1651782799,0.3,tx,tx2022rggw,2022-11-15T19:06:02.040Z,"35 km NW of Toyah, Texas",earthquake,0.9898232451,1.828878469,0.2,16,reviewed,tx,tx
2022-09-03T00:44:57.074Z,31.6006595,-104.001038,7.596923828,3,ml,17,53,0.1313443664,0.2,tx,tx2022rfrs,2022-11-15T19:06:00.040Z,"western Texas",earthquake,1.16175653,2.482062222,0.2,25,reviewed,tx,tx
2022-09-02T20:01:35.943Z,31.60119603,-103.977911,7.442675781,2.5,ml,19,60,0.1382237347,0.2,tx,tx2022rfik,2022-11-06T04:35:50.040Z,"36 km NNW of Toyah, Texas",earthquake,1.139608445,1.881713031,0.1,7,reviewed,tx,tx
2022-09-02T16:30:04.129Z,32.4508667,-102.0528058,5.159952799,2.7,ml,29,64,0.2262539648,0.2,tx,tx2022rfbk,2022-11-06T04:35:55.040Z,"32 km SSW of Los Ybanez, Texas",earthquake,1.032052508,1.264392858,0.1,18,reviewed,tx,tx
2022-09-02T14:52:07.973Z,32.77313232,-100.6572742,5.697957357,3.2,ml,16,69,0.06860850669,0.3,tx,tx2022reye,2022-11-06T04:35:56.040Z,"18 km NNE of Hermleigh, Texas",earthquake,1.66458585,2.402039919,0.1,10,reviewed,tx,tx
2022-09-02T04:55:15.798Z,31.58225387,-104.0074046,7.802587891,3.5,ml,15,57,0.04352629886,0.1,tx,tx2022reem,2022-11-06T04:36:06.040Z,"35 km NW of Toyah, Texas",earthquake,1.854943703,1.636109871,0.2,6,reviewed,tx,tx
2022-09-02T00:07:37.112Z,31.59192553,-104.0015346,6.208691406,4.093029702,mlv,17,67,0.1378794001,0.2,tx,tx2022rduz,2022-11-06T04:36:10.040Z,"36 km NNW of Toyah, Texas",earthquake,1.302283307,2.029076002,0.2789362773,10,reviewed,tx,tx
2022-09-01T22:07:19.875Z,31.68134464,-104.4094992,7.596923828,2.9,ml,24,56,0.07884684584,0.3,tx,tx2022rdra,2022-11-06T04:36:11.040Z,"54 km S of Whites City, New Mexico",earthquake,1.317110933,1.509803218,0.1,18,reviewed,tx,tx
2022-09-01T16:23:29.487Z,31.62459784,-103.9893144,6.568603516,4.4,ml,14,63,0.02233408503,0.2,tx,tx2022rdfr,2022-11-06T04:36:17.040Z,"38 km WSW of Mentone, Texas",earthquake,1.472688845,1.898902623,0.1,6,reviewed,tx,tx
2022-09-01T16:17:27.990Z,31.60155272,-104.0085728,6.157275391,3.7,ml,16,72,0.1322998127,0.2,tx,tx2022rdfm,2022-11-06T04:36:17.040Z,"37 km NNW of Toyah, Texas",earthquake,1.522811386,2.491672938,0.1,7,reviewed,tx,tx
2022-09-01T06:01:46.870Z,31.61207951,-104.2735695,7.365551758,2.5,ml,50,59,0.0600783118,0.2,tx,tx2022rcle,2022-11-06T04:36:33.040Z,"56 km NW of Toyah, Texas",earthquake,0.7508703808,1.079553809,0.2,30,reviewed,tx,tx
2022-08-31T11:59:54.807Z,31.65382342,-104.4689899,6.208691406,2.5,ml,20,66,0.03087477279,0.2,tx,tx2022rbbm,2022-11-06T04:36:59.040Z,"58 km S of Whites City, New Mexico",earthquake,1.402926571,1.464874022,0.1,7,reviewed,tx,tx
2022-08-30T20:49:52.813Z,31.70622942,-104.0976604,6.234399414,3.4,ml,16,57,0.05898909901,0.1,tx,tx2022qzxn,2022-11-06T04:37:16.040Z,"47 km W of Mentone, Texas",earthquake,0.8762610393,1.161571096,0.1,7,reviewed,tx,tx
2022-08-29T20:52:25.813Z,31.5431083,-104.1426832,6.157275391,2.6,ml,19,69,0.2335318909,0.2,tx,tx2022qycb,2022-11-06T04:37:54.040Z,"41 km NW of Toyah, Texas",earthquake,1.635386244,3.216173098,0.2,19,reviewed,tx,tx
2022-08-29T16:15:28.972Z,31.6763212,-104.4046083,7.648339844,2.5,ml,18,55,0.08234191236,0.2,tx,tx2022qxsx,2022-11-06T04:37:58.040Z,"55 km S of Whites City, New Mexico",earthquake,1.19980404,1.205216784,0,6,reviewed,tx,tx
2022-08-29T15:51:08.188Z,32.26409912,-101.9156107,7.801066081,2.8,ml,18,60,0.02735609552,0.2,tx,tx2022qxsd,2022-11-06T04:37:59.040Z,"19 km NW of Stanton, Texas",earthquake,1.222689592,1.698044468,0.2,14,reviewed,tx,tx
2022-08-29T11:02:02.672Z,31.70853181,-104.0965967,7.674047852,2.7,ml,19,49,0.05941110415,0.2,tx,tx2022qxio,2022-11-06T04:38:08.040Z,"47 km W of Mentone, Texas",earthquake,1.112025949,1.13787456,0.1,7,reviewed,tx,tx
2022-08-29T05:41:13.862Z,32.77313232,-100.6701362,3.056844076,3,ml,23,56,0.07856689358,0.3,tx,tx2022qwya,2022-11-06T04:38:16.040Z,"17 km NNE of Hermleigh, Texas",earthquake,1.265365408,1.41496248,0,6,reviewed,tx,tx
2022-08-28T21:57:47.095Z,31.6253,-104.2953,5,2.5,ml,43,59,0.053,0.35,us,us7000i374,2022-11-06T04:38:32.040Z,"58 km NW of Toyah, Texas",earthquake,1.34,1.451,0.045,66,reviewed,us,us
2022-08-28T21:31:56.287Z,31.70691991,-104.0973952,6.877099609,3.1,ml,22,52,0.05914441928,0.1,tx,tx2022qwhw,2022-11-06T04:38:32.040Z,"47 km W of Mentone, Texas",earthquake,0.5988171493,0.689096793,0.1,7,reviewed,tx,tx
2022-08-27T11:10:13.307Z,31.59500986,-104.2430496,7.802587891,2.6,ml,18,58,0.1721780523,0.2,tx,tx2022qtrv,2022-11-06T04:39:32.040Z,"52 km NW of Toyah, Texas",earthquake,1.640317228,2.537234789,0,6,reviewed,tx,tx
2022-08-26T22:32:34.778Z,32.01110471,-103.8214602,7.391259766,2.5,ml,15,66,0.0777973129,0.3,tx,tx2022qssv,2022-11-01T15:14:24.040Z,"33 km SE of Malaga, New Mexico",earthquake,2.896996148,3.479021405,0.2,24,reviewed,tx,tx
2022-08-26T14:30:42.045Z,32.394104,-101.598347,11.37145996,3.1,ml,24,86,0.02579172333,0.2,tx,tx2022qscz,2022-11-01T15:14:21.040Z,"18 km SE of Ackerly, Texas",earthquake,1.33180655,1.208500314,0,7,reviewed,tx,tx
2022-08-26T09:40:49.629Z,31.7346472,-104.509911,5.308911133,2.7,ml,25,81,0.018786302,0.2,tx,tx2022qrtk,2022-11-01T15:14:18.040Z,"western Texas",earthquake,0.8940676994,0.5363017439,0.1,18,reviewed,tx,tx
2022-08-23T06:01:06.445Z,31.63598701,-104.4564395,7.699755859,2.5,ml,31,67,0.04996005331,0.4,tx,tx2022qlzp,2022-11-01T15:12:57.040Z,"60 km S of Whites City, New Mexico",earthquake,1.415483924,1.572311774,0.1,29,reviewed,tx,tx
2022-08-22T20:46:13.024Z,32.76397705,-100.6658489,7.849975586,2.6,ml,11,78,0.07917146585,0.2,tx,tx2022qlhi,2022-11-01T15:12:53.040Z,"16 km NNE of Hermleigh, Texas",earthquake,1.201291701,2.178615163,0.1,8,reviewed,tx,tx
2022-08-22T15:37:38.315Z,31.61081741,-103.9870993,7.288427734,2.8,ml,18,81,0.1307364914,0.3,tx,tx2022qkxa,2022-11-01T15:12:51.040Z,"37 km NNW of Toyah, Texas",earthquake,1.337947612,2.281015285,0.2,13,reviewed,tx,tx
2022-08-21T18:59:39.204Z,31.53103512,-104.1694828,7.596923828,2.5,ml,41,56,0.09862937257,0.2,tx,tx2022qjih,2022-11-01T15:12:45.040Z,"43 km WNW of Toyah, Texas",earthquake,0.8174907831,1.242997579,0.1,19,reviewed,tx,tx
2022-08-21T16:04:14.315Z,31.70822692,-104.1655251,8.033959961,2.6,ml,21,66,0.05067975147,0.2,tx,tx2022qjcn,2022-11-01T15:12:44.040Z,"53 km W of Mentone, Texas",earthquake,0.8056727452,0.9701358442,0.2,32,reviewed,tx,tx
2022-08-21T13:45:21.615Z,32.83905029,-100.9338081,3.301391602,3.2,ml,15,50,0.0318436719,0.2,tx,tx2022qixy,2023-06-28T00:05:12.554Z,"13 km N of Snyder, Texas",earthquake,1.063589224,1.647642037,0.1,8,reviewed,tx,tx
2022-08-20T09:44:57.438Z,32.83630371,-100.947742,5.624593099,2.8,ml,20,67,0.04179257544,0.2,tx,tx2022qgun,2022-11-01T15:12:32.040Z,"13 km NNW of Snyder, Texas",earthquake,0.7552395418,2.074859416,0.1,15,reviewed,tx,tx
2022-08-19T07:07:46.815Z,31.65894214,-104.3167179,7.596923828,2.5,ml,19,68,0.1160861974,0.2,tx,tx2022qetv,2022-10-28T02:27:05.040Z,"57 km S of Whites City, New Mexico",earthquake,0.9738334339,1.75276546,0,7,reviewed,tx,tx
2022-08-17T20:08:00.444Z,32.76763916,-100.6551305,7.801066081,2.752444994,mlv,16,56,0.06950794952,0.2,tx,tx2022qcco,2022-10-28T02:26:49.040Z,"17 km NNE of Hermleigh, Texas",earthquake,1.292002349,3.172109946,0.1979614731,8,reviewed,tx,tx
2022-08-17T11:19:56.192Z,32.77679443,-100.6529869,7.752156576,3.1,ml,17,56,0.06382544282,0.2,tx,tx2022qbld,2022-10-28T02:26:44.040Z,"18 km NNE of Hermleigh, Texas",earthquake,1.697447915,2.833886121,0,7,reviewed,tx,tx
2022-08-17T00:43:58.390Z,32.76580811,-100.6637052,6.235961914,3.803475183,mlv,24,63,0.07671484782,0.2,tx,tx2022qaqd,2022-10-28T02:26:34.040Z,"17 km NNE of Hermleigh, Texas",earthquake,1.311107902,1.855035703,0.154004079,14,reviewed,tx,tx
2022-08-16T12:29:29.608Z,32.76947021,-100.6572742,6.627237956,3,ml,16,63,0.07022048427,0.2,tx,tx2022pzrx,2022-10-28T02:26:25.040Z,"17 km NNE of Hermleigh, Texas",earthquake,1.145503369,1.675104681,0.1,7,reviewed,tx,tx
2022-08-15T23:45:27.601Z,31.1826293,-103.27053,4.383422852,2.9,ml,24,42,0.004483873738,0.4,tx,tx2022pysr,2022-10-28T02:26:14.040Z,"20 km WSW of Coyanosa, Texas",earthquake,0.8762132046,0.865527522,0.2,19,reviewed,tx,tx
2022-08-15T23:39:34.827Z,31.64647395,-104.4005707,6.979931641,3,ml,25,63,0.0882609369,0.3,tx,tx2022pysn,2022-10-28T02:26:14.040Z,"58 km S of Whites City, New Mexico",earthquake,1.18889288,1.455147569,0.1,19,reviewed,tx,tx
2022-08-15T13:22:16.235Z,32.7053833,-100.7130097,6.138142904,2.6,ml,19,57,0.1457457262,0.3,tx,tx2022pxye,2022-10-28T02:26:08.040Z,"8 km NNE of Hermleigh, Texas",earthquake,1.789382781,2.294169101,0.1,13,reviewed,tx,tx
2022-08-15T06:18:01.803Z,31.73513088,-104.1102169,8.085375977,3.3,ml,45,52,0.06793888697,0.3,tx,tx2022pxke,2022-10-28T02:26:03.040Z,"48 km W of Mentone, Texas",earthquake,0.6407108176,1.069282857,0.2,39,reviewed,tx,tx
2022-08-15T03:29:46.169Z,31.73835024,-104.1096973,7.519799805,2.6,ml,25,70,0.03886681969,0.2,tx,tx2022pxeq,2022-10-28T02:26:02.040Z,"48 km W of Mentone, Texas",earthquake,0.6027784387,0.7625083729,0.2,37,reviewed,tx,tx
2022-08-14T22:35:37.956Z,31.73742879,-104.1102305,8.39387207,2.7,ml,25,53,0.03892585292,0.3,tx,tx2022pwux,2022-10-28T02:26:00.040Z,"western Texas",earthquake,0.6269280536,0.8400873057,0.2,46,reviewed,tx,tx
2022-08-13T20:39:48.985Z,31.6161956,-104.2345968,7.905419922,2.9,ml,24,68,0.06121917109,0.4,tx,tx2022puvp,2022-10-28T02:25:45.040Z,"53 km NW of Toyah, Texas",earthquake,1.257101359,1.66270507,0.2,30,reviewed,tx,tx
2022-08-12T22:32:20.315Z,31.66934554,-104.3816673,7.879711914,2.7,ml,44,59,0.09957170221,0.3,tx,tx2022ptdv,2022-10-21T23:21:10.040Z,"56 km S of Whites City, New Mexico",earthquake,0.9234683291,1.142946417,0.1,27,reviewed,tx,tx
2022-08-12T15:32:08.077Z,31.68057231,-104.3868808,7.391259766,2.8,ml,22,53,0.09782631689,0.2,tx,tx2022pspy,2022-10-21T23:21:03.040Z,"54 km S of Whites City, New Mexico",earthquake,1.2010197,1.667973833,0,7,reviewed,tx,tx
2022-08-12T07:04:54.455Z,32.41973877,-101.591916,5.844685872,3.4,ml,23,57,0.05197295892,0.2,tx,tx2022przf,2022-10-21T23:20:53.040Z,"16 km SE of Ackerly, Texas",earthquake,1.38494926,1.419475029,0,6,reviewed,tx,tx
2022-08-12T03:35:36.244Z,31.68251678,-104.5053413,6.877099609,2.9,ml,37,79,0.01447490165,0.3,tx,tx2022prsh,2022-10-21T23:20:48.040Z,"56 km SSW of Whites City, New Mexico",earthquake,1.642819985,1.355395222,0.2,37,reviewed,tx,tx
2022-08-11T07:17:16.599Z,31.68330721,-104.4253993,6.645727539,4.5,ml,53,49,0.06591872267,0.2,tx,tx2022pqec,2022-10-21T23:20:28.040Z,"54 km S of Whites City, New Mexico",earthquake,0.8593897712,0.9692510966,0.1,28,reviewed,tx,tx
2022-08-10T23:41:53.460Z,31.68194653,-104.4226948,6.697143555,3.1,ml,36,50,0.06788676806,0.3,tx,tx2022pppc,2022-10-21T23:20:19.040Z,"54 km S of Whites City, New Mexico",earthquake,0.9600713812,1.05168012,0.1,24,reviewed,tx,tx
2022-08-10T03:55:12.407Z,31.6714,-104.4573,5,2.7,ml,46,58,0.037,0.44,us,us6000i9ly,2022-10-21T23:20:00.040Z,"56 km S of Whites City, New Mexico",earthquake,1.16,1.558,0.091,56,reviewed,us,us
2022-08-10T03:55:12.384Z,31.68286995,-104.4558137,6.671435547,2.931432504,mlv,43,55,0.04090320079,0.3,tx,tx2022pobw,2022-08-10T08:24:50.138Z,"55 km S of Whites City, New Mexico",earthquake,1.123330196,1.177299252,0.1645720855,31,reviewed,tx,tx
2022-08-09T20:07:56.847Z,31.67585811,-104.4051424,7.802587891,2.8,ml,31,56,0.08184626141,0.3,tx,tx2022pnmn,2022-10-21T23:19:54.040Z,"55 km S of Whites City, New Mexico",earthquake,1.153785936,1.260142057,0.1,21,reviewed,tx,tx
2022-08-09T16:09:58.290Z,31.66095032,-104.3646384,7.545507812,2.7,ml,19,69,0.0856992475,0.2,tx,tx2022pner,2022-10-21T23:19:48.040Z,"57 km S of Whites City, New Mexico",earthquake,1.045428227,1.241390584,0.2,12,reviewed,tx,tx
2022-08-09T12:02:28.265Z,32.4206543,-101.7344703,9.684082031,2.662551067,mlv,17,56,0.1090033613,0.2,tx,tx2022pmwn,2022-10-21T23:19:42.040Z,"11 km S of Ackerly, Texas",earthquake,1.434572817,2.390432326,0.1426709761,13,reviewed,tx,tx
2022-08-09T05:58:02.345Z,31.63100062,-104.3767558,6.157275391,2.6,ml,15,78,0.1036877837,0.2,tx,tx2022pmkm,2022-10-21T23:19:35.040Z,"60 km S of Whites City, New Mexico",earthquake,1.14486511,1.400937525,0.2,11,reviewed,tx,tx
2022-08-08T04:38:53.562Z,31.72959515,-104.1150319,7.879711914,3.1,ml,21,69,0.04032585445,0.3,tx,tx2022pkmj,2022-10-21T23:19:05.040Z,"48 km W of Mentone, Texas",earthquake,1.09851434,0.9510949524,0.1,23,reviewed,tx,tx
2022-08-07T21:24:44.284Z,31.98480086,-104.023391,7.905419922,2.7,ml,13,66,0.05021898492,0.2,tx,tx2022pjyb,2022-10-21T23:18:56.040Z,"26 km S of Malaga, New Mexico",earthquake,1.639202006,1.782984351,0.1,13,reviewed,tx,tx
2022-08-06T14:09:14.438Z,31.99731482,-103.8225015,7.905419922,2.7,ml,16,68,0.08403222489,0.2,tx,tx2022phof,2022-10-21T23:18:29.040Z,"34 km SE of Malaga, New Mexico",earthquake,1.247421784,1.409795225,0.2,15,reviewed,tx,tx
2022-08-05T10:19:55.463Z,32.85461426,-100.9263053,4.548583984,2.5,ml,11,56,0.01618691035,0.2,tx,tx2022pfld,2022-10-12T14:50:50.040Z,"15 km N of Snyder, Texas",earthquake,0.7123539427,1.246435076,0.1,9,reviewed,tx,tx
2022-08-04T14:45:18.611Z,31.67343001,-104.3897782,7.262719727,2.5,ml,24,57,0.09474550065,0.3,tx,tx2022pdyj,2022-10-12T14:50:35.040Z,"55 km S of Whites City, New Mexico",earthquake,1.031331208,1.23787465,0.1,15,reviewed,tx,tx
2022-08-04T05:51:57.861Z,31.72149605,-104.5170479,4.769042969,3.6,ml,24,82,0.03163549345,0.3,tx,tx2022pdgu,2022-10-12T14:50:28.040Z,"52 km SSW of Whites City, New Mexico",earthquake,2.261278207,1.344309631,0.2,21,reviewed,tx,tx
2022-08-04T01:42:20.060Z,31.67992836,-104.3427296,7.905419922,2.6,ml,20,65,0.1352038955,0.3,tx,tx2022pcyn,2022-10-12T14:50:21.040Z,"55 km S of Whites City, New Mexico",earthquake,1.135303979,2.322511657,0.1,22,reviewed,tx,tx
2022-08-02T14:07:42.307Z,31.69196756,-104.4015196,6.105859375,2.6,ml,16,64,0.08778269601,0.3,tx,tx2022pagd,2022-10-12T14:49:56.040Z,"53 km S of Whites City, New Mexico",earthquake,2.911690506,3.156333071,0.2,20,reviewed,tx,tx
2022-08-01T19:08:39.045Z,32.26501465,-101.9166825,6.896240234,2.7,ml,23,61,0.02864098393,0.2,tx,tx2022oyup,2022-10-12T14:49:39.040Z,"19 km NW of Stanton, Texas",earthquake,0.9283605497,1.38922283,0.2,18,reviewed,tx,tx
2022-08-01T06:29:21.004Z,31.4217989,-103.870275,4.614794922,2.6,ml,19,62,0.05146284203,0.3,tx,tx2022oxvn,2022-10-12T14:49:31.040Z,"13 km NNW of Toyah, Texas",earthquake,1.364040071,2.235188803,0.2,13,reviewed,tx,tx
2022-07-31T21:18:53.191Z,31.69832085,-104.480732,5.643115234,2.5,ml,15,65,0.06184861623,0.3,tx,tx2022oxdi,2022-10-12T14:49:23.040Z,"53 km S of Whites City, New Mexico",earthquake,3.136345605,2.356432038,0.1,12,reviewed,tx,tx
2022-07-31T19:19:03.699Z,31.6676906,-104.3889197,7.802587891,2.5,ml,15,69,0.09536092872,0.2,tx,tx2022owzj,2022-10-12T14:49:21.040Z,"56 km S of Whites City, New Mexico",earthquake,1.34759894,2.253621044,0.1,29,reviewed,tx,tx
2022-07-31T17:33:44.682Z,31.67394692,-104.2640841,8.008251953,2.5,ml,12,65,0.1052502159,0.2,tx,tx2022owvx,2022-10-12T14:49:18.040Z,"56 km S of Whites City, New Mexico",earthquake,1.098493034,1.658900453,0.2,8,reviewed,tx,tx
2022-07-31T06:58:57.703Z,32.4005127,-101.5865568,4.157307943,3.2,ml,45,52,0.03473776477,0.3,tx,tx2022owaz,2022-10-12T14:49:08.040Z,"18 km SE of Ackerly, Texas",earthquake,1.14556378,0.9232272456,0.2,25,reviewed,tx,tx
2022-07-30T16:52:05.474Z,31.99756136,-103.8141292,7.982543945,3,ml,23,43,0.1001647414,0.2,tx,tx2022ouzb,2022-10-12T14:48:53.040Z,"34 km SE of Malaga, New Mexico",earthquake,1.177324653,1.766981208,0.2,22,reviewed,tx,tx
2022-07-29T06:36:34.864Z,31.67303692,-104.4148067,7.699755859,2.5,ml,19,58,0.0734196399,0.3,tx,tx2022osjg,2022-10-01T22:09:28.040Z,"55 km S of Whites City, New Mexico",earthquake,1.531397723,1.580453556,0.1,20,reviewed,tx,tx
2022-07-29T03:14:06.749Z,31.68040593,-104.3769196,6.131567383,3.2,ml,20,68,0.09589917927,0.3,tx,tx2022osco,2022-10-01T22:09:28.040Z,"54 km S of Whites City, New Mexico",earthquake,1.028649937,1.099979957,0.2,16,reviewed,tx,tx
2022-07-28T23:36:19.050Z,31.68339142,-104.377215,4.923291016,2.6,ml,15,60,0.09646864571,0.2,tx,tx2022orvj,2022-10-01T22:09:28.040Z,"54 km S of Whites City, New Mexico",earthquake,1.374338878,1.710492715,0.2,11,reviewed,tx,tx
2022-07-28T18:03:57.390Z,31.66212021,-104.3974822,7.596923828,3.2,ml,20,63,0.1134312904,0.2,tx,tx2022orkk,2022-10-01T22:09:27.040Z,"56 km S of Whites City, New Mexico",earthquake,1.10147496,1.74124322,0.1,15,reviewed,tx,tx
2022-07-28T17:24:57.781Z,31.66710223,-104.373035,7.005639648,3.3,ml,28,60,0.09229805348,0.3,tx,tx2022orjd,2022-10-01T22:09:27.040Z,"56 km S of Whites City, New Mexico",earthquake,0.9638174898,1.031643423,0.2,19,reviewed,tx,tx
2022-07-28T17:12:01.313Z,31.6743905,-104.3833268,7.211303711,4.2,ml,50,56,0.1002891581,0.2,tx,tx2022orir,2022-10-01T22:09:26.040Z,"55 km S of Whites City, New Mexico",earthquake,0.7221947565,0.8162522753,0.2,37,reviewed,tx,tx
2022-07-28T12:48:42.817Z,31.67874093,-104.3857878,7.802587891,3.1,ml,20,58,0.09854602337,0.2,tx,tx2022oraa,2022-10-01T22:09:26.040Z,"55 km S of Whites City, New Mexico",earthquake,1.41141872,1.326173142,0.1,12,reviewed,tx,tx
2022-07-28T08:55:36.158Z,31.66523497,-104.4131203,6.208691406,2.8,ml,16,81,0.3828378217,0.2,tx,tx2022oqsh,2022-10-01T22:09:26.040Z,"56 km S of Whites City, New Mexico",earthquake,1.965345488,4.953985156,0.2,17,reviewed,tx,tx
2022-07-27T14:41:56.001Z,31.64978213,-104.3112617,6.157275391,3.3,ml,17,63,0.1167601573,0.2,tx,tx2022opif,2022-10-01T22:09:24.040Z,"58 km S of Whites City, New Mexico",earthquake,1.413273445,2.454592276,0.2,15,reviewed,tx,tx
2022-07-27T06:30:37.812Z,31.67171146,-104.3709219,7.622631836,3.7,ml,19,69,0.09038432875,0.3,tx,tx2022oosa,2022-10-01T22:09:22.040Z,"55 km S of Whites City, New Mexico",earthquake,0.9352424874,1.189345463,0.2,18,reviewed,tx,tx
2022-07-27T05:44:02.928Z,31.69309997,-104.3681467,7.031347656,2.8,ml,13,90,0.1156847232,0.2,tx,tx2022ooqm,2022-10-01T22:09:22.040Z,"53 km S of Whites City, New Mexico",earthquake,1.414212441,2.076076652,0.2,9,reviewed,tx,tx
2022-07-27T05:35:26.459Z,31.67955447,-104.366145,7.828295898,3.7,ml,24,60,0.08667507968,0.2,tx,tx2022ooqf,2022-10-01T22:09:22.040Z,"55 km S of Whites City, New Mexico",earthquake,0.9155472437,1.147866571,0.1,19,reviewed,tx,tx
2022-07-26T20:13:05.342Z,31.68124458,-104.4245726,7.905419922,2.6,ml,24,65,0.06618015184,0.3,tx,tx2022onxq,2022-10-01T22:09:20.040Z,"55 km S of Whites City, New Mexico",earthquake,1.602202237,1.922574016,0.1,19,reviewed,tx,tx
2022-07-26T14:05:56.584Z,31.66881307,-104.3566319,6.157275391,3.1,ml,16,66,0.1154764562,0.5,tx,tx2022onll,2022-10-01T22:09:54.040Z,"56 km S of Whites City, New Mexico",earthquake,3.399859414,3.047382863,0.1,13,reviewed,tx,tx
2022-07-25T23:13:31.585Z,31.6695081,-104.3921656,7.288427734,2.5,ml,14,69,0.09259288127,0.2,tx,tx2022omic,2022-10-01T22:09:52.040Z,"56 km S of Whites City, New Mexico",earthquake,1.137017528,1.727442625,0,6,reviewed,tx,tx
2022-07-25T20:54:24.766Z,31.67206767,-104.4223342,7.288427734,2.5,ml,17,70,0.1128427224,0.4,tx,tx2022omdn,2022-10-01T22:09:52.040Z,"56 km S of Whites City, New Mexico",earthquake,2.220278311,1.977802438,0.1,25,reviewed,tx,tx
2022-07-25T06:18:31.934Z,32.38677979,-101.6154964,7.70324707,3.3,ml,16,62,0.02111812615,0.2,tx,tx2022olaq,2022-10-01T22:09:49.040Z,"18 km SSE of Ackerly, Texas",earthquake,1.171433991,2.436414302,0.2,15,reviewed,tx,tx
2022-07-24T22:39:59.167Z,31.63566395,-104.3660346,7.802587891,3,ml,19,72,0.1491993031,0.2,tx,tx2022okll,2022-10-01T22:09:48.040Z,"59 km S of Whites City, New Mexico",earthquake,1.938883594,2.253286821,0.2,18,reviewed,tx,tx
2022-07-24T14:00:42.036Z,31.68887204,-104.3826472,5.128955078,2.9,ml,21,67,0.1018506892,0.2,tx,tx2022ojuj,2022-10-01T22:09:48.040Z,"53 km S of Whites City, New Mexico",earthquake,1.15701912,1.391549455,0.2,14,reviewed,tx,tx
2022-07-24T10:33:46.304Z,31.66395848,-104.3974988,6.979931641,2.6,ml,19,85,0.08816690505,0.4,tx,tx2022ojnn,2022-10-01T22:09:47.040Z,"56 km S of Whites City, New Mexico",earthquake,1.712430999,1.768247205,0.1,12,reviewed,tx,tx
2022-07-24T08:43:49.626Z,31.60347113,-103.984914,7.185595703,2.5,ml,16,72,0.1373522766,0.2,tx,tx2022ojjx,2022-10-01T22:09:47.040Z,"36 km NNW of Toyah, Texas",earthquake,1.26883548,2.228759095,0.2,36,reviewed,tx,tx
2022-07-23T18:47:33.724Z,31.55632374,-104.1161523,7.262719727,3.4,ml,23,88,0.05719262591,0.2,tx,tx2022oiif,2022-10-01T22:09:45.040Z,"40 km NW of Toyah, Texas",earthquake,1.373856273,0.971993509,0.2,18,reviewed,tx,tx
2022-07-22T13:34:03.356Z,31.71689843,-104.3085718,8.008251953,2.6,ml,16,73,0.05762010468,0.1,tx,tx2022ogcm,2022-09-27T16:57:15.040Z,"51 km S of Whites City, New Mexico",earthquake,1.667048313,1.343147923,0.2,19,reviewed,tx,tx
2022-07-22T07:37:02.685Z,33.19244385,-100.8716416,7.996704102,3.1,ml,13,98,0.1029837576,0.2,tx,tx2022ofqt,2022-09-27T16:57:14.040Z,"27 km SW of Girard, Texas",earthquake,0.9301751043,1.676032942,0.1,11,reviewed,tx,tx
2022-07-22T07:15:58.701Z,31.60048117,-103.9857073,7.828295898,3.2,ml,22,60,0.1280765042,0.2,tx,tx2022ofpz,2022-09-27T16:57:14.040Z,"36 km NNW of Toyah, Texas",earthquake,1.206003969,1.985307731,0.2,38,reviewed,tx,tx
2022-07-21T17:46:45.302Z,31.61908995,-103.9871371,6.157275391,2.5,ml,11,74,0.1018457747,0.2,tx,tx2022oepi,2022-09-27T16:57:12.040Z,"37 km WSW of Mentone, Texas",earthquake,1.922830202,2.06174552,0.1,9,reviewed,tx,tx
2022-07-21T16:47:18.841Z,31.67750347,-104.3995047,7.10847168,2.7,ml,18,69,0.08678761862,0.2,tx,tx2022oenl,2022-09-27T16:57:12.040Z,"55 km S of Whites City, New Mexico",earthquake,0.9599718485,1.430903199,0.1,18,reviewed,tx,tx
2022-07-21T16:39:14.031Z,31.59977304,-103.9913518,7.905419922,2.9,ml,16,61,0.08141395958,0.3,tx,tx2022oend,2022-09-27T16:57:12.040Z,"36 km NNW of Toyah, Texas",earthquake,1.21536096,1.91482284,0.2,13,reviewed,tx,tx
2022-07-21T14:41:00.256Z,31.66668085,-104.4029061,6.877099609,2.9,ml,11,86,0.08345519893,0.3,tx,tx2022oeje,2022-09-27T16:57:12.040Z,"56 km S of Whites City, New Mexico",earthquake,1.510100335,1.80042359,0.1,8,reviewed,tx,tx
2022-07-21T13:35:58.088Z,31.68011905,-104.4210628,5.92590332,4.9,ml,24,69,0.06892191598,0.2,tx,tx2022oeha,2022-09-27T16:57:12.040Z,"55 km S of Whites City, New Mexico",earthquake,1.081627489,1.306781453,0.2,15,reviewed,tx,tx
2022-07-21T09:31:45.565Z,31.90010607,-103.9198979,6.105859375,2.7,ml,17,65,0.1072315077,0.2,tx,tx2022odyz,2022-09-27T16:57:11.040Z,"37 km NW of Mentone, Texas",earthquake,0.9708806655,2.381984212,0.1,25,reviewed,tx,tx
2022-07-21T07:36:16.199Z,31.65318824,-104.3928273,6.851391602,3.2,ml,32,79,0.09331783564,0.3,tx,tx2022odve,2022-09-27T16:57:11.040Z,"57 km S of Whites City, New Mexico",earthquake,1.15902821,1.14936575,0.2,24,reviewed,tx,tx
2022-07-21T06:00:53.226Z,31.68242764,-104.419469,4.486254883,3.2,ml,14,93,0.07067760424,0.1,tx,tx2022odsa,2022-09-27T16:57:11.040Z,"54 km S of Whites City, New Mexico",earthquake,1.01531337,1.531450583,0.1,20,reviewed,tx,tx
2022-07-21T05:48:27.593Z,31.67828438,-104.4205075,6.080151367,3.2,ml,14,89,0.0691074388,0.3,tx,tx2022odrp,2022-09-27T16:57:11.040Z,"55 km S of Whites City, New Mexico",earthquake,1.236199606,1.534881113,0.1,11,reviewed,tx,tx
2022-07-21T05:43:26.895Z,31.67759682,-104.420232,6.054443359,3,ml,14,89,0.06924723654,0.2,tx,tx2022odrm,2022-09-27T16:57:11.040Z,"55 km S of Whites City, New Mexico",earthquake,1.400156233,1.712267654,0.1,11,reviewed,tx,tx
2022-07-20T03:36:45.603Z,31.60756244,-103.9983809,6.311523438,2.6,ml,11,111,0.1976003366,0.3,tx,tx2022obrt,2022-09-27T16:57:08.040Z,"37 km NNW of Toyah, Texas",earthquake,1.827757885,2.981707123,0.2,19,reviewed,tx,tx
2022-07-20T03:27:06.794Z,31.6036696,-103.9943283,9.113696289,3.1,ml,19,77,0.07677631739,0.2,tx,tx2022obrm,2022-09-27T16:57:08.040Z,"37 km NNW of Toyah, Texas",earthquake,0.9666759913,1.275955619,0.2,14,reviewed,tx,tx
2022-07-18T17:59:42.327Z,31.55917074,-104.0363274,7.596923828,3,ml,22,69,0.1125188106,0.3,tx,tx2022nzdg,2022-09-27T16:57:00.040Z,"35 km NW of Toyah, Texas",earthquake,1.438331354,1.650245461,0.2,21,reviewed,tx,tx
2022-07-17T06:30:11.617Z,32.69348145,-100.6090415,6.798421224,3,ml,23,42,0.1105426629,0.2,tx,tx2022nwkz,2022-09-27T16:56:55.040Z,"15 km ENE of Hermleigh, Texas",earthquake,1.138525678,1.536704737,0.1,13,reviewed,tx,tx
2022-07-16T21:36:41.680Z,31.73789295,-104.1091559,6.594311523,2.6,ml,16,76,0.0672086114,0.2,tx,tx2022nvtk,2022-09-27T16:56:54.040Z,"48 km W of Mentone, Texas",earthquake,0.814739549,1.276018168,0.2,14,reviewed,tx,tx
2022-07-16T18:04:37.266Z,31.61450557,-104.1060083,7.956835937,2.5,ml,16,70,0.08245129432,0.2,tx,tx2022nvmj,2022-09-27T16:56:53.040Z,"44 km NW of Toyah, Texas",earthquake,0.7153406642,1.08999798,0.2,13,reviewed,tx,tx
2022-07-16T17:03:27.358Z,31.65887722,-104.3654279,7.57121582,3.4,ml,22,79,0.08664910898,0.2,tx,tx2022nvkk,2022-09-27T16:56:53.040Z,"57 km S of Whites City, New Mexico",earthquake,1.021386184,1.25806629,0.2,15,reviewed,tx,tx
2022-07-15T16:25:50.484Z,31.69492547,-104.2933186,7.699755859,2.8,ml,18,83,0.1787903085,0.3,tx,tx2022ntnq,2022-09-24T21:25:32.040Z,"53 km S of Whites City, New Mexico",earthquake,1.338077542,2.036626955,0.2,11,reviewed,tx,tx
2022-07-15T13:23:29.243Z,31.67481786,-104.4234363,6.157275391,3.2,ml,25,83,0.06622107952,0.2,tx,tx2022nthp,2022-09-24T21:25:33.040Z,"55 km S of Whites City, New Mexico",earthquake,1.15211292,1.438215701,0.1,19,reviewed,tx,tx
2022-07-15T05:47:46.640Z,31.67037843,-104.3997097,7.699755859,2.7,ml,15,84,0.08617492266,0.2,tx,tx2022nssp,2022-09-24T21:25:35.040Z,"56 km S of Whites City, New Mexico",earthquake,1.335270416,1.624362219,0.1,21,reviewed,tx,tx
2022-07-15T05:10:55.796Z,31.65095079,-104.2238153,6.131567383,2.6,ml,14,65,0.1083466133,0.3,tx,tx2022nsrj,2022-09-24T21:25:35.040Z,"55 km NW of Toyah, Texas",earthquake,1.212534834,1.907508512,1,12,reviewed,tx,tx
2022-07-15T05:00:23.369Z,31.68051685,-104.3954941,8.008251953,2.5,ml,18,88,0.09053617607,0.2,tx,tx2022nsra,2022-09-24T21:25:35.040Z,"54 km S of Whites City, New Mexico",earthquake,2.330851099,1.705017636,0.1,14,reviewed,tx,tx
2022-07-15T04:58:03.738Z,31.66858202,-104.3932339,6.671435547,2.5,ml,14,60,0.09167806938,0.3,tx,tx2022nsqy,2022-09-24T21:25:35.040Z,"56 km S of Whites City, New Mexico",earthquake,1.502634541,2.138916408,0.2,13,reviewed,tx,tx
2022-07-12T00:37:32.564Z,31.61944677,-104.1323993,6.157275391,2.5,ml,15,60,0.09716650289,0.2,tx,tx2022nmvv,2022-09-24T21:25:54.040Z,"46 km NW of Toyah, Texas",earthquake,1.132123904,1.796727973,0.2,12,reviewed,tx,tx
2022-07-11T08:25:45.268Z,31.72271052,-104.5081732,6.131567383,2.8,ml,58,82,0.03080873891,0.3,tx,tx2022nlpv,2022-09-24T21:25:57.040Z,"51 km SSW of Whites City, New Mexico",earthquake,1.018550431,0.7928997156,0.1,42,reviewed,tx,tx
2022-07-11T03:08:44.592Z,31.67949929,-104.4105591,6.979931641,2.6,ml,17,69,0.07767476271,0.3,tx,tx2022nlfj,2022-09-24T21:25:58.040Z,"55 km S of Whites City, New Mexico",earthquake,1.766253833,1.847593747,0.1,13,reviewed,tx,tx
2022-07-11T00:04:20.382Z,31.65713426,-104.227896,7.237011719,2.6,ml,13,85,0.1842893076,0.3,tx,tx2022nkzg,2022-09-24T21:25:59.040Z,"56 km NW of Toyah, Texas",earthquake,1.361701009,1.92325839,0.2,11,reviewed,tx,tx
2022-07-10T18:50:27.094Z,31.0580245,-103.3631632,4.923291016,2.5,ml,14,64,0.1165900869,0.3,tx,tx2022nkov,2022-09-24T21:26:01.040Z,"35 km SW of Coyanosa, Texas",earthquake,2.186032146,4.96760269,0.2,19,reviewed,tx,tx
2022-07-09T12:09:58.921Z,31.73356217,-104.100781,6.157275391,2.5,ml,14,85,0.1329080802,0.2,tx,tx2022nige,2022-09-24T21:26:07.040Z,"47 km W of Mentone, Texas",earthquake,0.9870354335,2.040860054,0.2,18,reviewed,tx,tx
2022-07-07T12:18:13.656Z,31.65878975,-104.2623549,6.414355469,2.5,ml,15,58,0.1835223956,0.2,tx,tx2022nepl,2022-09-13T06:23:30.040Z,"58 km S of Whites City, New Mexico",earthquake,1.030054369,2.49716847,0.2,12,reviewed,tx,tx
2022-07-07T09:47:09.343Z,31.59879521,-104.0085595,7.391259766,2.5,ml,14,75,0.129343874,0.3,tx,tx2022nekl,2022-09-13T06:23:27.040Z,"37 km NNW of Toyah, Texas",earthquake,1.630027827,2.050693741,0.2,13,reviewed,tx,tx
2022-07-06T10:56:05.836Z,31.65718511,-104.3027097,7.905419922,2.5,ml,14,59,0.1070524168,0.2,tx,tx2022ncre,2022-09-13T06:23:00.040Z,"western Texas",earthquake,1.389202763,1.921722418,0.2,10,reviewed,tx,tx
2022-07-06T09:18:25.901Z,31.65308288,-104.2967568,6.208691406,2.5,ml,9,89,0.1746351886,0.2,tx,tx2022ncnz,2022-09-13T06:22:59.040Z,"58 km S of Whites City, New Mexico",earthquake,1.220634917,2.628392529,0.2,9,reviewed,tx,tx
2022-07-04T02:46:43.321Z,31.61053782,-104.0018916,9.936352539,2.8,ml,17,88,0.06773033541,0.1,tx,tx2022mykb,2022-09-13T06:21:46.040Z,"38 km NNW of Toyah, Texas",earthquake,0.7746325196,0.8950999498,0.2,12,reviewed,tx,tx
2022-07-04T02:43:58.920Z,31.67217441,-104.3703876,8.033959961,2.7,ml,48,57,0.08993038381,0.3,tx,tx2022myjz,2022-09-13T06:21:45.040Z,"55 km S of Whites City, New Mexico",earthquake,0.8722036552,0.9621697611,0.2,36,reviewed,tx,tx
2022-07-04T01:22:21.362Z,31.67270827,-104.4296075,7.674047852,3,ml,24,70,0.0608066339,0.2,tx,tx2022myhh,2022-09-13T06:21:43.040Z,"55 km S of Whites City, New Mexico",earthquake,0.9038455439,1.169812784,0.1,16,reviewed,tx,tx
2022-07-03T18:52:54.755Z,31.676323,-104.4719011,4.820458984,2.5,ml,14,82,0.02579818224,0.2,tx,tx2022mxul,2022-09-13T06:21:38.040Z,"56 km S of Whites City, New Mexico",earthquake,2.8802105,3.017973879,0.2,9,reviewed,tx,tx
2022-07-03T09:23:07.891Z,31.68667755,-104.2889465,8.008251953,2.5,ml,20,89,0.02546104921,0.3,tx,tx2022mxbr,2022-09-13T06:21:28.040Z,"54 km S of Whites City, New Mexico",earthquake,1.516705839,1.391509017,0.2,15,reviewed,tx,tx
2022-07-03T06:29:41.278Z,31.64716032,-104.2875612,7.288427734,2.5,ml,15,73,0.1124930377,0.2,tx,tx2022mwvy,2022-09-13T06:21:25.040Z,"59 km S of Whites City, New Mexico",earthquake,1.343690299,2.423895673,0.1,13,reviewed,tx,tx
2022-07-03T02:11:19.166Z,31.5511715,-104.1381637,7.879711914,2.5,ml,18,67,0.07363265662,0.3,tx,tx2022mwnk,2022-09-13T06:21:20.040Z,"41 km NW of Toyah, Texas",earthquake,1.191689931,1.65857211,0.2,13,reviewed,tx,tx
2022-07-02T14:24:11.227Z,31.59897174,-104.3538841,7.905419922,2.6,ml,18,89,0.105129386,0.4,tx,tx2022mvqb,2022-09-13T06:20:59.040Z,"61 km WNW of Toyah, Texas",earthquake,1.870511646,1.930958028,0.2,13,reviewed,tx,tx
2022-07-02T00:04:03.033Z,31.64553205,-104.2910465,8.702368164,3.2,ml,19,68,0.03433450305,0.2,tx,tx2022munt,2022-09-13T06:20:36.040Z,"59 km S of Whites City, New Mexico",earthquake,0.8182674155,0.9685883661,0.1,15,reviewed,tx,tx
2022-07-01T06:04:49.200Z,31.72407919,-104.2986652,5.823071289,2.9,ml,10,101,0.04925918785,0.2,tx,tx2022mtec,2022-09-03T21:03:24.040Z,"50 km S of Whites City, New Mexico",earthquake,1.324081855,1.001908737,0.2,16,reviewed,tx,tx
2022-06-30T10:14:04.218Z,31.63367797,-104.4580316,7.442675781,2.5,ml,48,67,0.05051459983,0.3,tx,tx2022mrqv,2022-09-03T21:03:25.040Z,"60 km S of Whites City, New Mexico",earthquake,1.108091639,1.412407022,0.2,33,reviewed,tx,tx
2022-06-30T09:06:59.153Z,31.59768044,-103.9986035,7.93112793,2.6,ml,16,53,0.13748035,0.2,tx,tx2022mrop,2022-09-03T21:03:20.040Z,"36 km NNW of Toyah, Texas",earthquake,0.9677005151,1.590337552,0.2,8,reviewed,tx,tx
2022-06-30T04:24:25.569Z,31.68400918,-104.4235215,5.334619141,2.7,ml,16,58,0.06763674073,0.3,tx,tx2022mrfh,2022-09-03T21:03:19.040Z,"54 km S of Whites City, New Mexico",earthquake,1.395450122,1.616687996,0.2,12,reviewed,tx,tx
2022-06-29T18:36:01.663Z,31.60898616,-103.9849391,9.345068359,3.3,ml,15,68,0.01384057921,0.2,tx,tx2022mqlx,2022-09-03T21:03:31.040Z,"37 km NNW of Toyah, Texas",earthquake,1.235035822,1.597923786,0.1,6,reviewed,tx,tx
2022-06-29T18:35:54.290Z,31.61153236,-103.9793022,9.833520508,3.2,ml,39,55,0.07724406324,0.1,tx,tx2022mqlw,2022-09-03T21:03:18.040Z,"37 km NNW of Toyah, Texas",earthquake,0.611889171,0.6296480257,0.1,22,reviewed,tx,tx
2022-06-29T00:00:53.771Z,31.56159148,-104.1202162,7.185595703,2.7,ml,20,88,0.06248988844,0.2,tx,tx2022mpbc,2022-09-03T21:03:47.040Z,"41 km NW of Toyah, Texas",earthquake,1.716144084,1.735201772,0.2,15,reviewed,tx,tx
2022-06-28T02:47:28.131Z,31.68502825,-104.408456,7.699755859,2.7,ml,18,56,0.08039653196,0.3,tx,tx2022mnlb,2022-09-03T21:03:44.040Z,"54 km S of Whites City, New Mexico",earthquake,1.77517471,2.010590253,0.1,10,reviewed,tx,tx
2022-06-27T17:23:18.613Z,31.55528839,-104.1424902,7.725463867,2.6,ml,20,64,0.07821134681,0.2,tx,tx2022mmsl,2022-09-03T21:03:43.040Z,"42 km NW of Toyah, Texas",earthquake,0.9560712234,1.390350618,0.2,15,reviewed,tx,tx
2022-06-27T07:30:27.210Z,31.69057833,-104.4031223,6.157275391,2.6,ml,17,83,0.08610099177,0.2,tx,tx2022mlyx,2022-09-03T21:03:43.040Z,"western Texas",earthquake,1.625776927,1.977787781,0.1,12,reviewed,tx,tx
2022-06-26T09:23:53.429Z,31.67611945,-104.3642311,7.596923828,2.7,ml,26,59,0.1166429446,0.3,tx,tx2022mkhd,2022-09-03T21:03:40.040Z,"55 km S of Whites City, New Mexico",earthquake,1.160119244,2.415888776,0.2,38,reviewed,tx,tx
2022-06-25T19:29:37.034Z,31.60994719,-103.9720328,9.139404297,2.6,ml,34,57,0.002826129673,0.2,tx,tx2022mjfq,2022-09-03T21:03:39.040Z,"36 km NNW of Toyah, Texas",earthquake,0.7399851324,0.6479379655,0.1,19,reviewed,tx,tx
2022-06-25T17:05:09.959Z,31.41481601,-103.5352746,7.905419922,3,ml,17,72,0.0386679052,0.3,tx,tx2022mjaw,2022-11-17T00:36:34.738Z,"4 km WSW of Pecos, Texas",earthquake,1.813316397,3.183471612,0.2,10,reviewed,tx,tx
2022-06-25T03:17:13.700Z,31.66013015,-104.3853538,6.080151367,2.8,ml,18,64,0.09876546596,0.2,tx,tx2022mhzo,2022-09-03T21:03:36.040Z,"57 km S of Whites City, New Mexico",earthquake,0.9207575128,1.120409148,0.2,13,reviewed,tx,tx
2022-06-24T11:54:17.303Z,31.16891202,-103.2065887,3.894970703,2.5,ml,21,50,0.03249827084,0.4,tx,tx2022mgvc,2022-08-28T03:21:03.040Z,"15 km WSW of Coyanosa, Texas",earthquake,1.409323232,2.249995332,0.2,12,reviewed,tx,tx
2022-06-22T11:20:32.554Z,31.60707147,-104.0075234,7.905419922,2.6,ml,19,63,0.1400173386,0.3,tx,tx2022mdcz,2022-08-28T03:20:11.040Z,"38 km NNW of Toyah, Texas",earthquake,1.316488,1.99226186,0.2,14,reviewed,tx,tx
2022-06-22T08:12:57.472Z,31.61055976,-103.9954363,8.75378418,2.8,ml,26,49,0.07026810245,0.1,tx,tx2022mcwu,2022-08-28T03:20:07.040Z,"38 km NNW of Toyah, Texas",earthquake,0.7108621569,0.7830004732,0.1,9,reviewed,tx,tx
2022-06-22T06:14:27.097Z,32.2993,-104.6071,5,2.9,ml,32,72,0.606,0.46,us,us7000hj8m,2022-08-28T03:20:04.040Z,"25 km WNW of Whites City, New Mexico",earthquake,1.7,1.8,0.05,52,reviewed,us,us
2022-06-20T00:47:55.346Z,31.56871551,-104.1708038,7.288427734,2.7,ml,11,68,0.1052597511,0.2,tx,tx2022lyrc,2022-08-28T03:19:01.040Z,"45 km NW of Toyah, Texas",earthquake,1.634620357,2.212733818,0.2,13,reviewed,tx,tx
2022-06-19T20:44:34.775Z,31.68360582,-104.449091,5.154663086,2.9,ml,21,70,0.04654872241,0.3,tx,tx2022lyjb,2022-08-28T03:18:54.040Z,"54 km S of Whites City, New Mexico",earthquake,1.354194708,1.320094375,0.2,12,reviewed,tx,tx
2022-06-19T16:18:05.027Z,31.73379083,-104.1010517,7.674047852,2.6,ml,22,58,0.04752300083,0.2,tx,tx2022lyah,2022-08-28T03:18:50.040Z,"47 km W of Mentone, Texas",earthquake,0.7445350997,0.824705592,0.2,15,reviewed,tx,tx
2022-06-19T07:36:01.651Z,31.62758426,-104.2952103,7.519799805,3.3,ml,26,59,0.05110797906,0.2,tx,tx2022lxjc,2022-08-28T03:18:39.040Z,"58 km NW of Toyah, Texas",earthquake,1.052342042,1.463155259,0.1,10,reviewed,tx,tx
2022-06-18T12:43:34.699Z,31.07871877,-103.2521254,3.098022461,3.2,ml,36,63,0.04635922177,0.3,tx,tx2022lvxs,2022-08-28T03:18:25.040Z,"25 km SW of Coyanosa, Texas",earthquake,1.033736738,1.513518451,0.1,14,reviewed,tx,tx
2022-06-17T07:48:29.433Z,31.67720399,-104.4772932,2.866650391,2.6,ml,23,80,0.02179095736,0.3,tx,tx2022ltsl,2022-08-21T00:18:09.040Z,"56 km S of Whites City, New Mexico",earthquake,3.101118598,1.491498197,0.2,18,reviewed,tx,tx
2022-06-17T01:48:37.164Z,32.39776611,-101.6433641,7.556518555,2.5,ml,16,82,0.4404411563,0.2,tx,tx2022ltgq,2022-08-21T00:18:05.040Z,"15 km SSE of Ackerly, Texas",earthquake,1.13077718,4.244065606,0.2,12,reviewed,tx,tx
2022-06-16T19:56:07.917Z,32.39227295,-101.6433641,8.436889648,3.6,ml,25,57,0.1584760193,0.2,tx,tx2022lsuz,2022-08-21T00:18:01.040Z,"16 km SSE of Ackerly, Texas",earthquake,1.286551483,2.96183116,0.1,13,reviewed,tx,tx
2022-06-16T19:39:12.802Z,32.38311768,-101.611209,8.045613607,2.7,ml,10,89,0.1818756684,0.1,tx,tx2022lsuk,2022-08-21T00:18:01.040Z,"18 km SSE of Ackerly, Texas",earthquake,1.005789795,3.376439096,0.2,9,reviewed,tx,tx
2022-06-16T11:39:43.145Z,31.68055343,-104.4248354,6.131567383,2.9,ml,20,89,0.06583107895,0.4,tx,tx2022lsep,2022-08-21T00:17:52.040Z,"55 km S of Whites City, New Mexico",earthquake,1.098957421,1.273109052,0.1,12,reviewed,tx,tx
2022-06-16T03:48:55.233Z,31.63152718,-104.1542654,7.828295898,2.5,ml,17,73,0.1025211232,0.3,tx,tx2022lrpb,2022-08-21T00:17:46.040Z,"49 km NW of Toyah, Texas",earthquake,0.9629291861,1.622899781,0.2,13,reviewed,tx,tx
2022-06-15T09:45:05.456Z,32.21008301,-103.1042778,4.352945964,2.5,ml,10,80,0.1061405014,0.3,tx,tx2022lqfh,2022-08-21T00:17:28.040Z,"13 km NE of Jal, New Mexico",earthquake,1.483142759,2.321252475,0.2,8,reviewed,tx,tx
2022-06-15T07:26:54.047Z,32.8225708,-100.9423828,3.790486654,2.5,ml,13,63,0.04953112557,0.1,tx,tx2022lqau,2024-01-04T20:41:36.736Z,"11 km NNW of Snyder, Texas",earthquake,0.8388408202,1.477413698,0.2,10,reviewed,tx,tx
2022-06-15T07:14:53.287Z,32.82806396,-100.9338081,3.839396159,3.1,ml,31,52,0.04116700873,0.2,tx,tx2022lqaj,2022-08-21T00:17:27.040Z,"western Texas",earthquake,0.8359660539,1.341720074,0.1,13,reviewed,tx,tx
2022-06-14T02:41:08.777Z,32.00719325,-103.8238803,9.57644043,2.9,ml,29,48,0.08105510101,0.1,tx,tx2022lnvv,2022-08-21T00:17:00.040Z,"33 km SE of Malaga, New Mexico",earthquake,0.7215818926,1.01073684,0.2,15,reviewed,tx,tx
2022-06-14T02:16:21.275Z,31.68403074,-104.4202914,6.054443359,2.8,ml,19,56,0.07032517641,0.3,tx,tx2022lnva,2022-08-21T00:16:58.040Z,"54 km S of Whites City, New Mexico",earthquake,1.542427078,1.591304578,0.1,10,reviewed,tx,tx
2022-06-13T02:44:06.669Z,31.55640129,-104.0395391,7.699755859,2.8,ml,13,74,0.1153270888,0.3,tx,tx2022lmak,2022-08-21T00:16:41.040Z,"35 km NW of Toyah, Texas",earthquake,1.434454065,2.282275378,0.2,10,reviewed,tx,tx
2022-06-12T11:22:27.455Z,30.89470687,-103.4139525,2.789526367,2.9,ml,31,65,0.08072113165,0.3,tx,tx2022lkwa,2022-08-21T00:16:25.040Z,"33 km ESE of Balmorhea, Texas",earthquake,0.8296335845,1.364453508,0.1,15,reviewed,tx,tx
2022-06-12T11:15:17.848Z,31.66586614,-104.3867503,7.082763672,2.9,ml,19,85,0.09724549525,0.3,tx,tx2022lkvu,2022-08-21T00:16:24.040Z,"56 km S of Whites City, New Mexico",earthquake,1.139834752,1.415347018,0.1,14,reviewed,tx,tx
2022-06-11T08:24:07.319Z,32.4105835,-101.6069217,3.252482096,2.8,ml,12,81,0.4626649148,0.1,tx,tx2022liuq,2022-08-21T00:15:55.040Z,"16 km SE of Ackerly, Texas",earthquake,1.483050022,5.008044515,0.1,10,reviewed,tx,tx
2022-06-11T04:16:42.855Z,31.60337867,-104.384045,7.494091797,2.6,ml,14,64,0.1224527683,0.2,tx,tx2022limm,2022-08-21T00:15:50.040Z,"63 km S of Whites City, New Mexico",earthquake,1.071504718,2.018110955,0.2,10,reviewed,tx,tx
2022-06-10T07:35:38.285Z,32.30072021,-101.7977087,7.898885091,3.3,ml,14,79,0.04277755648,0.2,tx,tx2022lgxq,2022-08-13T21:51:50.040Z,"19 km N of Stanton, Texas",earthquake,1.039045554,0.9862050699,0.1,11,reviewed,tx,tx
2022-06-10T07:35:02.107Z,32.29797363,-101.7880621,7.580973307,2.6,ml,18,58,0.03306026578,0.3,tx,tx2022lgxn,2022-08-13T21:51:50.040Z,"18 km N of Stanton, Texas",earthquake,1.108119893,1.029176689,0.2,12,reviewed,tx,tx
2022-06-09T15:05:05.041Z,31.60351641,-103.9709286,7.905419922,2.5,ml,13,88,0.1176518517,0.2,tx,tx2022lfqw,2022-08-13T21:51:47.040Z,"36 km NNW of Toyah, Texas",earthquake,2.5595022,2.494695275,0.2,9,reviewed,tx,tx
2022-06-08T22:12:29.903Z,31.11312051,-103.3298721,2.558154297,2.7,ml,13,68,0.03814363095,0.4,tx,tx2022lejk,2022-08-13T21:51:43.040Z,"29 km WSW of Coyanosa, Texas",earthquake,2.188413876,1.25082183,0.2,12,reviewed,tx,tx
2022-06-08T19:30:24.966Z,31.61379489,-103.9900717,9.113696289,3.6,ml,28,60,0.06994144536,0.2,tx,tx2022leec,2022-08-13T21:52:18.040Z,"38 km NNW of Toyah, Texas",earthquake,0.7222790559,0.8845346402,0.1,13,reviewed,tx,tx
2022-06-08T09:49:25.122Z,31.59979445,-103.9848973,5.437451172,2.7,ml,10,83,0.0877999201,0.2,tx,tx2022ldky,2022-08-13T21:53:00.040Z,"36 km NNW of Toyah, Texas",earthquake,1.386281399,2.684538441,0.1,7,reviewed,tx,tx
2022-06-08T09:46:39.134Z,31.60529166,-103.9903015,7.596923828,2.5,ml,14,73,0.203854448,0.2,tx,tx2022ldkv,2022-08-13T21:51:41.040Z,"37 km NNW of Toyah, Texas",earthquake,1.099014155,2.659392099,0.2,17,reviewed,tx,tx
2022-06-08T09:19:30.822Z,31.6015713,-104.0031939,6.671435547,2.7,ml,12,78,0.133008048,0.2,tx,tx2022ldjy,2022-08-13T21:51:41.040Z,"37 km NNW of Toyah, Texas",earthquake,2.566796871,2.643434615,0.2,9,reviewed,tx,tx
2022-06-06T18:53:36.775Z,32.4041748,-101.5994188,9.732991536,2.6,ml,30,59,0.1974499298,0.3,tx,tx2022lalw,2022-08-13T21:52:05.040Z,"17 km SE of Ackerly, Texas",earthquake,1.140967988,2.39154426,0.1,15,reviewed,tx,tx
2022-06-06T17:58:12.278Z,31.60539631,-104.277015,7.031347656,2.5,ml,14,77,0.1519676944,0.3,tx,tx2022lakb,2022-08-13T21:52:00.040Z,"56 km NW of Toyah, Texas",earthquake,2.383093372,4.400398077,0.2,11,reviewed,tx,tx
2022-06-06T08:14:21.389Z,32.40692139,-101.5833413,6.871785482,3.9,ml,29,72,0.2111882978,0.2,tx,tx2022kzqw,2022-08-13T21:52:43.040Z,"18 km SE of Ackerly, Texas",earthquake,1.149079944,2.05482867,0.1,18,reviewed,tx,tx
2022-06-05T18:46:01.609Z,31.60010327,-104.0284678,6.311523438,2.6,ml,14,81,0.1324315079,0.3,tx,tx2022kyqd,2022-08-13T21:52:55.040Z,"38 km NW of Toyah, Texas",earthquake,1.465562804,2.459870677,0.2,11,reviewed,tx,tx
2022-06-05T10:56:55.671Z,31.64845843,-104.4474103,7.648339844,2.6,ml,9,73,0.04976836239,0.2,tx,tx2022kyaq,2022-08-13T21:51:33.040Z,"58 km S of Whites City, New Mexico",earthquake,1.218599273,1.425185906,0.1,7,reviewed,tx,tx
2022-06-04T20:56:56.982Z,31.6650748,-104.3288788,6.74855957,2.7,ml,17,86,0.0549346269,0.2,tx,tx2022kwyy,2022-08-13T21:51:30.040Z,"56 km S of Whites City, New Mexico",earthquake,0.8493170002,1.071303235,0.2,12,reviewed,tx,tx
2022-06-04T19:13:23.896Z,31.65532821,-104.3059242,7.288427734,2.6,ml,20,63,0.03858820701,0.2,tx,tx2022kwvn,2022-08-13T21:51:29.040Z,"58 km S of Whites City, New Mexico",earthquake,1.342727092,1.941659618,0.1,15,reviewed,tx,tx
2022-06-03T22:41:30.110Z,31.59606731,-103.9999406,6.362939453,2.6,ml,11,77,0.1380648154,0.2,tx,tx2022kvgw,2022-08-06T22:13:27.040Z,"36 km NNW of Toyah, Texas",earthquake,1.612233376,2.566923766,0.2,12,reviewed,tx,tx
2022-06-03T21:50:06.689Z,31.59330613,-104.0010033,7.596923828,2.8,ml,13,77,0.1381212937,0.2,tx,tx2022kvff,2022-08-06T22:13:27.040Z,"36 km NNW of Toyah, Texas",earthquake,1.602879536,2.352022515,0.1,10,reviewed,tx,tx
2022-06-03T21:27:59.715Z,31.59561686,-103.9972491,6.208691406,2.6,ml,12,78,0.1357400092,0.2,tx,tx2022kvel,2022-08-06T22:13:27.040Z,"36 km NNW of Toyah, Texas",earthquake,1.543684247,2.006094625,0.1,13,reviewed,tx,tx
2022-06-03T16:41:41.475Z,31.6311,-103.9583,5,3.3,ml,69,47,0.081,0.44,us,us7000hept,2022-08-06T22:13:26.040Z,"35 km WSW of Mentone, Texas",earthquake,1.1,1.8,0.056,92,reviewed,us,us
2022-06-03T06:34:31.971Z,31.63193321,-103.9947289,4.614794922,3,ml,11,68,0.1490279958,0.2,tx,tx2022kuaz,2022-08-06T22:13:22.040Z,"38 km WSW of Mentone, Texas",earthquake,1.214354159,3.248665256,0.1,6,reviewed,tx,tx
2022-06-02T23:02:29.726Z,31.60486574,-103.9800791,7.854003906,2.6,ml,8,108,0.2100727415,0.2,tx,tx2022ktmb,2022-08-06T22:13:21.040Z,"36 km NNW of Toyah, Texas",earthquake,2.154315885,3.643436498,0.2,6,reviewed,tx,tx
2022-06-01T17:49:26.091Z,31.60063728,-104.0074926,7.699755859,2.5,ml,14,76,0.133340213,0.3,tx,tx2022krgg,2022-08-06T22:13:14.040Z,"37 km NNW of Toyah, Texas",earthquake,1.810547074,2.403867793,0.2,10,reviewed,tx,tx
2022-06-01T17:23:00.750Z,31.59884666,-103.9934991,5.745947266,2.9,ml,14,80,0.1373574528,0.2,tx,tx2022krfj,2022-08-06T22:13:14.040Z,"36 km NNW of Toyah, Texas",earthquake,1.552812947,2.622369704,0.2,7,reviewed,tx,tx
2022-06-01T16:06:13.333Z,31.61015535,-103.9787581,9.627856445,3.3,ml,27,54,0.07861027912,0.1,tx,tx2022krcw,2022-08-06T22:13:13.040Z,"34 km WSW of Mentone, Texas",earthquake,0.7529151969,0.7890076825,0.1,13,reviewed,tx,tx
2022-06-01T15:07:37.755Z,31.59607463,-103.9977892,7.288427734,2.5,ml,13,89,0.1363189532,0.2,tx,tx2022krax,2022-08-06T22:13:15.040Z,"36 km NNW of Toyah, Texas",earthquake,1.404549601,2.278584274,0.2,10,reviewed,tx,tx
2022-06-01T15:01:49.756Z,31.59957436,-103.9819379,9.627856445,4.3,ml,28,52,0.0856513397,0.2,tx,tx2022kras,2022-08-06T22:13:13.040Z,"western Texas",earthquake,1.071647318,0.9354724775,0.2,15,reviewed,tx,tx
2022-06-01T14:51:23.179Z,31.59587463,-103.9889134,7.93112793,2.8,ml,17,81,0.1290682433,0.2,tx,tx2022kraj,2022-08-06T22:13:13.040Z,"36 km NNW of Toyah, Texas",earthquake,0.8738895237,1.608827823,0.2,11,reviewed,tx,tx
2022-06-01T12:33:06.283Z,32.07274947,-103.7902783,7.596923828,2.7,ml,14,69,0.06261749336,0.2,tx,tx2022kqvu,2022-08-06T22:13:12.040Z,"31 km ESE of Malaga, New Mexico",earthquake,2.125483842,1.354495991,0.2,10,reviewed,tx,tx
2022-05-31T08:25:48.108Z,32.33,-103.3832,6.08,2.7,mb_lg,39,36,0.158,0.94,us,us7000hds0,2022-08-06T22:13:09.040Z,"24 km WSW of Eunice, New Mexico",earthquake,2.9,8,0.064,64,reviewed,us,us
2022-05-30T14:38:18.434Z,31.61536623,-104.0011075,7.391259766,2.7,ml,15,77,0.1460011179,0.3,tx,tx2022kniv,2022-08-06T22:13:06.040Z,"38 km NNW of Toyah, Texas",earthquake,1.447151705,4.305561726,0.2,12,reviewed,tx,tx
2022-05-30T10:30:00.382Z,32.11303711,-102.1374809,7.727701823,2.7,ml,23,54,0.02999081754,0.1,tx,tx2022knat,2022-11-10T07:48:44.746Z,"14 km NNW of Midland, Texas",earthquake,0.6807330134,1.077406493,0.1,15,reviewed,tx,tx
2022-05-29T15:36:53.500Z,31.24522818,-103.5476438,3.946386719,2.5,ml,11,87,0.04021894479,0.3,tx,tx2022klpj,2022-08-06T22:13:04.040Z,"13 km S of Lindsay, Texas",earthquake,2.132634411,1.808231942,0.2,10,reviewed,tx,tx
2022-05-28T21:21:40.149Z,31.64196172,-104.3876147,7.391259766,2.7,ml,12,79,0.1001037349,0.2,tx,tx2022kkff,2022-08-06T22:13:02.040Z,"59 km S of Whites City, New Mexico",earthquake,1.173932881,1.340592238,0.1,8,reviewed,tx,tx
2022-05-27T06:16:27.257Z,31.57430579,-104.154708,6.465771484,2.8,ml,19,67,0.09455205219,0.3,tx,tx2022khfz,2022-08-02T19:51:02.040Z,"44 km NW of Toyah, Texas",earthquake,1.89487724,2.006693741,0.1,12,reviewed,tx,tx
2022-05-27T06:16:20.026Z,31.72274693,-103.9814186,8.136791992,2.5,ml,24,62,0.04293103106,0.2,tx,tx2022khfw,2022-08-02T19:50:57.040Z,"36 km W of Mentone, Texas",earthquake,0.9431138361,0.8027930874,0.1,13,reviewed,tx,tx
2022-05-26T18:43:35.586Z,31.62614529,-104.2647993,4.511962891,2.5,ml,8,85,0.04553193411,0.1,tx,tx2022kgja,2022-08-02T19:50:35.040Z,"56 km NW of Toyah, Texas",earthquake,1.104530505,1.774503872,0.2,7,reviewed,tx,tx
2022-05-26T17:38:21.129Z,31.65459698,-104.423249,6.671435547,2.6,ml,17,64,0.06756586643,0.3,tx,tx2022kggw,2022-08-02T19:50:55.040Z,"57 km S of Whites City, New Mexico",earthquake,1.301646333,1.271913928,0.1,11,reviewed,tx,tx
2022-05-26T09:32:03.469Z,31.66735062,-104.3700766,7.854003906,2.7,ml,11,91,0.08976674953,0.2,tx,tx2022kfqv,2022-08-02T19:50:55.040Z,"56 km S of Whites City, New Mexico",earthquake,1.231268402,1.261955416,0.2,8,reviewed,tx,tx
2022-05-26T09:30:26.717Z,31.66138635,-104.36841,7.391259766,2.9,ml,24,62,0.0888390058,0.2,tx,tx2022kfqu,2022-08-02T19:50:53.040Z,"57 km S of Whites City, New Mexico",earthquake,1.163695135,1.333097036,0.2,18,reviewed,tx,tx
2022-05-26T08:59:59.826Z,31.56712095,-104.167836,7.622631836,2.6,ml,14,68,0.102350377,0.2,tx,tx2022kfpt,2022-08-02T19:50:35.040Z,"45 km NW of Toyah, Texas",earthquake,0.962071907,1.493127102,0.2,9,reviewed,tx,tx
2022-05-26T00:51:50.275Z,31.55178537,-104.0448916,6.465771484,2.8,ml,12,81,0.1699597422,0.2,tx,tx2022kezr,2022-08-02T19:50:52.040Z,"western Texas",earthquake,1.334285887,2.583711493,0.2,7,reviewed,tx,tx
2022-05-25T23:52:46.737Z,31.67117362,-104.3464242,7.648339844,2.6,ml,9,81,0.06950132004,0.2,tx,tx2022kexs,2022-08-02T19:50:51.040Z,"56 km S of Whites City, New Mexico",earthquake,1.22284943,1.715875035,0.2,7,reviewed,tx,tx
2022-05-25T09:50:34.442Z,31.65464279,-104.3809995,7.622631836,3.3,ml,20,62,0.1004317684,0.3,tx,tx2022kdvy,2022-08-02T19:50:50.040Z,"57 km S of Whites City, New Mexico",earthquake,1.12228553,1.153902952,0.1,11,reviewed,tx,tx
2022-05-24T06:13:34.896Z,32.5177002,-101.2135575,7.776611328,2.6,ml,14,88,0.1518798994,0.2,tx,tx2022kbth,2022-08-02T19:50:34.040Z,"26 km NW of Westbrook, Texas",earthquake,1.415908805,2.295866877,0.1,12,reviewed,tx,tx
2022-05-22T11:34:01.372Z,31.67563361,-104.4043329,7.93112793,3.2,ml,28,56,0.08251427607,0.2,tx,tx2022jymv,2022-08-02T19:50:40.040Z,"55 km S of Whites City, New Mexico",earthquake,1.197163863,1.18656124,0.1,13,reviewed,tx,tx
2022-05-22T00:50:00.405Z,32.00191291,-103.8214342,7.391259766,2.6,ml,10,86,0.08119022968,0.2,tx,tx2022jxrp,2022-08-02T19:50:34.040Z,"34 km SE of Malaga, New Mexico",earthquake,1.261435149,1.663435769,0.2,15,reviewed,tx,tx
2022-05-21T21:30:11.967Z,31.59419186,-104.0106889,8.933740234,2.6,ml,18,81,0.1331160882,0.2,tx,tx2022jxkz,2022-08-02T19:50:38.040Z,"37 km NW of Toyah, Texas",earthquake,1.444292296,1.990838372,0.2,10,reviewed,tx,tx
2022-05-21T07:23:51.333Z,31.59514079,-104.0020877,5.231787109,2.5,ml,10,88,0.1347056887,0.1,tx,tx2022jwjb,2022-08-02T19:50:34.040Z,"36 km NNW of Toyah, Texas",earthquake,1.366270625,2.988543198,0.1,7,reviewed,tx,tx
2022-05-20T09:11:24.018Z,31.9911109,-103.8222138,7.879711914,2.6,ml,11,78,0.08685837279,0.1,tx,tx2022jurc,2022-07-24T02:40:34.040Z,"34 km SE of Malaga, New Mexico",earthquake,1.215953496,1.744163957,0.2,9,reviewed,tx,tx
2022-05-19T15:14:13.312Z,31.68316872,-104.4116693,6.054443359,2.5,ml,11,93,0.07734500855,0.2,tx,tx2022jthp,2022-07-24T02:40:22.040Z,"54 km S of Whites City, New Mexico",earthquake,1.345658181,1.583497275,0.1,7,reviewed,tx,tx
2022-05-19T02:48:54.063Z,31.69370569,-104.2647719,7.442675781,2.6,ml,11,63,0.0863767994,0.2,tx,tx2022jsiz,2022-07-24T02:40:06.040Z,"54 km S of Whites City, New Mexico",earthquake,1.38802461,1.900292432,0.2,12,reviewed,tx,tx
2022-05-18T20:53:12.363Z,31.55207133,-104.1424702,7.725463867,2.5,ml,11,69,0.07741700768,0.2,tx,tx2022jrxg,2022-07-24T02:40:00.040Z,"42 km NW of Toyah, Texas",earthquake,1.153756638,1.589548929,0.2,12,reviewed,tx,tx
2022-05-18T01:43:06.052Z,31.64380688,-104.3865547,7.494091797,3,ml,18,74,0.100501562,0.2,tx,tx2022jqli,2022-07-24T02:39:43.040Z,"58 km S of Whites City, New Mexico",earthquake,1.486743664,2.415450156,0.2,15,reviewed,tx,tx
2022-05-17T11:21:07.108Z,31.6637,-104.3728,8.7,2.5,ml,41,61,0.092,0.3,us,us6000hlrd,2022-07-24T02:39:27.040Z,"56 km S of Whites City, New Mexico",earthquake,1.1,5.7,0.091,72,reviewed,us,us
2022-05-17T11:21:07.070Z,31.65220843,-104.3661776,6.774267578,2.7,ml,16,67,0.08850699966,0.4,tx,tx2022jpix,2022-05-18T06:46:44.424Z,"58 km S of Whites City, New Mexico",earthquake,1.682371866,1.789345839,0.2,11,reviewed,tx,tx
2022-05-16T03:54:04.296Z,31.65467958,-104.2136159,7.674047852,2.7,ml,12,71,0.04689377563,0.3,tx,tx2022jmyr,2022-07-24T02:39:00.040Z,"54 km NW of Toyah, Texas",earthquake,1.180992079,1.067462826,0.2,8,reviewed,tx,tx
2022-05-15T07:05:14.842Z,31.67683334,-104.3965378,7.185595703,2.7,ml,17,56,0.08923964816,0.2,tx,tx2022jljm,2022-07-24T02:38:46.040Z,"55 km S of Whites City, New Mexico",earthquake,1.141946015,1.125689901,0.1,21,reviewed,tx,tx
2022-05-15T00:00:02.667Z,32.6989,-104.4516,2.31,3.2,ml,45,73,0.557,0.52,us,us6000hl7w,2022-07-24T02:38:40.040Z,"9 km SW of Atoka, New Mexico",earthquake,3.2,6.1,0.085,18,reviewed,us,us
2022-05-14T15:36:02.195Z,32.00004995,-103.8333135,6.877099609,2.8,ml,15,78,0.1629420823,0.3,tx,tx2022jkeu,2022-07-24T02:38:33.040Z,"33 km SE of Malaga, New Mexico",earthquake,1.781285068,3.633582426,0.2,9,reviewed,tx,tx
2022-05-14T09:28:04.885Z,31.6064253,-103.9948791,7.725463867,3.2,ml,15,73,0.1267944998,0.2,tx,tx2022jjsq,2022-07-24T02:38:26.040Z,"37 km NNW of Toyah, Texas",earthquake,0.9947062876,1.526294784,0.2,13,reviewed,tx,tx
2022-05-14T09:15:22.489Z,31.59791297,-103.9977978,7.905419922,2.7,ml,17,78,0.1335230003,0.2,tx,tx2022jjse,2022-07-24T02:38:26.040Z,"36 km NNW of Toyah, Texas",earthquake,1.223329658,1.623093578,0.1,12,reviewed,tx,tx
2022-05-14T08:25:51.780Z,31.9821167,-102.3100467,7.263061523,2.7,ml,18,86,0.03001351732,0.1,tx,tx2022jjqp,2022-08-09T06:44:36.288Z,"western Texas",earthquake,1.475659998,1.453034714,0.2,12,reviewed,tx,tx
2022-05-13T21:38:49.505Z,31.66300432,-104.4028728,5.437451172,2.6,ml,22,84,0.08365095358,0.3,tx,tx2022jivg,2022-07-22T18:30:47.040Z,"56 km S of Whites City, New Mexico",earthquake,1.408597183,1.88788131,0.2,17,reviewed,tx,tx
2022-05-13T13:02:51.103Z,31.64933546,-104.384451,7.391259766,3,ml,20,63,0.101035554,0.3,tx,tx2022jiec,2022-07-22T18:30:53.040Z,"58 km S of Whites City, New Mexico",earthquake,1.147362848,1.216755066,0.1,12,reviewed,tx,tx
2022-05-13T11:50:51.086Z,31.64010271,-104.3908269,7.802587891,2.6,ml,13,72,0.111911888,0.1,tx,tx2022jibw,2022-07-22T18:30:53.040Z,"59 km S of Whites City, New Mexico",earthquake,1.235506596,1.569247324,0.1,12,reviewed,tx,tx
2022-05-13T07:35:57.753Z,31.68393225,-104.2867715,6.979931641,2.7,ml,12,65,0.0223652233,0.2,tx,tx2022jhtl,2022-07-22T18:30:53.040Z,"55 km S of Whites City, New Mexico",earthquake,1.441603934,1.349064829,0.2,6,reviewed,tx,tx
2022-05-12T20:50:44.601Z,31.67218158,-104.4051091,6.362939453,3.2,ml,15,58,0.08163150803,0.3,tx,tx2022jgye,2022-07-22T18:30:52.040Z,"55 km S of Whites City, New Mexico",earthquake,1.385856484,1.921407151,0.1,8,reviewed,tx,tx
2022-05-12T18:05:04.162Z,32.36938477,-101.6144245,2.054199219,2.8,ml,10,61,0.1763804958,0.2,tx,tx2022jgss,2022-07-22T18:30:48.040Z,"18 km NW of Big Spring, Texas",earthquake,0.929270813,1.485290218,0.2,6,reviewed,tx,tx
2022-05-12T17:16:25.594Z,31.7518049,-104.1830494,7.365551758,3,ml,16,69,0.02886979125,0.3,tx,tx2022jgrc,2022-07-22T18:30:52.040Z,"50 km SSE of Whites City, New Mexico",earthquake,0.9422564055,1.40397398,0.2,12,reviewed,tx,tx
2022-05-12T06:33:22.703Z,32.26959229,-101.9456221,5.697957357,2.6,ml,15,63,0.05170784703,0.3,tx,tx2022jfvw,2022-07-22T18:30:48.040Z,"21 km NW of Stanton, Texas",earthquake,1.086421297,1.688703751,0.2,13,reviewed,tx,tx
2022-05-12T03:53:41.036Z,31.61416492,-103.9456909,6.825683594,2.9,ml,11,63,0.1218832055,0.8,tx,tx2022jfqp,2022-07-22T18:30:50.040Z,"western Texas",earthquake,1.280295292,2.098265795,0.1,10,reviewed,tx,tx
2022-05-11T16:10:28.240Z,31.61043564,-103.9628898,7.031347656,3.1,ml,19,56,0.2535743656,0.3,tx,tx2022jetj,2022-07-22T18:31:13.040Z,"36 km WSW of Mentone, Texas",earthquake,1.18374309,2.319938553,0.2,14,reviewed,tx,tx
2022-05-11T02:06:44.251Z,31.65302574,-104.3823308,6.157275391,2.5,ml,13,68,0.1018349727,0.2,tx,tx2022jdrp,2022-07-22T18:30:48.040Z,"57 km S of Whites City, New Mexico",earthquake,1.074461828,2.168711457,0.1,12,reviewed,tx,tx
2022-05-10T19:30:17.252Z,32.50762939,-101.2189167,0.7091878255,2.6,ml,19,55,0.1427483512,0.2,tx,tx2022jden,2022-07-22T18:30:48.040Z,"24 km NNE of Coahoma, Texas",earthquake,1.359872367,3.16823096,0.1,14,reviewed,tx,tx
2022-05-10T10:24:13.094Z,31.68201092,-104.4130047,5.154663086,2.8,ml,23,88,0.07601432787,0.2,tx,tx2022jcmm,2022-07-22T18:31:11.040Z,"54 km S of Whites City, New Mexico",earthquake,0.9033063645,1.200539293,0.1,14,reviewed,tx,tx
2022-05-10T04:12:55.465Z,31.57904977,-104.0036248,6.208691406,2.5,ml,12,88,0.09669631861,0.2,tx,tx2022jcag,2022-07-22T18:31:10.040Z,"35 km NW of Toyah, Texas",earthquake,1.629991848,1.759351097,0.2,9,reviewed,tx,tx
2022-05-10T00:05:48.428Z,31.31543791,-103.3926569,5.437451172,2.5,ml,13,61,0.03295520486,0.4,tx,tx2022jbsc,2022-07-22T18:30:48.040Z,"western Texas",earthquake,3.38553189,2.695458933,0.1,7,reviewed,tx,tx
2022-05-09T15:35:09.172Z,31.60739783,-103.9787457,9.267944336,2.9,ml,16,63,0.08079460116,0.1,tx,tx2022jbbg,2022-07-22T18:31:09.040Z,"36 km NNW of Toyah, Texas",earthquake,0.8821045137,1.085347178,0.1,18,reviewed,tx,tx
2022-05-08T03:28:31.143Z,31.70284507,-104.1364118,7.57121582,2.5,ml,12,86,0.05541680301,0.2,tx,tx2022iyht,2022-07-22T18:30:48.040Z,"western Texas",earthquake,0.8013184493,1.127069531,0.2,8,reviewed,tx,tx
2022-05-07T06:21:15.240Z,31.99342185,-103.8157383,8.033959961,2.7,ml,14,67,0.09927580653,0.1,tx,tx2022iwrz,2022-07-22T18:31:04.040Z,"35 km SE of Malaga, New Mexico",earthquake,0.9624996489,1.520031555,0.2,10,reviewed,tx,tx
2022-05-06T23:18:01.557Z,31.70714658,-104.150709,6.825683594,2.5,ml,12,69,0.1054467671,0.2,tx,tx2022iwdz,2022-07-09T21:40:08.040Z,"52 km W of Mentone, Texas",earthquake,1.278760401,1.588816211,0.2,9,reviewed,tx,tx
2022-05-06T22:16:21.931Z,31.69756109,-104.1361099,6.877099609,2.6,ml,13,62,0.06065625153,0.7,tx,tx2022iwbz,2022-07-09T21:40:08.040Z,"50 km W of Mentone, Texas",earthquake,0.9930285021,1.518149444,0.2,8,reviewed,tx,tx
2022-05-06T06:06:18.073Z,31.646951,-104.3978842,7.237011719,2.7,ml,15,76,0.09036393719,0.3,tx,tx2022iuvz,2022-07-09T21:40:06.040Z,"58 km S of Whites City, New Mexico",earthquake,1.52813249,2.156784808,0.2,12,reviewed,tx,tx
2022-05-06T03:44:01.423Z,31.69181273,-104.136882,6.080151367,2.6,ml,21,57,0.06620572446,0.3,tx,tx2022iurh,2022-07-09T21:40:06.040Z,"50 km W of Mentone, Texas",earthquake,1.030485348,1.106098735,0.2,13,reviewed,tx,tx
2022-05-05T02:42:27.082Z,31.67511743,-104.4129416,6.902807617,3,ml,22,56,0.07515830726,0.3,tx,tx2022istt,2022-07-09T21:40:01.040Z,"55 km S of Whites City, New Mexico",earthquake,0.997875641,1.102838594,0,10,reviewed,tx,tx
2022-05-04T18:48:28.886Z,31.60995404,-103.969881,9.036572266,3.5,ml,18,60,0.08368996252,0.2,tx,tx2022ised,2022-07-09T21:39:59.040Z,"36 km WSW of Mentone, Texas",earthquake,1.436775228,1.347315657,0.1,11,reviewed,tx,tx
2022-05-04T18:48:16.945Z,31.60786264,-103.977134,9.370776367,3.2,ml,21,53,0.0812703786,0.2,tx,tx2022isec,2022-07-09T21:39:59.040Z,"36 km NNW of Toyah, Texas",earthquake,0.8712663815,1.05587777,0.2,14,reviewed,tx,tx
2022-05-04T12:27:54.373Z,31.61586374,-104.110858,7.802587891,2.7,ml,17,65,0.09448503642,0.3,tx,tx2022irro,2022-07-09T21:39:58.040Z,"45 km NW of Toyah, Texas",earthquake,1.042385418,1.590578581,0.2,13,reviewed,tx,tx
2022-05-04T12:18:43.690Z,31.59534738,-104.0088119,9.010864258,3.2,ml,21,63,0.07181216874,0.2,tx,tx2022irrg,2022-07-09T21:39:58.040Z,"37 km NNW of Toyah, Texas",earthquake,0.8579718265,1.045690085,0.2,10,reviewed,tx,tx
2022-05-04T11:58:53.770Z,31.59605996,-104.002092,6.465771484,2.5,ml,10,71,0.1338470665,0.3,tx,tx2022irqm,2022-07-09T21:39:58.040Z,"36 km NNW of Toyah, Texas",earthquake,2.121117422,2.914839607,0.2,7,reviewed,tx,tx
2022-05-04T02:42:43.507Z,31.50544823,-104.0226204,7.854003906,2.6,ml,11,118,0.0398819463,0.8,tx,tx2022iqyf,2022-07-09T21:39:57.040Z,"30 km NW of Toyah, Texas",earthquake,1.5029569,1.474445941,0.2,6,reviewed,tx,tx
2022-05-03T07:20:18.305Z,31.67321119,-104.4231523,7.982543945,2.5,ml,25,90,0.06633121702,0.3,tx,tx2022iplx,2022-07-09T21:39:54.040Z,"55 km S of Whites City, New Mexico",earthquake,1.087777822,1.413121197,0.2,12,reviewed,tx,tx
2022-05-02T02:32:28.354Z,31.59978378,-103.9881246,7.596923828,2.8,ml,15,62,0.1353103205,0.3,tx,tx2022ingw,2022-07-09T21:39:49.040Z,"36 km NNW of Toyah, Texas",earthquake,1.713078646,3.245138968,0.2,12,reviewed,tx,tx
2022-05-02T01:39:51.244Z,31.67328772,-104.3760497,5.745947266,2.5,ml,11,57,0.09476995813,0.2,tx,tx2022infe,2022-07-09T21:39:48.040Z,"55 km S of Whites City, New Mexico",earthquake,1.418738258,1.77476876,0.1,7,reviewed,tx,tx
2022-05-02T01:19:55.966Z,31.65950067,-104.375929,7.905419922,2.5,ml,9,84,0.1068256277,0.2,tx,tx2022inen,2022-07-09T21:39:48.040Z,"57 km S of Whites City, New Mexico",earthquake,1.273619329,1.848854734,0.1,7,reviewed,tx,tx
2022-05-01T17:57:01.779Z,31.67017885,-104.429853,6.671435547,2.5,ml,19,60,0.06047931359,0.3,tx,tx2022impw,2022-07-09T21:39:47.040Z,"56 km S of Whites City, New Mexico",earthquake,1.802104307,1.939306101,0.1,12,reviewed,tx,tx
2022-05-01T12:24:54.593Z,31.61423098,-104.1164971,8.496704102,3.5,ml,21,53,0.08929678371,0.2,tx,tx2022imey,2022-07-09T21:39:46.040Z,"45 km NW of Toyah, Texas",earthquake,0.7864831344,1.061964964,0.1,12,reviewed,tx,tx
2022-05-01T04:28:50.366Z,31.65935582,-104.3985339,6.362939453,2.7,ml,19,66,0.08765424061,0.2,tx,tx2022ilpg,2022-07-09T21:39:45.040Z,"57 km S of Whites City, New Mexico",earthquake,2.037324263,2.180436529,0.1,13,reviewed,tx,tx
2022-04-30T04:01:44.920Z,33.80767822,-102.0691857,2.127563477,2.6,ml,15,78,0.6061324314,0.3,tx,tx2022ijsv,2022-07-09T21:39:42.040Z,"8 km E of Anton, Texas",earthquake,2.02239123,1.792268902,0.2,9,reviewed,tx,tx
2022-04-29T20:59:01.430Z,31.69531285,-104.3816272,4.923291016,2.5,ml,11,83,0.1022933853,0.2,tx,tx2022ijex,2022-07-05T03:42:12.040Z,"53 km S of Whites City, New Mexico",earthquake,1.493795444,1.678712853,0.2,7,reviewed,tx,tx
2022-04-29T16:12:07.797Z,31.66460576,-104.4384134,6.157275391,2.9,ml,17,83,0.1097197286,0.1,tx,tx2022iivl,2022-07-05T03:42:05.040Z,"56 km S of Whites City, New Mexico",earthquake,1.292661347,1.772023631,0.1,13,reviewed,tx,tx
2022-04-29T13:01:20.619Z,31.5927375,-104.2381924,7.648339844,2.6,ml,9,70,0.08221426503,0.4,tx,tx2022iipd,2022-07-05T03:42:01.040Z,"52 km NW of Toyah, Texas",earthquake,2.257915134,2.314732488,0.2,7,reviewed,tx,tx
2022-04-29T04:50:37.114Z,31.65680412,-104.3662173,7.802587891,2.7,ml,16,64,0.08764306122,0.2,tx,tx2022ihyy,2022-07-05T03:41:52.040Z,"57 km S of Whites City, New Mexico",earthquake,1.380014912,1.791019835,0.1,13,reviewed,tx,tx
2022-04-28T22:48:08.976Z,31.5951219,-104.2215358,7.905419922,2.9,ml,12,68,0.08506715278,0.2,tx,tx2022ihmz,2022-07-05T03:41:48.040Z,"51 km NW of Toyah, Texas",earthquake,1.291779233,1.45016762,0.1,10,reviewed,tx,tx
2022-04-28T17:08:58.177Z,31.61477713,-103.9707092,8.805200195,4,ml,24,55,0.07969984297,0.1,tx,tx2022ihbu,2022-07-05T03:41:46.040Z,"36 km WSW of Mentone, Texas",earthquake,0.8586814368,0.9573728226,0.1,13,reviewed,tx,tx
2022-04-28T08:22:38.981Z,31.73429953,-104.089204,6.902807617,2.8,ml,18,74,0.02882481188,0.2,tx,tx2022igkl,2022-07-05T03:41:41.040Z,"46 km W of Mentone, Texas",earthquake,0.7445317306,0.7334354121,0.1,12,reviewed,tx,tx
2022-04-28T04:21:58.537Z,31.61473187,-103.9846963,9.267944336,3,ml,18,61,0.07187630262,0.1,tx,tx2022igcn,2022-07-05T03:41:36.040Z,"37 km WSW of Mentone, Texas",earthquake,1.106209171,1.104904257,0.1,10,reviewed,tx,tx
2022-04-28T04:10:58.004Z,31.61106576,-103.9814519,8.805200195,3.6,ml,18,55,0.07647437,0.1,tx,tx2022igcd,2022-07-05T03:41:36.040Z,"37 km NNW of Toyah, Texas",earthquake,0.7033093531,1.002869062,0.1,9,reviewed,tx,tx
2022-04-28T04:07:35.857Z,31.62255892,-103.9804278,6.080151367,2.9,ml,13,76,0.1079686922,0.3,tx,tx2022igca,2022-07-05T03:41:35.040Z,"37 km WSW of Mentone, Texas",earthquake,1.069453216,1.547197042,0.2,10,reviewed,tx,tx
2022-04-28T01:44:07.982Z,31.66961329,-104.4112763,6.131567383,3.4,ml,21,60,0.07630273438,0.2,tx,tx2022ifxi,2022-07-05T03:41:32.040Z,"56 km S of Whites City, New Mexico",earthquake,1.120060886,1.036684718,0.1,11,reviewed,tx,tx
2022-04-27T23:27:59.978Z,31.6071584,-103.9817032,7.288427734,2.5,ml,17,74,0.07948345906,0.3,tx,tx2022ifsv,2022-07-05T03:41:29.040Z,"37 km NNW of Toyah, Texas",earthquake,1.385211719,1.92213108,0.2,12,reviewed,tx,tx
2022-04-27T20:41:25.494Z,31.61085255,-103.9763404,8.728076172,3.6,ml,17,56,0.07937651759,0.2,tx,tx2022ifnh,2022-07-05T03:41:27.040Z,"37 km NNW of Toyah, Texas",earthquake,0.8736847323,1.246352566,0.1,10,reviewed,tx,tx
2022-04-27T19:07:37.209Z,31.60998442,-103.9601982,7.905419922,2.6,ml,11,86,0.08946033294,0.2,tx,tx2022ifkg,2022-07-05T03:41:26.040Z,"35 km WSW of Mentone, Texas",earthquake,2.473679157,2.399112408,0.2,9,reviewed,tx,tx
2022-04-27T18:54:12.755Z,31.61429685,-103.9771627,9.319360352,4,ml,24,55,0.07630267551,0.1,tx,tx2022ifjt,2022-07-05T03:41:26.040Z,"37 km WSW of Mentone, Texas",earthquake,0.6797390028,0.8415638268,0.1,12,reviewed,tx,tx
2022-04-26T00:08:01.979Z,31.64266265,-104.4209859,7.596923828,2.5,ml,14,81,0.0728200833,0.3,tx,tx2022icdd,2022-07-05T03:40:45.040Z,"59 km S of Whites City, New Mexico",earthquake,1.53194939,2.027696839,0.1,10,reviewed,tx,tx
2022-04-24T19:04:16.210Z,31.59044244,-104.2376379,7.596923828,2.7,ml,13,71,0.08455451017,0.3,tx,tx2022hzxp,2022-07-05T03:40:15.040Z,"52 km NW of Toyah, Texas",earthquake,1.944899845,2.17994087,0.2,10,reviewed,tx,tx
2022-04-23T22:22:06.264Z,31.61718158,-104.2216921,7.288427734,2.6,ml,10,80,0.06579472906,0.2,tx,tx2022hyip,2022-07-05T03:39:51.040Z,"52 km NW of Toyah, Texas",earthquake,1.183848908,1.526780251,0.1,7,reviewed,tx,tx
2022-04-23T18:28:02.190Z,31.68926756,-104.318041,7.699755859,2.5,ml,11,65,0.08590033985,0.2,tx,tx2022hyax,2022-07-05T03:39:47.040Z,"54 km S of Whites City, New Mexico",earthquake,1.119988444,1.512189487,0.1,7,reviewed,tx,tx
2022-04-23T16:43:04.827Z,31.66290648,-104.3067923,6.954223633,2.5,ml,12,58,0.03676159631,0.3,tx,tx2022hxxl,2022-07-05T03:39:44.040Z,"57 km S of Whites City, New Mexico",earthquake,1.671244742,1.023812023,0.1,7,reviewed,tx,tx
2022-04-23T14:27:03.892Z,31.59612811,-104.204331,6.979931641,2.6,ml,14,81,0.09156180888,0.2,tx,tx2022hxsy,2022-07-05T03:39:43.040Z,"49 km NW of Toyah, Texas",earthquake,1.692318884,1.765337057,0.1,10,reviewed,tx,tx
2022-04-23T12:55:56.966Z,31.65809185,-104.3048699,7.391259766,3.1,ml,20,59,0.03666545297,0.2,tx,tx2022hxpy,2022-08-09T06:28:02.152Z,"57 km S of Whites City, New Mexico",earthquake,0.928391312,0.8885968025,0.1,12,reviewed,tx,tx
2022-04-23T08:54:21.170Z,31.6328237,-104.2185745,6.465771484,2.5,ml,13,61,0.05539826999,0.2,tx,tx2022hxhz,2022-07-05T03:39:36.040Z,"53 km NW of Toyah, Texas",earthquake,1.523383628,1.700190201,0.1,9,reviewed,tx,tx
2022-04-22T21:10:52.956Z,31.69045583,-104.3113205,7.674047852,2.7,ml,17,58,0.04384608469,0.3,tx,tx2022hwkt,2022-06-26T01:21:01.040Z,"54 km S of Whites City, New Mexico",earthquake,1.075885985,0.945165668,0.2,11,reviewed,tx,tx
2022-04-22T14:07:23.545Z,31.65470519,-104.2943477,7.314135742,2.8,ml,19,59,0.03027813674,0.3,tx,tx2022hvwu,2022-06-26T01:20:56.040Z,"58 km S of Whites City, New Mexico",earthquake,1.049312922,0.9627563929,0.2,11,reviewed,tx,tx
2022-04-22T13:26:22.669Z,32.00373574,-103.8290026,7.802587891,2.6,ml,11,59,0.08715886681,0.2,tx,tx2022hvvl,2022-06-26T01:20:55.040Z,"33 km SE of Malaga, New Mexico",earthquake,1.787357146,1.9541318,0.2,6,reviewed,tx,tx
2022-04-22T10:00:28.205Z,31.62717501,-104.1994339,6.697143555,3,ml,17,56,0.1367771082,0.3,tx,tx2022hvoq,2022-06-26T01:20:50.040Z,"51 km NW of Toyah, Texas",earthquake,0.9710544519,1.503619134,0.2,9,reviewed,tx,tx
2022-04-22T09:45:53.246Z,31.62550324,-104.2120664,7.596923828,2.5,ml,14,78,0.1420386988,0.3,tx,tx2022hvoe,2022-06-26T01:20:50.040Z,"52 km NW of Toyah, Texas",earthquake,1.658831578,1.951914188,0.2,8,reviewed,tx,tx
2022-04-21T16:42:37.326Z,31.65564571,-104.2905876,7.725463867,2.9,ml,21,58,0.02711199458,0.2,tx,tx2022hugk,2022-06-26T01:20:35.040Z,"58 km S of Whites City, New Mexico",earthquake,0.8180028824,0.7757938203,0.1,12,reviewed,tx,tx
2022-04-21T08:21:06.508Z,31.95922852,-102.3175495,7.923339844,2.6,ml,24,87,0.06882004093,0.2,tx,tx2022htpt,2022-06-26T01:20:28.040Z,"9 km SE of Gardendale, Texas",earthquake,1.113674834,1.329946612,0.1,14,reviewed,tx,tx
2022-04-20T18:19:22.904Z,31.99458088,-103.8106099,6.671435547,3.2,ml,27,41,0.1034514979,0.2,tx,tx2022hsoc,2022-06-26T01:20:10.040Z,"35 km SE of Malaga, New Mexico",earthquake,1.261979367,1.765309306,0.2,18,reviewed,tx,tx
2022-04-18T22:49:32.330Z,32.39776611,-101.598347,1.002644857,2.7,ml,20,80,0.1962996723,0.6,tx,tx2022hpga,2022-06-26T01:19:21.040Z,"18 km SE of Ackerly, Texas",earthquake,2.42797816,1.912080656,0.2,20,reviewed,tx,tx
2022-04-17T04:34:17.223Z,31.66997223,-104.4599962,7.699755859,3,ml,19,61,0.03478797976,0.2,tx,tx2022hmaj,2022-06-26T01:18:42.040Z,"56 km S of Whites City, New Mexico",earthquake,1.240991828,1.04913651,0.1,10,reviewed,tx,tx
2022-04-16T02:39:51.569Z,31.59497554,-104.2495038,7.699755859,2.8,ml,15,71,0.07786929691,0.2,tx,tx2022hkbc,2022-06-26T01:18:19.040Z,"53 km NW of Toyah, Texas",earthquake,1.38287815,1.780180569,0.2,9,reviewed,tx,tx
2022-04-15T16:34:44.171Z,31.64937654,-104.3779931,5.231787109,2.9,ml,10,76,0.0989609043,0.2,tx,tx2022hjhd,2022-06-20T22:08:31.040Z,"58 km S of Whites City, New Mexico",earthquake,1.902386986,2.274559111,0.2,8,reviewed,tx,tx
2022-04-14T17:20:55.709Z,31.58578978,-104.2483604,7.905419922,2.7,ml,18,73,0.0871054242,0.3,tx,tx2022hhnf,2022-06-20T22:08:24.040Z,"52 km NW of Toyah, Texas",earthquake,1.140011548,2.038669349,0.1,12,reviewed,tx,tx
2022-04-13T21:26:20.973Z,31.66230549,-104.3684179,7.802587891,2.6,ml,11,88,0.08874399265,0.3,tx,tx2022hfzr,2022-06-20T22:08:09.040Z,"56 km S of Whites City, New Mexico",earthquake,1.583121904,1.551687484,0.1,7,reviewed,tx,tx
2022-04-12T14:58:32.032Z,31.6840665,-104.4149079,5.334619141,2.6,ml,12,68,0.07481640561,0.2,tx,tx2022hdrl,2022-06-20T22:07:57.040Z,"54 km S of Whites City, New Mexico",earthquake,1.230127797,1.71655597,0.1,6,reviewed,tx,tx
2022-04-11T18:32:00.187Z,31.63127098,-104.2075331,5.46315918,3,ml,17,60,0.06344028227,0.2,tx,tx2022hccx,2022-06-20T22:07:51.040Z,"52 km NW of Toyah, Texas",earthquake,0.8508859247,1.233005463,0.1,10,reviewed,tx,tx
2022-04-11T18:31:52.618Z,31.6154034,-104.2098439,6.157275391,2.6,ml,15,56,0.07330047052,0.2,tx,tx2022hccz,2022-04-20T17:58:52.547Z,"51 km NW of Toyah, Texas",earthquake,1.045527761,1.735260917,0.1,9,reviewed,tx,tx
2022-04-10T02:43:44.989Z,31.68196449,-104.4200031,6.080151367,3.5,ml,22,56,0.07014131429,0.3,tx,tx2022gzcf,2022-06-20T22:07:39.040Z,"54 km S of Whites City, New Mexico",earthquake,1.097090276,1.259589283,0.1,13,reviewed,tx,tx
2022-04-10T02:27:43.032Z,31.6651707,-104.4890169,6.362939453,2.6,ml,15,83,0.01059248523,0.2,tx,tx2022gzbr,2022-06-20T22:07:23.040Z,"57 km S of Whites City, New Mexico",earthquake,1.742475523,1.231732829,0.2,11,reviewed,tx,tx
2022-04-09T14:10:19.137Z,31.6690531,-104.4599873,7.802587891,2.5,ml,11,87,0.03477148754,0.3,tx,tx2022gydj,2022-06-20T22:07:23.040Z,"56 km S of Whites City, New Mexico",earthquake,1.487098276,1.713174789,0.1,7,reviewed,tx,tx
2022-04-09T00:59:45.976Z,31.6709213,-104.4556989,7.494091797,2.7,ml,14,62,0.03849452457,0.3,tx,tx2022gxdh,2022-06-20T22:07:32.040Z,"56 km S of Whites City, New Mexico",earthquake,1.306283312,1.639351472,0.1,7,reviewed,tx,tx
2022-04-08T21:01:14.026Z,31.68058579,-104.4199904,6.131567383,3.1,ml,21,52,0.0699020238,0.3,tx,tx2022gwvk,2022-06-11T20:21:17.040Z,"55 km S of Whites City, New Mexico",earthquake,0.9980426517,1.065926253,0.1,13,reviewed,tx,tx
2022-04-08T17:48:02.397Z,31.68232017,-104.4008941,3.997802734,2.5,ml,13,68,0.08624378823,0.3,tx,tx2022gwpa,2022-06-11T20:21:17.040Z,"54 km S of Whites City, New Mexico",earthquake,1.414924211,2.384126793,0.1,10,reviewed,tx,tx
2022-04-07T16:49:26.348Z,31.71586805,-104.2878287,6.697143555,2.7,ml,21,65,0.04845799039,0.2,tx,tx2022gurp,2022-06-11T20:21:13.040Z,"51 km S of Whites City, New Mexico",earthquake,0.9194054392,0.8366109671,0.1,11,reviewed,tx,tx
2022-04-02T21:41:24.326Z,32.5152,-104.4436,1.77,2.8,ml,,78,0.486,0.54,us,us7000gz9h,2022-06-11T20:20:59.040Z,"22 km WNW of La Huerta, New Mexico",earthquake,2.3,2.4,0.085,18,reviewed,us,us
2022-04-02T19:40:14.009Z,32.40600586,-101.5887005,7.336425781,2.9,ml,18,60,0.1914228039,0.2,tx,tx2022glts,2022-06-11T20:20:58.040Z,"17 km SE of Ackerly, Texas",earthquake,1.376013476,2.732649057,0.2,10,reviewed,tx,tx
2022-04-02T12:30:46.622Z,31.67371592,-104.4503424,6.774267578,2.6,ml,22,56,0.0432944967,0.3,tx,tx2022glfo,2022-06-11T20:20:58.040Z,"56 km S of Whites City, New Mexico",earthquake,1.18462973,1.258770086,0.1,12,reviewed,tx,tx
2022-04-01T14:04:22.214Z,31.65271537,-104.4296901,7.699755859,3.1,ml,16,65,0.06265682634,0.2,tx,tx2022gjnd,2022-06-04T20:42:35.040Z,"58 km S of Whites City, New Mexico",earthquake,1.500685314,1.62151754,0.1,9,reviewed,tx,tx
2022-04-01T06:56:22.639Z,31.67343347,-104.3892399,6.645727539,3.8,ml,21,57,0.09520397973,0.3,tx,tx2022giza,2022-06-04T20:42:33.040Z,"55 km S of Whites City, New Mexico",earthquake,0.9923160555,1.102266479,0.1,12,reviewed,tx,tx
2022-04-01T06:27:52.832Z,31.65468979,-104.4092562,6.054443359,3,ml,22,74,0.07925840302,0.2,tx,tx2022giyb,2022-06-04T20:42:33.040Z,"57 km S of Whites City, New Mexico",earthquake,1.931794847,1.38877438,0.1,14,reviewed,tx,tx
2022-03-31T15:56:48.456Z,31.64074445,-104.2842823,7.596923828,2.5,ml,14,80,0.03504912253,0.2,tx,tx2022ghvi,2022-06-04T20:42:30.040Z,"59 km NW of Toyah, Texas",earthquake,1.953898895,1.06527506,0.2,10,reviewed,tx,tx
2022-03-30T23:15:54.178Z,31.67136023,-104.3900289,7.596923828,2.6,ml,16,69,0.09444960983,0.2,tx,tx2022ggoi,2022-06-04T20:42:25.040Z,"55 km S of Whites City, New Mexico",earthquake,1.601552244,2.262237299,0.1,13,reviewed,tx,tx
2022-03-30T09:37:20.402Z,31.65092846,-104.3868869,6.080151367,2.7,ml,9,77,0.09869822006,0.2,tx,tx2022gfni,2022-06-04T20:42:24.040Z,"58 km S of Whites City, New Mexico",earthquake,1.398130327,2.191996095,0,6,reviewed,tx,tx
2022-03-30T08:47:19.250Z,31.66217579,-104.3888706,6.362939453,3.1,ml,17,62,0.09561785626,0.2,tx,tx2022gflr,2022-06-04T20:42:23.040Z,"56 km S of Whites City, New Mexico",earthquake,1.423940682,1.794414334,0.2,10,reviewed,tx,tx
2022-03-30T02:45:53.063Z,31.67505059,-104.3879085,6.362939453,3.1,ml,19,56,0.09643179177,0.3,tx,tx2022gezt,2022-06-04T20:42:22.040Z,"55 km S of Whites City, New Mexico",earthquake,1.185159273,1.251861559,0.1,11,reviewed,tx,tx
2022-03-30T01:02:14.198Z,31.67120433,-104.3784539,6.131567383,3.5,ml,19,58,0.09680635483,0.2,tx,tx2022gewj,2022-06-04T20:42:22.040Z,"55 km S of Whites City, New Mexico",earthquake,1.102476693,1.312638488,0.1,11,reviewed,tx,tx
2022-03-30T01:01:42.978Z,31.67782867,-104.3847031,5.026123047,2.5,ml,10,85,0.0993771948,0.2,tx,tx2022gewi,2022-06-04T20:42:22.040Z,"western Texas",earthquake,1.493589191,2.06587711,0.1,7,reviewed,tx,tx
2022-03-29T12:07:15.233Z,31.61987221,-104.2346234,4.820458984,2.7,ml,21,81,0.05789104303,0.2,tx,tx2022gdwt,2022-06-04T20:42:18.040Z,"western Texas",earthquake,1.388373473,2.135315789,0.2,14,reviewed,tx,tx
2022-03-29T06:33:41.861Z,31.64293439,-104.2186459,7.288427734,2.6,ml,17,65,0.1172274369,0.2,tx,tx2022gdlt,2022-06-04T20:42:17.040Z,"54 km NW of Toyah, Texas",earthquake,1.703820475,2.728333083,0.1,12,reviewed,tx,tx
2022-03-29T06:00:28.026Z,31.15035212,-103.2267325,3.869262695,2.7,ml,18,68,0.03337973138,0.2,tx,tx2022gdkr,2022-06-04T20:42:17.040Z,"18 km WSW of Coyanosa, Texas",earthquake,0.9229957148,0.8965872466,0.1,12,reviewed,tx,tx
2022-03-29T03:18:54.206Z,31.61525203,-103.9658695,7.828295898,2.7,ml,15,50,0.08231999841,0.2,tx,tx2022gdfi,2022-06-04T20:42:16.040Z,"36 km WSW of Mentone, Texas",earthquake,1.076958764,1.42488938,0.1,8,reviewed,tx,tx
2022-03-29T01:12:00.946Z,31.15696274,-103.2066333,4.614794922,2.7,ml,27,41,0.05508597792,0.4,tx,tx2022gdbd,2022-06-04T20:42:16.040Z,"16 km SW of Coyanosa, Texas",earthquake,1.844004567,1.68642073,0.2,23,reviewed,tx,tx
2022-03-28T23:42:02.782Z,31.66587303,-104.3856738,7.288427734,2.5,ml,16,85,0.09816270298,0.1,tx,tx2022gcye,2022-06-04T20:42:16.040Z,"56 km S of Whites City, New Mexico",earthquake,1.719269157,2.279654684,0.1,15,reviewed,tx,tx
2022-03-28T18:02:05.657Z,31.63946138,-104.2237336,7.519799805,3.4,ml,11,66,0.04762781959,0.2,tx,tx2022gcmz,2022-06-04T20:42:14.040Z,"54 km NW of Toyah, Texas",earthquake,1.251643015,1.329707523,0.1,7,reviewed,tx,tx
2022-03-28T17:37:22.494Z,31.657872,-104.2184823,7.725463867,2.9,ml,16,64,0.04189505287,0.2,tx,tx2022gcmd,2022-06-04T20:42:14.040Z,"55 km NW of Toyah, Texas",earthquake,1.230563733,1.444556814,0.2,14,reviewed,tx,tx
2022-03-28T16:45:22.938Z,31.64751915,-104.220831,6.979931641,2.8,ml,14,65,0.1253023096,0.2,tx,tx2022gckl,2022-06-04T20:42:14.040Z,"54 km NW of Toyah, Texas",earthquake,1.326935016,2.579147156,0.2,17,reviewed,tx,tx
2022-03-28T16:22:50.596Z,31.64915374,-104.2157299,6.954223633,3.2,ml,19,57,0.04757133899,0.2,tx,tx2022gcjr,2022-06-04T20:42:14.040Z,"54 km NW of Toyah, Texas",earthquake,0.9145254167,1.079668308,0.1,10,reviewed,tx,tx
2022-03-27T23:45:41.643Z,31.07272341,-103.2435868,3.098022461,2.9,ml,20,66,0.04899107115,0.2,tx,tx2022gbcu,2022-06-04T20:42:11.040Z,"25 km SW of Coyanosa, Texas",earthquake,1.113172274,1.230844049,0.2,18,reviewed,tx,tx
2022-03-27T19:07:08.808Z,31.64927944,-104.2359125,7.699755859,2.5,ml,18,65,0.1305382727,0.2,tx,tx2022gatq,2022-06-04T20:42:11.040Z,"56 km NW of Toyah, Texas",earthquake,1.270622869,2.096615338,0.2,17,reviewed,tx,tx
2022-03-27T12:51:07.917Z,31.61012241,-104.1100172,6.131567383,2.7,ml,14,73,0.1185390194,0.2,tx,tx2022gahf,2022-06-04T20:42:10.040Z,"44 km NW of Toyah, Texas",earthquake,0.9459800358,1.884945553,0.2,9,reviewed,tx,tx
2022-03-27T10:51:53.833Z,31.72639096,-104.5076721,4.897583008,2.9,ml,17,80,0.02727262759,0.2,tx,tx2022gadh,2022-06-04T20:42:09.040Z,"51 km SSW of Whites City, New Mexico",earthquake,1.917888521,1.316907561,0.2,9,reviewed,tx,tx
2022-03-27T08:31:38.167Z,31.60344613,-103.9924446,6.157275391,2.7,ml,15,77,0.1303860996,0.2,tx,tx2022fzyq,2022-06-04T20:42:09.040Z,"37 km NNW of Toyah, Texas",earthquake,1.598130025,2.141139412,0.2,18,reviewed,tx,tx
2022-03-27T06:18:43.694Z,31.61268742,-103.9774245,7.905419922,3.7,ml,20,61,0.1017229297,0.2,tx,tx2022fzug,2022-06-04T20:42:09.040Z,"37 km WSW of Mentone, Texas",earthquake,0.9097874589,1.187606727,0.1,12,reviewed,tx,tx
2022-03-27T06:14:31.949Z,31.67770342,-104.4040825,7.596923828,2.5,ml,16,85,0.08292844288,0.1,tx,tx2022fzud,2022-06-04T20:42:09.040Z,"55 km S of Whites City, New Mexico",earthquake,1.719405983,2.118864071,0.1,15,reviewed,tx,tx
2022-03-27T03:27:41.754Z,31.67856595,-104.412704,6.774267578,2.6,ml,21,69,0.07573631313,0.2,tx,tx2022fzoq,2022-06-04T20:42:08.040Z,"55 km S of Whites City, New Mexico",earthquake,1.396556057,1.890922745,0.1,12,reviewed,tx,tx
2022-03-26T03:49:37.667Z,31.6398,-104.4079,5,2.7,ml,,104,0.084,0.24,us,us7000gxf9,2022-06-04T20:42:04.040Z,"59 km S of Whites City, New Mexico",earthquake,1,2,0.085,46,reviewed,us,us
2022-03-25T15:32:09.192Z,31.6789633,-104.3502584,6.157275391,2.5,ml,16,86,0.07313835685,0.2,tx,tx2022fwvn,2022-05-28T18:35:36.040Z,"55 km S of Whites City, New Mexico",earthquake,1.906942198,2.43565001,0.1,14,reviewed,tx,tx
2022-03-25T06:44:07.773Z,32.5482,-104.4263,5,2.6,ml,,55,0.479,0.7,us,us7000gx5v,2022-05-28T18:35:35.040Z,"New Mexico",earthquake,4.5,2,0.085,18,reviewed,us,us
2022-03-25T04:28:32.746Z,31.68068532,-104.4049171,6.234399414,3.3,ml,31,52,0.08260476256,0.3,tx,tx2022fvzq,2022-05-28T18:35:35.040Z,"54 km S of Whites City, New Mexico",earthquake,0.9458690999,1.025809701,0.1,14,reviewed,tx,tx
2022-03-25T03:26:03.496Z,31.6749741,-104.3997511,5.745947266,2.6,ml,14,66,0.08635557566,0.2,tx,tx2022fvxp,2022-05-28T18:35:35.040Z,"55 km S of Whites City, New Mexico",earthquake,1.212420678,1.835658729,0.2,8,reviewed,tx,tx
2022-03-25T03:03:53.300Z,31.676,-104.394,5.9204,2.6,ml,13,69,0.1,0.3,tx,tx2022fvww,2025-03-28T15:33:04.844Z,"55 km S of Whites City, New Mexico",earthquake,1.6990684508618,2.0700444473336,0.2,11,reviewed,tx,tx
2022-03-25T03:01:58.874Z,31.66909306,-104.4204226,6.799975586,4.6,ml,65,61,0.06850042547,0.2,tx,tx2022fvwu,2022-05-28T18:35:35.040Z,"56 km S of Whites City, New Mexico",earthquake,0.892216658,1.01192887,0.2,38,reviewed,tx,tx
2022-03-24T13:12:09.848Z,31.66286896,-104.3132511,6.851391602,2.8,ml,13,90,0.04213929706,0.2,tx,tx2022fuvj,2022-05-28T18:35:32.040Z,"57 km S of Whites City, New Mexico",earthquake,1.109054953,1.028973237,0.1,10,reviewed,tx,tx
2022-03-24T07:08:38.682Z,31.97479248,-102.3507765,8.485799154,2.9,ml,29,42,0.03057231909,0.2,tx,tx2022fujk,2022-05-28T18:35:29.040Z,"5 km SSE of Gardendale, Texas",earthquake,1.056180369,0.7831691669,0.2,15,reviewed,tx,tx
2022-03-22T17:49:56.249Z,31.60140388,-103.9846357,6.440063477,2.5,ml,18,50,0.1275636303,0.2,tx,tx2022frno,2022-05-28T18:35:25.040Z,"36 km NNW of Toyah, Texas",earthquake,1.21670852,1.462747445,0.1,10,reviewed,tx,tx
2022-03-22T15:26:20.398Z,31.5866649,-104.2126019,6.080151367,2.6,ml,18,70,0.09606195478,0.1,tx,tx2022friu,2022-05-28T18:35:24.040Z,"49 km NW of Toyah, Texas",earthquake,0.8854099428,1.490583185,0.2,13,reviewed,tx,tx
2022-03-21T19:45:07.894Z,31.61338461,-103.9750068,7.57121582,2.8,ml,12,89,0.103590276,0.2,tx,tx2022fpvv,2022-05-28T18:35:23.040Z,"37 km WSW of Mentone, Texas",earthquake,0.7825474753,1.287740867,0.2,13,reviewed,tx,tx
2022-03-21T08:19:13.454Z,32.38494873,-101.6133527,3.448120117,2.6,ml,14,91,0.1805733753,0.2,tx,tx2022foze,2022-05-28T18:35:22.040Z,"18 km SSE of Ackerly, Texas",earthquake,0.8779960286,1.445878399,0.2,11,reviewed,tx,tx
2022-03-19T12:40:05.760Z,31.97296143,-102.3422018,7.214152018,2.8,ml,14,82,0.02416364429,0.1,tx,tx2022flqv,2022-05-28T18:35:18.040Z,"western Texas",earthquake,0.8009630375,1.205369056,0.2,10,reviewed,tx,tx
2022-03-19T00:45:08.567Z,32.38586426,-101.638005,5.135498047,3.2,ml,13,69,0.1607727271,0.1,tx,tx2022fkti,2022-05-28T18:35:17.040Z,"17 km SSE of Ackerly, Texas",earthquake,1.53298003,2.183077662,0.1,9,reviewed,tx,tx
2022-03-19T00:41:53.904Z,32.37762451,-101.6390768,3.937215169,3.5,ml,14,67,0.157697844,0.3,tx,tx2022fktd,2022-08-06T08:33:09.432Z,"18 km SSE of Ackerly, Texas",earthquake,1.638357035,2.85966881,0.1,10,reviewed,tx,tx
2022-03-18T23:41:59.982Z,31.60261762,-103.9644698,7.494091797,2.5,ml,15,62,0.09223910538,0.2,tx,tx2022fkrd,2022-05-27T14:55:39.040Z,"35 km NNW of Toyah, Texas",earthquake,1.167867481,2.232697416,0.2,20,reviewed,tx,tx
2022-03-18T23:19:39.431Z,31.61090693,-103.9591262,7.494091797,3.1,ml,16,51,0.1111714412,0.2,tx,tx2022fkqk,2022-05-27T14:55:39.040Z,"35 km WSW of Mentone, Texas",earthquake,1.088468137,1.611167613,0.2,10,reviewed,tx,tx
2022-03-18T09:04:12.927Z,31.68003984,-104.3981817,6.620019531,3,ml,15,57,0.08820248838,0.2,tx,tx2022fjoe,2022-05-27T14:55:35.040Z,"54 km S of Whites City, New Mexico",earthquake,1.295282062,1.406264944,0.1,7,reviewed,tx,tx
2022-03-15T17:16:57.795Z,32.89581299,-100.8909346,4.181762695,2.6,ml,14,56,0.01823731854,0.2,tx,tx2022fery,2022-05-27T14:55:27.040Z,"19 km N of Snyder, Texas",earthquake,0.9041040752,0.8922726931,0.1,7,reviewed,tx,tx
2022-03-15T16:25:31.739Z,31.64233814,-104.4683398,6.979931641,2.8,ml,15,68,0.03816574666,0.5,tx,tx2022feqg,2022-05-27T14:55:27.040Z,"59 km S of Whites City, New Mexico",earthquake,1.576610387,1.396274053,0.2,9,reviewed,tx,tx
2022-03-14T16:48:35.355Z,31.61168865,-104.2173495,7.494091797,3,ml,17,57,0.07242770395,0.2,tx,tx2022fcvm,2022-05-27T14:55:24.040Z,"52 km NW of Toyah, Texas",earthquake,0.9651734778,1.417687859,0.1,7,reviewed,tx,tx
2022-03-13T05:06:07.372Z,31.53533936,-104.0721465,6.333780924,2.6,ml,17,72,0.1854734107,0.2,tx,tx2022facv,2022-05-27T14:55:21.040Z,"36 km NW of Toyah, Texas",earthquake,1.071894635,3.580060651,0.2,12,reviewed,tx,tx
2022-03-13T04:00:54.356Z,31.52936933,-104.0772932,7.416967773,3.4,ml,18,64,0.02060341391,0.2,tx,tx2022faar,2022-05-27T14:55:20.040Z,"35 km NW of Toyah, Texas",earthquake,1.01443577,1.145863638,0.1,10,reviewed,tx,tx
2022-03-12T21:38:47.777Z,31.69290771,-104.3982975,5.797363281,2.6,ml,17,67,0.1156944623,0.3,tx,tx2022ezob,2022-05-27T14:55:20.040Z,"53 km S of Whites City, New Mexico",earthquake,2.590057036,1.913238767,0.1,13,reviewed,tx,tx
2022-03-12T21:11:30.743Z,31.68414439,-104.4030641,6.157275391,3.2,ml,17,58,0.08473400488,0.2,tx,tx2022ezne,2022-05-27T14:55:20.040Z,"54 km S of Whites City, New Mexico",earthquake,1.979231759,2.2967851,0.1,9,reviewed,tx,tx
2022-03-12T15:12:40.558Z,31.69078521,-104.4066239,6.131567383,2.6,ml,16,65,0.08327380158,0.2,tx,tx2022ezbh,2022-05-27T14:55:20.040Z,"53 km S of Whites City, New Mexico",earthquake,1.259652366,1.382330962,0.2,9,reviewed,tx,tx
2022-03-07T16:56:57.284Z,32.42706299,-102.0785299,7.60542806,2.6,ml,10,68,0.2355105413,0.1,tx,tx2022eqbg,2022-05-14T21:52:21.040Z,"35 km SSW of Los Ybanez, Texas",earthquake,0.8910503475,2.824698126,0.3,9,reviewed,tx,tx
2022-03-07T12:38:43.087Z,31.94641113,-102.3368426,7.189697266,2.9,ml,23,47,0.01368116565,0.2,tx,tx2022epss,2022-05-14T21:52:20.040Z,"9 km SSE of Gardendale, Texas",earthquake,0.9417635087,0.6879535198,0.1,11,reviewed,tx,tx
2022-03-07T04:38:34.925Z,31.67535254,-104.4121362,6.722851562,3.1,ml,18,56,0.07586284795,0.3,tx,tx2022epcw,2022-05-14T21:52:20.040Z,"55 km S of Whites City, New Mexico",earthquake,1.425473305,1.709942252,0.1,9,reviewed,tx,tx
2022-03-06T23:11:00.308Z,31.64698064,-104.3187735,6.362939453,2.7,ml,17,60,0.05213553953,0.3,tx,tx2022eosb,2022-05-14T21:52:19.040Z,"58 km S of Whites City, New Mexico",earthquake,1.493331815,2.534672705,0.2,10,reviewed,tx,tx
2022-03-06T03:23:33.356Z,31.68038997,-104.4148741,6.877099609,2.9,ml,16,52,0.07417108504,0.2,tx,tx2022enex,2022-05-14T21:52:18.040Z,"55 km S of Whites City, New Mexico",earthquake,1.276974892,1.415873733,0.1,8,reviewed,tx,tx
2022-03-05T03:56:10.141Z,31.6625934,-104.3210536,7.391259766,3.3,ml,21,59,0.04871648098,0.2,tx,tx2022elkn,2022-05-14T21:52:16.040Z,"57 km S of Whites City, New Mexico",earthquake,1.119940642,1.168911276,0.1,10,reviewed,tx,tx
2022-03-05T01:16:51.527Z,31.66011153,-104.3132288,7.416967773,4.3,ml,18,59,0.04278029156,0.2,tx,tx2022elfg,2022-05-14T21:52:16.040Z,"57 km S of Whites City, New Mexico",earthquake,1.046857661,1.073622356,0.2,8,reviewed,tx,tx
2022-03-04T09:07:22.416Z,31.59719319,-104.0066693,7.674047852,3.1,ml,19,51,0.07435612243,0.2,tx,tx2022ejzg,2022-05-07T21:32:50.040Z,"37 km NNW of Toyah, Texas",earthquake,0.7807061758,1.094936931,0.2,8,reviewed,tx,tx
2022-03-03T03:01:58.782Z,31.99610752,-103.8497775,8.085375977,2.8,ml,25,48,0.07026951548,0.2,tx,tx2022ehrs,2022-05-07T21:32:44.040Z,"32 km SE of Malaga, New Mexico",earthquake,1.031276873,1.316309726,0.1,14,reviewed,tx,tx
2022-03-01T10:28:50.811Z,31.67128354,-104.4018711,6.671435547,2.7,ml,17,59,0.0843563144,0.3,tx,tx2022eepk,2022-05-07T21:32:40.040Z,"55 km S of Whites City, New Mexico",earthquake,1.307784833,1.178995957,0.1,9,reviewed,tx,tx
2022-02-28T03:04:17.812Z,31.6062943,-104.3208634,7.314135742,2.6,ml,15,77,0.08097669242,0.2,tx,tx2022ecfh,2022-05-07T21:32:36.040Z,"59 km WNW of Toyah, Texas",earthquake,1.131163555,1.431120859,0.1,13,reviewed,tx,tx
2022-02-27T11:31:15.007Z,31.66013658,-104.3089231,7.519799805,2.9,ml,20,59,0.03924976657,0.2,tx,tx2022ebam,2022-05-07T21:32:35.040Z,"57 km S of Whites City, New Mexico",earthquake,0.9755456959,0.8917992794,0.1,12,reviewed,tx,tx
2022-02-27T08:41:20.278Z,31.67488942,-104.4126703,7.288427734,3.1,ml,17,56,0.07536933037,0.3,tx,tx2022eauw,2022-05-07T21:32:34.040Z,"55 km S of Whites City, New Mexico",earthquake,1.244346095,1.592987272,0.1,7,reviewed,tx,tx
2022-02-23T06:15:07.905Z,32.8198,-100.6843,5,2.6,mb_lg,,52,0.321,0.57,us,us7000gn4t,2022-05-04T13:40:00.040Z,"20 km W of Rotan, Texas",earthquake,2.4,1.4,0.085,39,reviewed,us,us
2022-02-23T05:41:19.445Z,31.6485,-104.4093,3.06,2.6,ml,,64,0.08,0.88,us,us7000gn4l,2022-05-04T13:40:00.040Z,"58 km S of Whites City, New Mexico",earthquake,1.7,4,0.06,36,reviewed,us,us
2022-02-22T22:24:22.174Z,31.59793884,-104.3721635,6.877099609,2.5,ml,15,76,0.1175291677,0.2,tx,tx2022dssn,2022-05-04T13:39:54.040Z,"63 km WNW of Toyah, Texas",earthquake,2.551148246,3.177925183,0.2,12,reviewed,tx,tx
2022-02-22T15:25:15.377Z,31.65894844,-104.3156415,10.37338867,2.5,ml,13,68,0.1581319552,0.2,tx,tx2022dses,2022-05-04T13:39:48.040Z,"57 km S of Whites City, New Mexico",earthquake,1.181630055,2.360566579,0.2,13,reviewed,tx,tx
2022-02-22T12:50:28.851Z,31.66328751,-104.3202519,6.131567383,3,ml,19,59,0.04791907714,0.2,tx,tx2022drzp,2022-05-04T13:39:46.040Z,"57 km S of Whites City, New Mexico",earthquake,1.142197614,1.055593826,0.1,10,reviewed,tx,tx
2022-02-22T11:52:54.608Z,31.68902986,-104.3193851,7.519799805,2.9,ml,19,50,0.04961745417,0.2,tx,tx2022drxr,2022-05-04T13:39:45.040Z,"54 km S of Whites City, New Mexico",earthquake,1.083327346,1.001433673,0.1,9,reviewed,tx,tx
2022-02-21T14:04:21.587Z,32.7904,-100.643,5,2.6,mb_lg,,31,0.365,0.77,us,us7000gmmy,2022-05-04T13:39:18.040Z,"17 km WSW of Rotan, Texas",earthquake,1.5,2,0.088,34,reviewed,us,us
2022-02-20T13:35:56.011Z,31.66585924,-104.3878268,7.082763672,2.9,ml,16,61,0.09632829887,0.2,tx,tx2022dokb,2022-05-04T13:38:57.040Z,"56 km S of Whites City, New Mexico",earthquake,1.081426059,1.715995106,0.1,9,reviewed,tx,tx
2022-02-19T21:22:41.302Z,31.66877305,-104.3630911,6.157275391,2.5,ml,12,86,0.0837576842,0.2,tx,tx2022dndz,2022-05-04T13:38:42.040Z,"56 km S of Whites City, New Mexico",earthquake,1.322250042,1.507063165,0.1,8,reviewed,tx,tx
2022-02-19T01:47:56.515Z,31.6577834,-104.3565376,7.391259766,2.6,ml,10,87,0.07934410171,0.3,tx,tx2022dlrf,2022-05-04T13:38:32.040Z,"57 km S of Whites City, New Mexico",earthquake,1.424761578,1.522402057,0.2,12,reviewed,tx,tx
2022-02-19T00:38:53.467Z,31.66410315,-104.3748927,5.848779297,3.5,ml,20,62,0.09407362225,0.2,tx,tx2022dlox,2022-05-04T13:38:31.040Z,"56 km S of Whites City, New Mexico",earthquake,1.103958845,1.450930447,0.1,10,reviewed,tx,tx
2022-02-18T05:03:45.465Z,32.76580811,-100.6444122,5.013224284,2.8,ml,16,69,0.1225480547,0.2,tx,tx2022dkce,2022-04-30T14:18:25.040Z,"18 km NE of Hermleigh, Texas",earthquake,1.161178153,2.60282965,0.1,11,reviewed,tx,tx
2022-02-17T22:33:35.509Z,31.91619873,-102.0206507,9.121622721,2.6,ml,25,52,0.182609577,0.2,tx,tx2022djph,2022-04-30T14:18:24.040Z,"10 km SSE of Midland, Texas",earthquake,1.443978288,1.165124021,0.1,15,reviewed,tx,tx
2022-02-16T02:27:26.390Z,31.08599019,-103.2194694,4.486254883,2.5,ml,19,53,0.02815579486,0.2,tx,tx2022dgga,2022-04-30T14:18:17.040Z,"22 km SW of Coyanosa, Texas",earthquake,0.8744155841,0.695914277,0.1,12,reviewed,tx,tx
2022-02-15T17:14:18.209Z,31.87683105,-101.7366139,8.559163411,2.9,ml,19,66,0.1146391198,0.2,tx,tx2022dfnt,2022-04-30T14:18:16.040Z,"24 km W of Garden City, Texas",earthquake,0.8592779383,2.583585134,0.1,9,reviewed,tx,tx
2022-02-14T23:29:28.209Z,32.06268311,-102.2371618,8.436889648,3.2,ml,19,53,0.06351303581,0.1,tx,tx2022deeq,2022-04-30T14:18:14.040Z,"14 km ENE of Gardendale, Texas",earthquake,0.4828500035,0.7814039969,0.1,12,reviewed,tx,tx
2022-02-14T23:17:50.685Z,31.67257379,-104.4153407,7.237011719,2.8,ml,16,69,0.07293855663,0.3,tx,tx2022deeh,2022-04-30T14:18:13.040Z,"55 km S of Whites City, New Mexico",earthquake,1.788661521,1.700987847,0.2,13,reviewed,tx,tx
2022-02-14T17:53:00.619Z,31.6179215,-104.1132912,6.131567383,2.8,ml,17,52,0.08483253384,0.3,tx,tx2022ddtn,2022-04-30T14:18:12.040Z,"45 km NW of Toyah, Texas",earthquake,0.7905052199,1.297917103,0.1,7,reviewed,tx,tx
2022-02-13T20:17:58.587Z,31.66857506,-104.3943105,7.699755859,2.8,ml,17,60,0.09076029741,0.3,tx,tx2022dccu,2022-04-30T14:18:08.040Z,"56 km S of Whites City, New Mexico",earthquake,1.223237016,1.195712315,0.1,9,reviewed,tx,tx
2022-02-13T15:34:53.483Z,31.6695081,-104.3921656,7.596923828,3.5,ml,19,59,0.09259288127,0.3,tx,tx2022dbtm,2022-04-30T14:18:07.040Z,"56 km S of Whites City, New Mexico",earthquake,1.431980963,1.29293484,0.1,11,reviewed,tx,tx
2022-02-13T15:14:33.413Z,31.67114254,-104.3881429,7.468383789,2.5,ml,19,66,0.09605088394,0.2,tx,tx2022dbsw,2022-04-30T14:18:07.040Z,"55 km S of Whites City, New Mexico",earthquake,1.178271793,1.505264113,0.1,10,reviewed,tx,tx
2022-02-13T14:31:50.560Z,31.66401406,-104.388887,5.128955078,2.7,ml,12,70,0.09549678849,0.1,tx,tx2022dbrk,2022-04-30T14:18:07.040Z,"56 km S of Whites City, New Mexico",earthquake,1.160024102,1.931518902,0.1,7,reviewed,tx,tx
2022-02-13T12:59:18.729Z,31.67184397,-104.386265,5.488867188,2.6,ml,16,69,0.0976717547,0.2,tx,tx2022dboi,2022-04-30T14:18:06.040Z,"55 km S of Whites City, New Mexico",earthquake,1.904894187,3.27113305,0.2,19,reviewed,tx,tx
2022-02-13T11:15:58.486Z,31.67790378,-104.37286,6.157275391,2.8,ml,14,59,0.09224967396,0.2,tx,tx2022dbkz,2022-04-30T14:18:06.040Z,"55 km S of Whites City, New Mexico",earthquake,1.496003141,1.665210635,0.1,7,reviewed,tx,tx
2022-02-13T11:05:37.351Z,31.67236859,-104.3760417,7.288427734,3,ml,19,57,0.09475163282,0.2,tx,tx2022dbkq,2022-04-30T14:18:06.040Z,"55 km S of Whites City, New Mexico",earthquake,1.104698011,1.089448584,0.1,8,reviewed,tx,tx
2022-02-13T11:03:32.274Z,31.67881614,-104.3739447,6.260107422,3,ml,12,68,0.09323810142,0.3,tx,tx2022dbkn,2022-04-30T14:18:06.040Z,"55 km S of Whites City, New Mexico",earthquake,1.694308258,1.976204912,0.1,7,reviewed,tx,tx
2022-02-13T11:02:15.597Z,31.67437675,-104.38548,7.416967773,4.2,ml,55,56,0.09845587274,0.2,tx,tx2022dbkm,2022-04-30T14:18:06.040Z,"55 km S of Whites City, New Mexico",earthquake,0.777909334,0.8323677907,0.1,29,reviewed,tx,tx
2022-02-13T05:11:52.128Z,31.66774561,-104.3803075,7.185595703,3.5,ml,15,60,0.09846342032,0.3,tx,tx2022dayy,2022-04-30T14:18:05.040Z,"56 km S of Whites City, New Mexico",earthquake,1.426579041,1.529978387,0.1,7,reviewed,tx,tx
2022-02-13T05:10:28.356Z,31.67164338,-104.3816876,7.622631836,3.7,ml,20,58,0.09956208986,0.3,tx,tx2022dayw,2022-04-30T14:18:05.040Z,"55 km S of Whites City, New Mexico",earthquake,1.108215867,1.109219289,0.1,10,reviewed,tx,tx
2022-02-13T04:01:23.810Z,31.67209952,-104.3822299,7.262719727,2.9,ml,20,58,0.1000254221,0.2,tx,tx2022dawp,2022-04-30T14:18:04.040Z,"55 km S of Whites City, New Mexico",earthquake,1.112424138,1.097014069,0.1,10,reviewed,tx,tx
2022-02-12T11:50:01.271Z,31.67227936,-104.3900371,5.643115234,2.8,ml,15,58,0.09447363096,0.1,tx,tx2022czqo,2022-04-30T14:18:02.040Z,"55 km S of Whites City, New Mexico",earthquake,1.264562458,1.857856757,0.1,9,reviewed,tx,tx
2022-02-11T16:42:00.406Z,31.67579431,-104.4148319,7.391259766,3.2,ml,21,56,0.0736160125,0.3,tx,tx2022cyer,2022-04-19T17:40:02.040Z,"55 km S of Whites City, New Mexico",earthquake,1.200832629,1.184615205,0.1,10,reviewed,tx,tx
2022-02-11T13:43:20.813Z,31.6685959,-104.3910809,6.979931641,3,ml,17,60,0.09351361519,0.3,tx,tx2022cxyu,2022-04-19T17:39:54.040Z,"56 km S of Whites City, New Mexico",earthquake,1.467633913,1.470853509,0.1,9,reviewed,tx,tx
2022-02-10T21:31:01.099Z,31.66640728,-104.4438132,6.260107422,2.5,ml,24,65,0.0486077253,0.3,tx,tx2022cwss,2022-04-19T17:39:46.040Z,"56 km S of Whites City, New Mexico",earthquake,1.580291517,1.224574345,0.1,13,reviewed,tx,tx
2022-02-10T17:45:46.945Z,31.87774658,-101.7419731,9.072713216,3.3,ml,22,39,0.1117516177,0.2,tx,tx2022cwlh,2022-11-16T21:47:36.473Z,"24 km W of Garden City, Texas",earthquake,0.8102236319,1.752947581,0.1,13,reviewed,tx,tx
2022-02-10T15:03:09.225Z,30.95533634,-103.3844774,3.920678711,2.9,ml,25,63,0.06248859942,0.2,tx,tx2022cwfv,2022-04-19T17:39:30.040Z,"34 km E of Balmorhea, Texas",earthquake,0.7156752954,1.165308509,0.2,11,reviewed,tx,tx
2022-02-08T19:30:06.286Z,31.11109842,-103.2431911,2.455322266,2.8,ml,24,60,0.01584192554,0.2,tx,tx2022csxs,2022-08-06T11:11:32.970Z,"22 km SW of Coyanosa, Texas",earthquake,1.523888752,0.8513487074,0.1,14,reviewed,tx,tx
2022-02-07T12:19:37.753Z,31.929,-102.3047,5,2.7,mb_lg,,33,0.005,0.64,us,us7000gitr,2022-04-19T17:38:58.040Z,"10 km NNE of Odessa, Texas",earthquake,1.3,1.7,0.08,44,reviewed,us,us
2022-02-04T06:57:19.250Z,31.925354,-102.314334,8.436889648,3,ml,20,52,0.01224003018,0.2,tx,tx2022ckqw,2022-11-17T00:49:58.716Z,"10 km NNE of Odessa, Texas",earthquake,0.9616455752,0.6744850666,0.1,10,reviewed,tx,tx
2022-02-04T03:55:51.398Z,31.02901617,-103.1461613,22.3019043,3.3,ml,9,177,0.0327331788,0.2,tx,tx2022ckkx,2022-04-15T17:57:17.040Z,"24 km SSW of Coyanosa, Texas",earthquake,7.523692808,6.36376405,0.2,7,reviewed,tx,tx
2022-02-02T02:06:53.950Z,31.94915771,-102.3207651,5.25777181,2.5,ml,23,140,0.2584055247,0.2,tx,tx2022cgqh,2022-04-15T17:57:12.040Z,"9 km SE of Gardendale, Texas",earthquake,1.551963396,1.597671293,0.1,15,reviewed,tx,tx
2022-01-31T09:36:33.557Z,31.97845459,-102.3357708,8.681437174,2.7,ml,19,44,0.0260164056,0.1,tx,tx2022cdoc,2022-04-15T17:57:07.040Z,"6 km SE of Gardendale, Texas",earthquake,0.8067331542,0.610666967,0.1,7,reviewed,tx,tx
2022-01-30T06:14:05.264Z,31.93725586,-102.3346989,8.314615885,2.5,ml,23,40,0.01955851576,0.2,tx,tx2022cbly,2022-04-15T17:57:05.040Z,"10 km SSE of Gardendale, Texas",earthquake,0.6787878271,0.5872964659,0.2,10,reviewed,tx,tx
2022-01-28T18:21:44.061Z,31.94366455,-102.3314834,8.192342122,3.1,ml,28,40,0.01263084069,0.2,tx,tx2022bysy,2022-04-09T20:19:15.040Z,"9 km SSE of Gardendale, Texas",earthquake,0.8725690837,0.6335057804,0.1,13,reviewed,tx,tx
2022-01-28T16:23:21.528Z,31.6167162,-104.3456961,7.622631836,2.6,ml,31,62,0.08814631662,0.3,tx,tx2022bypa,2022-04-09T20:19:15.040Z,"62 km S of Whites City, New Mexico",earthquake,1.081552873,1.205106373,0.1,14,reviewed,tx,tx
2022-01-28T12:08:20.579Z,31.72378947,-104.3476766,7.57121582,2.9,ml,20,60,0.08558253906,0.3,tx,tx2022bygp,2022-04-09T20:19:14.040Z,"50 km S of Whites City, New Mexico",earthquake,1.148032375,1.126459405,0.1,10,reviewed,tx,tx
2022-01-28T11:37:13.589Z,31.59538051,-104.21589,7.622631836,2.9,ml,17,57,0.08704088176,0.2,tx,tx2022byfo,2022-04-09T20:19:14.040Z,"western Texas",earthquake,0.9282808567,1.355966558,0.2,7,reviewed,tx,tx
2022-01-28T10:23:37.233Z,31.70753413,-103.995351,7.622631836,2.5,ml,16,44,0.03891519493,0.2,tx,tx2022byde,2024-01-17T22:26:19.261Z,"37 km W of Mentone, Texas",earthquake,0.9459380009,0.711879123,0.1,7,reviewed,tx,tx
2022-01-27T15:22:52.000Z,32.40325928,-101.6262147,9.121622721,3,ml,18,60,0.1968589011,0.2,tx,tx2022bwrn,2022-04-09T20:19:11.040Z,"16 km SSE of Ackerly, Texas",earthquake,1.401553893,1.776658677,0.1,12,reviewed,tx,tx
2022-01-25T22:05:52.756Z,31.9418335,-102.3336271,7.70324707,2.6,ml,22,55,0.01515000595,0.2,tx,tx2022btnv,2022-04-09T20:19:03.040Z,"9 km SSE of Gardendale, Texas",earthquake,0.8040572437,0.6307613012,0.1,9,reviewed,tx,tx
2022-01-25T07:18:10.925Z,31.93084717,-102.3336271,7.801066081,2.7,ml,26,44,0.02232989098,0.2,tx,tx2022bskn,2022-04-09T20:19:01.040Z,"9 km NNE of Odessa, Texas",earthquake,1.011470106,0.6087433786,0.1,10,reviewed,tx,tx
2022-01-24T19:37:55.670Z,31.68008664,-104.4259078,7.262719727,3,ml,20,52,0.06484789741,0.3,tx,tx2022brnk,2022-04-09T20:18:59.040Z,"55 km S of Whites City, New Mexico",earthquake,1.17730983,1.047657836,0.1,10,reviewed,tx,tx
2022-01-24T12:50:48.058Z,31.6119509,-104.3357036,7.288427734,2.5,ml,18,62,0.08494698808,0.3,tx,tx2022bqzz,2022-04-09T20:18:57.040Z,"61 km WNW of Toyah, Texas",earthquake,1.446830283,1.414432582,0.2,7,reviewed,tx,tx
2022-01-24T08:26:24.153Z,31.65271041,-104.4638661,6.491479492,3.5,ml,35,66,0.03526088626,0.2,tx,tx2022bqrg,2022-04-09T20:18:57.040Z,"58 km S of Whites City, New Mexico",earthquake,1.45727004,0.9920450663,0.1,17,reviewed,tx,tx
2022-01-23T20:51:42.846Z,31.68110245,-104.4113813,7.57121582,3.2,ml,38,52,0.07722440136,0.3,tx,tx2022bpuj,2022-04-09T20:18:55.040Z,"54 km S of Whites City, New Mexico",earthquake,0.8282077615,1.057349039,0.1,19,reviewed,tx,tx
2022-01-23T14:39:22.225Z,31.68373034,-104.3960613,7.442675781,2.8,ml,35,51,0.0905383784,0.2,tx,tx2022bpic,2022-04-09T20:18:54.040Z,"54 km S of Whites City, New Mexico",earthquake,0.8312686764,0.9112620756,0.1,18,reviewed,tx,tx
2022-01-21T12:59:34.357Z,31.67671232,-104.3795789,7.519799805,3.3,ml,36,55,0.09789568326,0.2,tx,tx2022blnu,2022-11-16T22:01:52.873Z,"55 km S of Whites City, New Mexico",earthquake,0.9087192477,1.151815376,0.1,19,reviewed,tx,tx
2022-01-20T19:09:58.585Z,31.61722787,-104.3370925,7.057055664,2.5,ml,34,62,0.0821976969,0.3,tx,tx2022bkem,2022-04-01T17:40:22.040Z,"61 km WNW of Toyah, Texas",earthquake,1.00856988,1.003527629,0.1,14,reviewed,tx,tx
2022-01-20T18:11:08.102Z,31.71731302,-104.2759914,7.57121582,2.6,ml,37,58,0.04274072071,0.2,tx,tx2022bkco,2022-04-01T17:40:22.040Z,"51 km S of Whites City, New Mexico",earthquake,0.6211228747,0.540106661,0.1,19,reviewed,tx,tx
2022-01-20T04:32:17.377Z,31.19653858,-103.3310081,5.771655273,2.7,ml,36,42,0.05364811156,0.3,tx,tx2022bjbn,2022-04-01T17:40:20.040Z,"25 km WSW of Coyanosa, Texas",earthquake,0.8893542923,0.7993849658,0.1,14,reviewed,tx,tx
2022-01-20T03:41:45.004Z,31.18278101,-103.348713,3.45793457,3.1,ml,27,40,0.06809757395,0.3,tx,tx2022bizw,2022-04-01T17:40:20.040Z,"27 km SE of Lindsay, Texas",earthquake,0.7648003196,1.639951598,0.1,14,reviewed,tx,tx
2022-01-19T02:30:08.986Z,31.67129565,-104.3639203,7.365551758,2.9,ml,38,58,0.08441606252,0.2,tx,tx2022bhca,2022-04-01T17:40:18.040Z,"55 km S of Whites City, New Mexico",earthquake,0.7767378575,0.8768919743,0.1,18,reviewed,tx,tx
2022-01-18T13:09:58.246Z,31.64010963,-104.3897507,5.334619141,2.7,ml,37,63,0.09886982569,0.3,tx,tx2022bgbp,2022-04-01T17:40:16.040Z,"59 km S of Whites City, New Mexico",earthquake,1.335864829,1.312482133,0.1,19,reviewed,tx,tx
2022-01-18T12:31:47.890Z,31.59490639,-104.0034312,7.519799805,2.8,ml,17,54,0.07402302508,0.1,tx,tx2022bgaj,2022-04-01T17:40:16.040Z,"36 km NNW of Toyah, Texas",earthquake,0.6912933887,0.7811892664,0.1,7,reviewed,tx,tx
2022-01-18T10:31:16.994Z,32.44445801,-102.0796018,1.809651693,3,ml,46,59,0.25437889,0.3,tx,tx2022bfwj,2022-04-01T17:40:16.040Z,"34 km SSW of Los Ybanez, Texas",earthquake,1.139336324,0.9685572483,0.1,27,reviewed,tx,tx
2022-01-16T05:46:22.539Z,31.6063971,-104.3421127,6.157275391,2.7,ml,21,62,0.1489619131,0.3,tx,tx2022bbvz,2022-04-01T17:40:12.040Z,"61 km WNW of Toyah, Texas",earthquake,1.281381203,1.916530534,0.1,11,reviewed,tx,tx
2022-01-16T04:41:47.185Z,31.6137437,-104.3432502,7.288427734,3,ml,16,62,0.1451336571,0.3,tx,tx2022bbtv,2022-04-01T17:40:12.040Z,"western Texas",earthquake,1.748648275,1.992342113,0.1,6,reviewed,tx,tx
2022-01-16T04:29:58.953Z,31.66963155,-104.3727879,6.774267578,3,ml,14,59,0.1091133257,0.3,tx,tx2022bbtl,2022-04-01T17:40:12.040Z,"56 km S of Whites City, New Mexico",earthquake,1.671903931,1.712847269,0.1,6,reviewed,tx,tx
2022-01-16T03:13:05.062Z,31.61743981,-104.3400532,6.774267578,2.6,ml,34,62,0.1463207233,0.3,tx,tx2022bbqx,2022-04-01T17:40:12.040Z,"61 km WNW of Toyah, Texas",earthquake,1.362390226,1.513740954,0.1,16,reviewed,tx,tx
2022-01-11T07:25:26.314Z,31.69028671,-104.30082,7.391259766,2.5,ml,19,65,0.03588692152,0.2,tx,tx2022asvt,2022-03-19T22:07:40.040Z,"54 km S of Whites City, New Mexico",earthquake,0.9097877769,0.7672479869,0.1,10,reviewed,tx,tx
2022-01-11T04:57:02.461Z,31.72078072,-104.5205414,4.229174805,2.7,ml,22,101,0.03268918242,0.2,tx,tx2022asqw,2022-03-19T22:07:40.040Z,"52 km SSW of Whites City, New Mexico",earthquake,1.202143941,0.7524039132,0.1,12,reviewed,tx,tx
2022-01-11T04:26:32.769Z,31.67746835,-104.4048879,6.542895508,2.6,ml,21,55,0.08222037354,0.2,tx,tx2022aspv,2022-03-19T22:07:39.040Z,"55 km S of Whites City, New Mexico",earthquake,0.9631836954,0.9574924065,0.1,11,reviewed,tx,tx
2022-01-11T04:11:28.231Z,31.67861551,-104.4051675,6.157275391,2.5,ml,12,55,0.08211542853,0.3,tx,tx2022aspi,2022-03-19T22:07:39.040Z,"western Texas",earthquake,1.125575192,1.768627053,0.1,6,reviewed,tx,tx
2022-01-11T04:09:05.236Z,31.67696635,-104.4113435,7.365551758,3.7,ml,27,55,0.07669517064,0.3,tx,tx2022aspg,2022-03-19T22:07:39.040Z,"55 km S of Whites City, New Mexico",earthquake,0.9700058906,0.9241482492,0.1,13,reviewed,tx,tx
2022-01-10T11:32:53.757Z,31.66672286,-104.396447,7.288427734,2.6,ml,19,61,0.08895951411,0.3,tx,tx2022arik,2022-03-19T22:07:35.040Z,"56 km S of Whites City, New Mexico",earthquake,1.179638315,1.234092189,0.1,11,reviewed,tx,tx
2022-01-09T21:02:56.127Z,31.67119017,-104.4500492,6.131567383,2.7,ml,17,59,0.04331844813,0.3,tx,tx2022aqfr,2022-03-19T22:07:32.040Z,"56 km S of Whites City, New Mexico",earthquake,1.168220911,1.177085023,0.1,8,reviewed,tx,tx
2022-01-08T02:47:53.724Z,31.65515556,-104.2959659,6.799975586,2.5,ml,19,59,0.03119096238,0.3,tx,tx2022anab,2022-03-19T22:07:27.040Z,"58 km S of Whites City, New Mexico",earthquake,1.011650095,1.134633474,0.1,11,reviewed,tx,tx
2022-01-06T09:34:00.884Z,31.67467916,-104.4097076,6.440063477,2.8,ml,22,56,0.07786985935,0.2,tx,tx2022ajwl,2022-03-12T22:19:11.040Z,"55 km S of Whites City, New Mexico",earthquake,0.9279325444,0.9799133594,0.1,13,reviewed,tx,tx
2022-01-06T05:49:56.570Z,31.67129757,-104.399718,6.671435547,2.8,ml,22,59,0.08619141468,0.2,tx,tx2022ajpb,2022-03-12T22:19:11.040Z,"55 km S of Whites City, New Mexico",earthquake,1.180404047,1.180793115,0.2,14,reviewed,tx,tx
2022-01-06T00:36:38.813Z,31.60185969,-104.3323923,7.699755859,2.6,ml,23,62,0.09051780121,0.2,tx,tx2022ajes,2022-03-12T22:19:11.040Z,"60 km WNW of Toyah, Texas",earthquake,1.222771839,1.324883851,0.2,16,reviewed,tx,tx
2022-01-05T23:37:46.784Z,31.67606494,-104.4086435,6.080151367,2.9,ml,27,55,0.07889312112,0.3,tx,tx2022ajct,2022-03-12T22:19:10.040Z,"55 km S of Whites City, New Mexico",earthquake,1.101337821,0.9730531792,0.1,12,reviewed,tx,tx
2022-01-05T21:56:22.395Z,31.65286383,-104.2948714,7.57121582,2.8,ml,22,59,0.03170540159,0.3,tx,tx2022aizl,2022-03-12T22:19:10.040Z,"58 km S of Whites City, New Mexico",earthquake,1.048052061,0.9234184719,0.2,10,reviewed,tx,tx
2022-01-05T02:53:43.782Z,31.6623652,-104.3207826,7.776879883,3.3,ml,24,59,0.04853257556,0.3,tx,tx2022ahnt,2022-03-12T22:19:08.040Z,"57 km S of Whites City, New Mexico",earthquake,1.004074741,0.9041226667,0.1,16,reviewed,tx,tx
2022-01-04T04:02:02.383Z,31.68726376,-104.4518179,5.308911133,3.6,ml,24,50,0.04572623802,0.2,tx,tx2022afum,2022-03-12T22:19:06.040Z,"54 km S of Whites City, New Mexico",earthquake,1.130616285,1.187959467,0.2,10,reviewed,tx,tx
2022-01-03T18:13:44.915Z,31.6634493,-104.2922635,7.57121582,2.5,ml,20,58,0.02471621776,0.2,tx,tx2022afaz,2022-03-12T22:18:57.040Z,"57 km S of Whites City, New Mexico",earthquake,1.024958215,0.9052388932,0.2,12,reviewed,tx,tx
2022-01-03T17:26:55.500Z,31.65194162,-104.2954023,7.93112793,3,ml,20,59,0.03262066685,0.3,tx,tx2022aezo,2022-03-12T22:19:04.040Z,"58 km S of Whites City, New Mexico",earthquake,1.042401604,1.111162923,0.1,12,reviewed,tx,tx
2022-01-03T16:36:18.460Z,31.65840315,-104.2906092,7.314135742,2.8,ml,23,67,0.02559677826,0.2,tx,tx2022aexu,2022-03-12T22:19:04.040Z,"57 km S of Whites City, New Mexico",earthquake,0.9492140301,0.7729395867,0.2,12,reviewed,tx,tx
2022-01-03T16:00:08.353Z,31.65512786,-104.3008096,7.725463867,3.5,ml,36,59,0.03477939769,0.3,tx,tx2022aewr,2022-03-12T22:19:04.040Z,"58 km S of Whites City, New Mexico",earthquake,0.8483860181,0.801663911,0.1,19,reviewed,tx,tx
2022-01-03T12:24:45.522Z,31.62060196,-104.0153894,7.416967773,3.2,ml,18,68,0.05399786805,0.1,tx,tx2022aepq,2022-03-12T22:19:04.040Z,"39 km NNW of Toyah, Texas",earthquake,0.7014204544,0.7651840322,0.2,10,reviewed,tx,tx
2022-01-03T09:28:27.902Z,31.66108063,-104.3046246,8.136791992,3.1,ml,22,59,0.03546901224,0.3,tx,tx2022aejt,2022-03-12T22:19:03.040Z,"57 km S of Whites City, New Mexico",earthquake,1.015938998,0.9798964137,0.2,10,reviewed,tx,tx
2022-01-03T09:08:30.741Z,31.65191394,-104.3002459,7.314135742,3.5,ml,24,59,0.0360145476,0.3,tx,tx2022aejc,2022-03-12T22:19:03.040Z,"58 km S of Whites City, New Mexico",earthquake,0.9900382615,0.8500864881,0.1,13,reviewed,tx,tx
2022-01-03T06:30:53.912Z,31.65466829,-104.3008059,7.211303711,3.6,ml,23,59,0.03499749683,0.3,tx,tx2022aedx,2022-03-12T22:19:03.040Z,"58 km S of Whites City, New Mexico",earthquake,0.9660294209,0.8760813785,0.2,12,reviewed,tx,tx
2022-01-03T03:11:56.842Z,31.62382095,-104.0148671,7.262719727,2.6,ml,21,51,0.05112155457,0.2,tx,tx2022adxi,2022-03-12T22:19:03.040Z,"40 km NNW of Toyah, Texas",earthquake,0.7374047821,0.7909085169,0.1,13,reviewed,tx,tx
2022-01-03T00:31:47.380Z,31.65650967,-104.3002824,6.851391602,3.2,ml,23,59,0.0337417661,0.3,tx,tx2022adsb,2022-03-12T22:19:02.040Z,"58 km S of Whites City, New Mexico",earthquake,0.9168648168,0.9207181345,0.1,13,reviewed,tx,tx
2022-01-02T22:39:57.727Z,31.61739432,-104.0126838,6.697143555,2.7,ml,25,71,0.05780255439,0.2,tx,tx2022adoj,2022-03-12T22:19:02.040Z,"39 km NNW of Toyah, Texas",earthquake,0.889978472,0.8451291992,0.2,12,reviewed,tx,tx
2022-01-02T21:08:17.489Z,32.2869873,-101.7752001,8.16788737,3.2,ml,21,57,0.0261069348,0.2,tx,tx2022adli,2022-03-12T22:19:02.040Z,"17 km N of Stanton, Texas",earthquake,0.9872861148,0.6869995106,0.2,7,reviewed,tx,tx
2021-12-31T22:56:50.593Z,31.64024697,-104.4040125,6.131567383,2.7,ml,17,64,0.08725266076,0.2,tx,tx2021zqun,2022-03-05T23:11:00.040Z,"59 km S of Whites City, New Mexico",earthquake,1.064476012,1.135904513,0.1,12,reviewed,tx,tx
2021-12-31T13:52:50.485Z,31.21719769,-103.318637,5.206079102,2.6,ml,17,50,0.05190920282,0.2,tx,tx2021zqcp,2022-03-05T23:10:59.040Z,"24 km W of Coyanosa, Texas",earthquake,1.158919489,1.507164455,0.2,8,reviewed,tx,tx
2021-12-31T05:29:22.011Z,31.87042236,-101.7333984,7.849975586,2.6,ml,24,66,0.1215852054,0.2,tx,tx2021zplz,2022-03-05T23:10:58.040Z,"23 km W of Garden City, Texas",earthquake,1.028555758,1.476325102,0.2,15,reviewed,tx,tx
2021-12-30T14:57:47.826Z,31.68339673,-104.4119406,6.131567383,2.9,ml,19,68,0.07716138404,0.3,tx,tx2021zojg,2022-03-05T23:10:56.040Z,"54 km S of Whites City, New Mexico",earthquake,1.071307009,1.053787064,0.1,13,reviewed,tx,tx
2021-12-30T10:53:00.534Z,32.28424072,-101.7805593,9.415079753,2.6,ml,21,57,0.02145812775,0.1,tx,tx2021zobd,2022-03-05T23:10:55.040Z,"17 km N of Stanton, Texas",earthquake,0.9580816336,0.5512484104,0.2,12,reviewed,tx,tx
2021-12-29T20:28:44.185Z,31.99237922,-103.8719125,7.519799805,3.5,ml,14,47,0.05265326232,0.1,tx,tx2021zmyq,2022-03-05T23:10:54.040Z,"31 km SE of Malaga, New Mexico",earthquake,0.6797413401,1.077752003,0.1,8,reviewed,tx,tx
2021-12-29T15:54:32.498Z,32.76580811,-100.6637052,7.947794596,3.1,ml,12,97,0.1126244185,0.1,tx,tx2021zmpp,2022-03-05T23:10:53.040Z,"17 km NNE of Hermleigh, Texas",earthquake,1.075241698,1.71132553,0.1,8,reviewed,tx,tx
2021-12-29T13:11:16.386Z,31.73793608,-104.0989211,7.211303711,2.6,ml,31,82,0.0378413973,0.2,tx,tx2021zmkf,2022-03-05T23:10:52.040Z,"47 km W of Mentone, Texas",earthquake,0.5330216793,0.6757181053,0.1,23,reviewed,tx,tx
2021-12-29T12:59:43.533Z,31.17722616,-103.3257001,4.126342773,2.7,ml,24,39,0.04923046158,0.3,tx,tx2021zmjv,2022-03-05T23:10:52.040Z,"25 km WSW of Coyanosa, Texas",earthquake,0.9850135515,1.399155243,0.1,14,reviewed,tx,tx
2021-12-29T12:22:24.870Z,31.73375901,-104.1085928,7.005639648,2.6,ml,24,74,0.04205566945,0.2,tx,tx2021zmip,2022-03-05T23:10:52.040Z,"48 km W of Mentone, Texas",earthquake,0.7362647581,0.5825788382,0.2,12,reviewed,tx,tx
2021-12-28T01:55:43.702Z,32.28607178,-101.7741282,8.436889648,4.6,ml,25,57,0.02586284717,0.2,tx,tx2021zjsk,2023-11-04T23:53:04.562Z,"17 km N of Stanton, Texas",earthquake,0.9116437066,0.5786922901,0.2,11,reviewed,tx,tx
2021-12-27T16:56:55.121Z,31.73377043,-104.1058996,7.314135742,2.7,ml,22,75,0.04167461013,0.2,tx,tx2021zjar,2022-03-05T23:10:45.040Z,"48 km W of Mentone, Texas",earthquake,0.9473190175,0.6791179529,0.2,13,reviewed,tx,tx
2021-12-27T00:32:28.808Z,31.66253626,-104.2911798,8.033959961,2.9,ml,22,58,0.02417468357,0.3,tx,tx2021zhud,2022-03-05T23:10:43.040Z,"57 km S of Whites City, New Mexico",earthquake,1.127305455,1.101069364,0.2,15,reviewed,tx,tx
2021-12-25T19:32:09.042Z,31.6272,-104.3029,13.4,2.5,ml,,60,0.173,0.66,us,us6000gfa6,2022-03-05T23:10:40.040Z,"59 km NW of Toyah, Texas",earthquake,1.6,7,0.064,54,reviewed,us,us
2021-12-23T06:04:10.106Z,31.71553375,-104.5153708,7.082763672,3.2,ml,17,81,0.03753864977,0.3,tx,tx2021zaxc,2022-03-01T16:39:43.040Z,"52 km SSW of Whites City, New Mexico",earthquake,1.478077662,1.098463251,0.2,10,reviewed,tx,tx
2021-12-21T16:16:55.298Z,31.64636883,-104.2210919,7.57121582,2.9,ml,20,65,0.04509860199,0.3,tx,tx2021yyai,2022-03-01T16:38:55.040Z,"54 km NW of Toyah, Texas",earthquake,1.015501978,0.8977125029,0.2,5,reviewed,tx,tx
2021-12-21T13:31:10.765Z,31.67493898,-104.4051341,7.082763672,2.6,ml,21,56,0.08177707769,0.3,tx,tx2021yxuw,2022-03-01T16:38:52.040Z,"55 km S of Whites City, New Mexico",earthquake,1.194239796,1.261069676,0.1,14,reviewed,tx,tx
2021-12-20T12:44:34.578Z,31.65138258,-104.2292003,7.57121582,2.7,ml,18,65,0.03655881003,0.3,tx,tx2021yvxu,2022-03-01T16:38:16.040Z,"55 km NW of Toyah, Texas",earthquake,0.9235648541,0.9668817036,0.2,7,reviewed,tx,tx
2021-12-20T12:43:26.003Z,31.65277523,-104.2265193,7.725463867,2.9,ml,23,65,0.03776701837,0.2,tx,tx2021yvxt,2022-03-01T16:38:15.040Z,"55 km NW of Toyah, Texas",earthquake,0.9676862028,1.015206547,0.2,8,reviewed,tx,tx
2021-12-20T09:29:50.516Z,31.20317261,-103.3146556,5.745947266,2.5,ml,23,53,0.04202491051,0.3,tx,tx2021yvrj,2022-03-01T16:38:13.040Z,"24 km W of Coyanosa, Texas",earthquake,1.079681909,1.274703347,0.2,13,reviewed,tx,tx
2021-12-20T08:35:26.773Z,31.64959138,-104.2200384,7.725463867,3,ml,24,65,0.04414744927,0.3,tx,tx2021yvpp,2022-03-01T16:38:12.040Z,"54 km NW of Toyah, Texas",earthquake,0.8589245665,0.892378052,0.2,17,reviewed,tx,tx
2021-12-19T22:05:38.597Z,31.65210388,-104.2230163,8.008251953,2.5,ml,20,84,0.0407007974,0.3,tx,tx2021yuuu,2022-03-01T16:38:03.040Z,"55 km NW of Toyah, Texas",earthquake,0.9951035826,0.9630764588,0.2,11,reviewed,tx,tx
2021-12-18T02:56:05.335Z,32.84454346,-100.9402391,6.138142904,2.9,ml,15,81,0.03162621832,0.2,tx,tx2021yrnj,2022-03-01T16:37:21.040Z,"14 km N of Snyder, Texas",earthquake,0.784473562,1.044710353,0.2,7,reviewed,tx,tx
2021-12-16T17:42:40.189Z,32.84820557,-100.9402391,5.746866862,2.5,ml,13,80,0.02944977522,0.1,tx,tx2021yozq,2022-02-24T21:02:02.040Z,"14 km N of Snyder, Texas",earthquake,0.6012036388,0.9801068767,0.2,6,reviewed,tx,tx
2021-12-16T12:25:25.256Z,31.56493822,-104.0301734,8.548120117,4.4,ml,19,60,0.03634227007,0.2,tx,tx2021yope,2022-02-24T21:01:45.040Z,"35 km NW of Toyah, Texas",earthquake,0.9142472607,0.7981118179,0.2,8,reviewed,tx,tx
2021-12-16T10:01:36.725Z,32.06268311,-102.2393054,10.53999837,3.3,ml,21,57,0.06315904584,0.1,tx,tx2021yokk,2022-02-24T21:01:41.040Z,"14 km ENE of Gardendale, Texas",earthquake,0.4401176865,0.6809954882,0.2,8,reviewed,tx,tx
2021-12-16T04:33:27.070Z,32.06451416,-102.2393054,10.34436035,3.7,ml,27,57,0.0649617466,0.1,tx,tx2021ynzp,2022-02-24T21:01:33.040Z,"14 km ENE of Gardendale, Texas",earthquake,0.4187080854,0.7175626679,0.2,13,reviewed,tx,tx
2021-12-15T22:21:02.647Z,32.06359863,-102.2382336,9.830810547,3.6,ml,19,59,0.06422850767,0.1,tx,tx2021ynnh,2022-12-17T13:09:05.512Z,"14 km ENE of Gardendale, Texas",earthquake,0.5849232164,0.8884838438,0.1,13,reviewed,tx,tx
2021-12-15T15:30:21.563Z,32.06451416,-102.2350181,8.877075195,3.1,ml,26,65,0.06569871014,0.1,tx,tx2021ymzt,2022-02-24T21:01:09.040Z,"14 km ENE of Gardendale, Texas",earthquake,0.6782823002,0.8003718132,0.2,13,reviewed,tx,tx
2021-12-14T20:39:53.513Z,32.4604,-103.4628,4.04,2.9,ml,,52,0.118,0.61,us,us6000gc94,2022-02-24T21:00:52.040Z,"26 km SW of Monument, New Mexico",earthquake,1.3,3.4,0.076,23,reviewed,us,us
2021-12-13T13:11:33.513Z,31.66191392,-104.4286993,6.157275391,2.6,ml,26,64,0.06180858173,0.3,tx,tx2021yjee,2022-02-24T21:00:32.040Z,"57 km S of Whites City, New Mexico",earthquake,1.037351293,1.030169023,0.1,13,reviewed,tx,tx
2021-12-13T07:53:29.837Z,31.65641324,-104.4601344,6.337231445,2.5,ml,25,66,0.03673296751,0.2,tx,tx2021yits,2022-02-24T21:00:28.040Z,"58 km S of Whites City, New Mexico",earthquake,1.185227719,1.195977929,0.2,13,reviewed,tx,tx
2021-12-13T03:06:15.760Z,31.19607708,-103.329938,5.257495117,2.6,ml,32,62,0.05266448416,0.2,tx,tx2021yikf,2022-02-24T21:00:26.040Z,"25 km WSW of Coyanosa, Texas",earthquake,0.759051016,0.8715412685,0.2,16,reviewed,tx,tx
2021-12-11T22:27:18.092Z,31.72172783,-104.5167809,7.314135742,4,ml,28,78,0.0313886801,0.3,tx,tx2021ygfk,2022-02-24T21:00:02.040Z,"52 km SSW of Whites City, New Mexico",earthquake,1.162338872,0.8017747045,0.2,17,reviewed,tx,tx
2021-12-11T14:41:25.842Z,31.66442552,-104.3600931,7.416967773,2.6,ml,20,61,0.08147356976,0.2,tx,tx2021yfqd,2022-02-24T20:59:56.040Z,"56 km S of Whites City, New Mexico",earthquake,1.095614468,1.104736641,0.2,13,reviewed,tx,tx
2021-12-11T13:28:52.239Z,31.66715953,-104.3638846,6.74855957,3.5,ml,24,69,0.08450421031,0.2,tx,tx2021yfnt,2022-02-24T20:59:55.040Z,"56 km S of Whites City, New Mexico",earthquake,0.8919857038,0.9499668808,0.2,12,reviewed,tx,tx
2021-12-11T10:30:42.230Z,31.67128223,-104.3660734,6.440063477,2.9,ml,23,68,0.08625166034,0.3,tx,tx2021yfhw,2022-02-24T20:59:54.040Z,"55 km S of Whites City, New Mexico",earthquake,1.106853464,0.8718877666,0.2,15,reviewed,tx,tx
2021-12-11T09:13:31.504Z,31.66760231,-104.3665799,7.314135742,2.5,ml,22,59,0.08677707774,0.3,tx,tx2021yffi,2022-02-24T20:59:52.040Z,"56 km S of Whites City, New Mexico",earthquake,1.085892037,1.087714399,0.2,15,reviewed,tx,tx
2021-12-11T09:03:30.411Z,31.66162119,-104.3676046,6.697143555,3.4,ml,26,69,0.08812990491,0.3,tx,tx2021yfez,2022-02-24T20:59:51.040Z,"57 km S of Whites City, New Mexico",earthquake,0.9050372352,0.9432312478,0.1,17,reviewed,tx,tx
2021-12-09T16:30:40.079Z,31.68872582,-104.2924622,7.159887695,3.1,ml,22,65,0.02909084445,0.3,tx,tx2021yccs,2022-02-12T23:07:16.040Z,"54 km S of Whites City, New Mexico",earthquake,1.003866243,0.6889379361,0.1,12,reviewed,tx,tx
2021-12-08T16:24:10.155Z,31.72053004,-104.2760161,7.314135742,3.1,ml,28,59,0.03985969633,0.3,tx,tx2021yaha,2022-02-12T23:06:51.040Z,"51 km S of Whites City, New Mexico",earthquake,0.8134609003,0.7137780678,0.1,19,reviewed,tx,tx
2021-12-08T04:54:11.383Z,31.05772283,-103.3206475,5.514575195,2.6,ml,25,58,0.06376673927,0.3,tx,tx2021xzkh,2022-02-12T23:06:58.040Z,"31 km SW of Coyanosa, Texas",earthquake,0.9784730066,1.374139026,0.1,17,reviewed,tx,tx
2021-12-08T04:49:46.228Z,31.05126412,-103.3078296,5.308911133,3,ml,28,74,0.0761635888,0.2,tx,tx2021xzkc,2022-02-12T23:06:35.040Z,"31 km SW of Coyanosa, Texas",earthquake,0.8530560505,1.531444775,0.2,19,reviewed,tx,tx
2021-12-08T04:12:59.067Z,31.67217452,-104.4061857,7.905419922,2.8,ml,17,66,0.08071430036,0.3,tx,tx2021xzix,2022-02-12T23:06:57.040Z,"55 km S of Whites City, New Mexico",earthquake,1.098333372,1.366015659,0.2,12,reviewed,tx,tx
2021-12-08T04:11:01.470Z,31.67767519,-104.408389,7.596923828,3.2,ml,20,54,0.07927721494,0.2,tx,tx2021xziu,2022-02-12T23:06:34.040Z,"55 km S of Whites City, New Mexico",earthquake,1.266776712,1.415668616,0.2,12,reviewed,tx,tx
2021-12-07T02:57:23.153Z,31.67287973,-104.4037696,6.440063477,3.7,ml,40,66,0.08280531112,0.3,tx,tx2021xxkx,2022-02-12T23:06:18.040Z,"55 km S of Whites City, New Mexico",earthquake,0.7328211844,1.004404612,0.1,26,reviewed,tx,tx
2021-12-05T17:34:01.312Z,31.67394465,-104.3811696,7.159887695,2.5,ml,22,57,0.1021010386,0.2,tx,tx2021xuwu,2022-02-12T23:06:05.040Z,"55 km S of Whites City, New Mexico",earthquake,1.048989652,1.34017357,0.1,15,reviewed,tx,tx
2021-12-05T01:18:08.044Z,31.64912797,-104.380951,6.388647461,2.8,ml,36,63,0.1040052602,0.3,tx,tx2021xtqp,2022-02-12T23:05:56.040Z,"58 km S of Whites City, New Mexico",earthquake,0.9361486492,1.160727441,0.2,20,reviewed,tx,tx
2021-12-04T19:28:05.269Z,31.67562304,-104.4059478,6.440063477,2.5,ml,19,56,0.08114175854,0.3,tx,tx2021xtfb,2022-02-12T23:05:53.040Z,"55 km S of Whites City, New Mexico",earthquake,1.054384975,1.277024427,0.1,12,reviewed,tx,tx
2021-12-04T12:45:44.774Z,31.73383553,-104.0902787,6.697143555,2.5,ml,19,63,0.02941437069,0.3,tx,tx2021xsru,2022-02-12T23:05:51.040Z,"46 km W of Mentone, Texas",earthquake,0.8612483918,0.6901811865,0.2,12,reviewed,tx,tx
2021-12-04T05:34:19.664Z,31.59993226,-104.2245283,7.314135742,3.1,ml,37,69,0.1594125692,0.2,tx,tx2021xsdn,2022-02-12T23:05:48.040Z,"western Texas",earthquake,0.8063945243,1.036727633,0.2,23,reviewed,tx,tx
2021-12-04T04:22:02.623Z,31.86126709,-101.7141054,11.22473145,2.5,ml,18,117,0.137697684,0.2,tx,tx2021xsbe,2022-02-12T23:05:48.040Z,"22 km W of Garden City, Texas",earthquake,1.278875678,1.835919787,0.2,13,reviewed,tx,tx
2021-12-03T23:53:47.989Z,31.66123724,-104.4268092,5.308911133,3.1,ml,30,139,0.06348622874,0.3,tx,tx2021xrsi,2022-02-12T23:05:46.040Z,"57 km S of Whites City, New Mexico",earthquake,0.9214598376,1.119097484,0.2,19,reviewed,tx,tx
2021-12-01T08:56:17.445Z,31.9845714,-103.8697257,7.725463867,3,ml,28,42,0.05700713436,0.2,tx,tx2021xmxs,2022-02-05T23:03:39.040Z,"32 km SE of Malaga, New Mexico",earthquake,0.8553636447,0.9225490219,0.2,18,reviewed,tx,tx
2021-12-01T07:55:42.099Z,31.67945261,-104.3822948,6.182983398,3.1,ml,44,68,0.1015818321,0.3,tx,tx2021xmvs,2022-02-05T23:03:39.040Z,"55 km S of Whites City, New Mexico",earthquake,0.7843647492,1.032622598,0.2,26,reviewed,tx,tx
2021-11-30T21:20:52.975Z,31.679394,-104.3914464,6.388647461,3.2,ml,20,68,0.0938220362,0.3,tx,tx2021xmau,2022-02-05T23:03:35.040Z,"55 km S of Whites City, New Mexico",earthquake,1.005794591,1.264725765,0.2,12,reviewed,tx,tx
2021-11-30T21:06:36.897Z,31.67074817,-104.3779115,6.74855957,2.7,ml,21,69,0.104761872,0.2,tx,tx2021xmah,2022-02-05T23:03:34.040Z,"55 km S of Whites City, New Mexico",earthquake,1.001334814,1.401960432,0.2,16,reviewed,tx,tx
2021-11-29T16:34:00.243Z,31.65989898,-104.3102668,7.905419922,2.5,ml,17,68,0.1146422899,0.3,tx,tx2021xjvu,2022-02-05T23:04:34.040Z,"western Texas",earthquake,1.101335469,1.777355254,0.1,13,reviewed,tx,tx
2021-11-28T23:03:03.450Z,31.17996685,-103.3165901,2.892358398,3.2,ml,25,55,0.04104864486,0.2,tx,tx2021xind,2022-02-05T23:04:30.040Z,"25 km WSW of Coyanosa, Texas",earthquake,0.8926228437,1.327702346,0.2,17,reviewed,tx,tx
2021-11-28T18:32:50.002Z,31.67421366,-104.3749812,6.979931641,3.2,ml,19,57,0.1073834254,0.2,tx,tx2021xief,2022-02-05T23:04:28.040Z,"55 km S of Whites City, New Mexico",earthquake,0.9859807824,1.31958978,0.1,12,reviewed,tx,tx
2021-11-28T13:34:33.292Z,31.6659005,-104.3813678,7.699755859,2.9,ml,14,61,0.1018316413,0.3,tx,tx2021xhuk,2022-02-05T23:04:27.040Z,"56 km S of Whites City, New Mexico",earthquake,1.282777239,1.756999508,0.2,6,reviewed,tx,tx
2021-11-28T08:58:55.198Z,31.66584542,-104.3899798,7.596923828,2.9,ml,14,61,0.0944939415,0.2,tx,tx2021xhlh,2022-02-05T23:04:26.040Z,"56 km S of Whites City, New Mexico",earthquake,1.267057329,1.614976063,0.1,8,reviewed,tx,tx
2021-11-28T05:59:10.788Z,31.66923274,-104.2433241,6.697143555,3.3,ml,27,54,0.1161302363,0.3,tx,tx2021xhfj,2022-02-05T23:04:24.040Z,"57 km SSE of Whites City, New Mexico",earthquake,0.8493159068,1.367953482,0.2,15,reviewed,tx,tx
2021-11-27T03:41:50.310Z,31.66688091,-104.3716873,7.596923828,3,ml,16,60,0.1100617123,0.3,tx,tx2021xffi,2022-02-05T23:04:17.040Z,"56 km S of Whites City, New Mexico",earthquake,1.083635432,1.464321186,0.2,10,reviewed,tx,tx
2021-11-27T02:46:37.519Z,31.66574382,-104.3697934,6.697143555,2.9,ml,27,60,0.111700146,0.2,tx,tx2021xfdn,2022-02-05T23:04:17.040Z,"56 km S of Whites City, New Mexico",earthquake,0.9449253147,1.279688035,0.2,16,reviewed,tx,tx
2021-11-27T00:44:35.674Z,31.61353188,-104.2601313,6.131567383,2.6,ml,44,70,0.1646482839,0.3,tx,tx2021xezm,2022-02-05T23:04:16.040Z,"55 km NW of Toyah, Texas",earthquake,0.8407707993,1.482917539,0.2,24,reviewed,tx,tx
2021-11-26T23:04:31.171Z,31.6078032,-104.2571297,6.774267578,3.3,ml,22,58,0.1708059369,0.3,tx,tx2021xewe,2022-02-05T23:04:16.040Z,"54 km NW of Toyah, Texas",earthquake,1.084498544,1.667695319,0.1,12,reviewed,tx,tx
2021-11-26T22:24:10.550Z,31.61077734,-104.2595727,6.645727539,2.7,ml,46,70,0.1674456302,0.2,tx,tx2021xeuv,2022-02-05T23:03:32.040Z,"55 km NW of Toyah, Texas",earthquake,0.8115485671,1.461920069,0.2,28,reviewed,tx,tx
2021-11-26T13:24:45.585Z,31.61282057,-104.2641607,7.031347656,3.4,ml,20,59,0.1646474256,0.2,tx,tx2021xedc,2022-02-05T23:04:13.040Z,"55 km NW of Toyah, Texas",earthquake,1.03490057,1.888336612,0.1,12,reviewed,tx,tx
2021-11-25T13:59:30.153Z,31.64218143,-104.0214142,7.622631836,2.6,ml,23,70,0.03197629158,0.1,tx,tx2021xcis,2022-01-29T22:55:55.040Z,"40 km W of Mentone, Texas",earthquake,0.697284685,0.6729310796,0.2,11,reviewed,tx,tx
2021-11-25T10:18:01.651Z,31.67208545,-104.3090191,6.799975586,2.5,ml,21,56,0.1023919286,0.2,tx,tx2021xcbm,2022-01-29T22:55:54.040Z,"56 km S of Whites City, New Mexico",earthquake,0.9179239465,1.27334454,0.2,8,reviewed,tx,tx
2021-11-24T14:59:09.094Z,31.65528445,-104.3134589,7.288427734,2.5,ml,38,68,0.1194575827,0.3,tx,tx2021xapf,2022-01-29T22:54:51.040Z,"58 km S of Whites City, New Mexico",earthquake,0.7025832404,0.9859757369,0.2,23,reviewed,tx,tx
2021-11-24T04:12:34.437Z,31.65986759,-104.3156489,7.288427734,2.6,ml,17,59,0.1150656321,0.3,tx,tx2021wztv,2022-01-29T22:55:36.040Z,"57 km S of Whites City, New Mexico",earthquake,1.180144014,1.793103806,0.1,9,reviewed,tx,tx
2021-11-23T01:31:53.407Z,31.65825187,-104.4265123,7.391259766,2.7,ml,13,64,0.06415339442,0.3,tx,tx2021wxsz,2022-01-29T22:55:26.040Z,"57 km S of Whites City, New Mexico",earthquake,1.414050518,1.446696796,0.1,6,reviewed,tx,tx
2021-11-22T01:06:34.816Z,31.65952455,-104.3347537,7.57121582,2.8,ml,31,60,0.1182293033,0.2,tx,tx2021wvws,2022-01-29T22:55:17.040Z,"57 km S of Whites City, New Mexico",earthquake,0.8569341158,1.273560911,0.1,16,reviewed,tx,tx
2021-11-21T09:53:33.332Z,31.67514637,-104.372836,7.596923828,2.6,ml,16,56,0.1092613069,0.3,tx,tx2021wuso,2022-01-29T22:55:14.040Z,"55 km S of Whites City, New Mexico",earthquake,1.312886633,1.584744209,0.2,9,reviewed,tx,tx
2021-11-21T05:51:45.112Z,31.67731021,-104.4622205,6.465771484,2.8,ml,15,58,0.03400199402,0.3,tx,tx2021wukp,2022-01-29T22:55:13.040Z,"55 km S of Whites City, New Mexico",earthquake,1.294835185,1.330436555,0.1,7,reviewed,tx,tx
2021-11-20T21:35:03.151Z,31.59536042,-104.0050469,7.93112793,2.9,ml,13,65,0.07360046813,0.2,tx,tx2021wtuh,2022-01-29T22:55:11.040Z,"37 km NNW of Toyah, Texas",earthquake,1.092289816,1.143336248,0.1,7,reviewed,tx,tx
2021-11-19T04:18:11.088Z,31.16377523,-103.2657692,3.406518555,3,ml,23,73,0.0234710107,0.2,tx,tx2021wqqn,2022-01-29T22:54:57.040Z,"21 km WSW of Coyanosa, Texas",earthquake,1.167973812,0.9681949321,0.2,16,reviewed,tx,tx
2021-11-18T09:59:12.726Z,31.66805515,-104.3676604,6.594311523,2.8,ml,39,69,0.1134820188,0.2,tx,tx2021wpgg,2022-01-22T20:52:01.040Z,"56 km S of Whites City, New Mexico",earthquake,0.8239913314,1.194924614,0.2,26,reviewed,tx,tx
2021-11-17T10:57:54.147Z,31.66101494,-104.3159274,7.211303711,2.5,ml,34,68,0.1139482289,0.3,tx,tx2021wnmr,2022-01-22T20:51:58.040Z,"57 km S of Whites City, New Mexico",earthquake,0.9130467253,1.392187139,0.1,19,reviewed,tx,tx
2021-11-17T10:36:47.318Z,32.40142822,-101.5897723,10.24654134,2.5,ml,20,61,0.1930756321,0.2,tx,tx2021wnlz,2022-01-22T20:51:58.040Z,"18 km SE of Ackerly, Texas",earthquake,0.8776122315,0.8963864314,0.2,12,reviewed,tx,tx
2021-11-17T03:25:56.862Z,32.11578369,-102.1599895,6.725056966,2.7,ml,26,49,0.01510533578,0.1,tx,tx2021wmxu,2022-01-22T20:51:57.040Z,"15 km NNW of Midland, Texas",earthquake,0.5594702091,0.9988603886,0.2,10,reviewed,tx,tx
2021-11-16T08:36:47.447Z,32.1194458,-102.1578458,7.214152018,3.5,ml,50,55,0.01281127941,0.2,tx,tx2021wlmn,2022-01-22T20:51:56.040Z,"15 km NNW of Midland, Texas",earthquake,0.5424578444,0.4177423345,0.1,18,reviewed,tx,tx
2021-11-16T06:41:10.667Z,31.11640922,-103.3742796,4.357714844,2.5,ml,27,47,0.01339347089,0.2,tx,tx2021wlir,2022-01-22T20:51:55.040Z,"32 km SSE of Lindsay, Texas",earthquake,0.9756705243,0.8890300801,0.1,17,reviewed,tx,tx
2021-11-14T16:58:17.782Z,31.69464721,-104.4133896,6.620019531,2.7,ml,31,67,0.07892269949,0.3,tx,tx2021wilz,2022-01-22T20:51:51.040Z,"53 km S of Whites City, New Mexico",earthquake,1.095612903,1.090378428,0.2,19,reviewed,tx,tx
2021-11-14T08:09:09.630Z,31.68937819,-104.4109185,6.131567383,2.5,ml,38,65,0.07937107227,0.3,tx,tx2021whup,2022-01-22T20:51:50.040Z,"54 km S of Whites City, New Mexico",earthquake,0.8937935701,1.06201944,0.1,23,reviewed,tx,tx
2021-11-13T10:18:12.898Z,31.55509114,-104.135231,7.802587891,2.8,ml,35,68,0.07219197261,0.3,tx,tx2021wgdj,2022-01-22T20:51:48.040Z,"42 km NW of Toyah, Texas",earthquake,1.065663114,1.015421588,0.2,25,reviewed,tx,tx
2021-11-13T04:53:34.340Z,32.4132,-103.5923,5,3.2,ml,,58,0.082,0.34,us,us7000ftrh,2022-01-22T20:51:47.040Z,"38 km SW of Monument, New Mexico",earthquake,2,2,0.097,22,reviewed,us,us
2021-11-12T17:25:54.131Z,31.55410894,-104.1492033,7.082763672,2.7,ml,27,55,0.08347682447,0.2,tx,tx2021wevz,2022-01-22T20:51:47.040Z,"42 km NW of Toyah, Texas",earthquake,0.9734001121,1.089487135,0.2,12,reviewed,tx,tx
2021-11-12T13:54:03.559Z,31.55596194,-104.1459891,6.671435547,2.9,ml,22,55,0.08127055081,0.3,tx,tx2021weoz,2022-01-22T20:51:46.040Z,"42 km NW of Toyah, Texas",earthquake,1.137138313,1.150732332,0.2,13,reviewed,tx,tx
2021-11-11T11:47:05.269Z,31.66404537,-104.3471714,6.645727539,3.1,ml,28,60,0.1169267559,0.3,tx,tx2021wcph,2022-01-15T20:51:48.040Z,"56 km S of Whites City, New Mexico",earthquake,1.13868948,1.404051878,0.2,18,reviewed,tx,tx
2021-11-11T11:08:00.736Z,32.1194458,-102.1578458,7.70324707,2.7,ml,17,57,0.01281127941,0.1,tx,tx2021wcnz,2022-01-15T20:51:47.040Z,"15 km NNW of Midland, Texas",earthquake,0.67683956,1.41793346,0.2,10,reviewed,tx,tx
2021-11-10T14:43:21.286Z,31.66871241,-104.3727799,6.157275391,3,ml,32,79,0.1091158382,0.3,tx,tx2021wazp,2022-01-15T20:51:45.040Z,"56 km S of Whites City, New Mexico",earthquake,1.108848346,1.314581561,0.2,15,reviewed,tx,tx
2021-11-10T14:10:19.918Z,31.66249071,-104.338277,6.671435547,2.6,ml,21,60,0.1161224577,0.3,tx,tx2021wayn,2022-01-15T20:51:45.040Z,"57 km S of Whites City, New Mexico",earthquake,1.254640301,1.659059691,0.2,11,reviewed,tx,tx
2021-11-09T13:36:59.140Z,31.16196437,-103.2780887,3.046606445,2.5,ml,25,60,0.02615997206,0.2,tx,tx2021vzbx,2022-01-15T20:51:43.040Z,"22 km WSW of Coyanosa, Texas",earthquake,0.8234865722,0.883414495,0.2,7,reviewed,tx,tx
2021-11-09T09:38:07.137Z,31.1500458,-103.2925777,3.715014648,2.5,ml,23,61,0.04201006951,0.2,tx,tx2021vyua,2022-01-15T20:51:42.040Z,"24 km WSW of Coyanosa, Texas",earthquake,1.014227757,1.055947736,0.2,10,reviewed,tx,tx
2021-11-08T21:05:27.010Z,31.67129056,-104.4007945,7.494091797,2.5,ml,15,69,0.08527386181,0.2,tx,tx2021vxvf,2022-01-15T20:51:41.040Z,"55 km S of Whites City, New Mexico",earthquake,1.114015665,1.680129611,0.2,10,reviewed,tx,tx
2021-11-03T15:50:24.790Z,31.03909787,-103.3145455,5.797363281,2.5,ml,14,86,0.1014052221,0.4,tx,tx2021vohi,2022-01-14T17:58:58.040Z,"32 km SW of Coyanosa, Texas",earthquake,2.221236281,2.282965053,0.2,11,reviewed,tx,tx
2021-11-02T23:34:34.447Z,31.67986221,-104.4587458,6.080151367,2.6,ml,24,55,0.03755948373,0.3,tx,tx2021vnbc,2022-01-14T17:58:55.040Z,"55 km S of Whites City, New Mexico",earthquake,1.072999781,1.147386936,0.1,12,reviewed,tx,tx
2021-11-01T18:48:08.218Z,31.59513341,-104.0042391,8.213916016,2.6,ml,11,102,0.07380848029,0.1,tx,tx2021vkwd,2022-01-14T17:58:51.040Z,"36 km NNW of Toyah, Texas",earthquake,0.8878415063,0.9994090059,0.1,4,reviewed,tx,tx
2021-10-31T22:15:22.304Z,32.31719971,-101.6262147,7.165242513,2.9,ml,25,69,0.1496000879,0.2,tx,tx2021vjhm,2022-01-14T17:58:48.040Z,"15 km WNW of Big Spring, Texas",earthquake,0.8969543554,1.808560546,0.2,7,reviewed,tx,tx
2021-10-31T05:14:47.196Z,31.67113217,-104.3897577,7.10847168,2.6,ml,21,69,0.09467441665,0.2,tx,tx2021vhzv,2022-01-14T17:58:46.040Z,"55 km S of Whites City, New Mexico",earthquake,0.9257666301,1.344776021,0.1,13,reviewed,tx,tx
2021-10-30T16:00:31.717Z,32.03979492,-102.2832508,7.727701823,2.6,ml,21,51,0.04697438293,0.1,tx,tx2021vgzp,2022-01-14T17:58:45.040Z,"9 km ENE of Gardendale, Texas",earthquake,0.6519624085,0.7692415593,0.2,7,reviewed,tx,tx
2021-10-30T09:55:21.266Z,32.37945557,-101.6176401,4.817586263,2.7,ml,15,64,0.1757325093,0.1,tx,tx2021vgno,2022-01-14T17:58:44.040Z,"18 km SSE of Ackerly, Texas",earthquake,0.9192290049,1.996224188,0.2,9,reviewed,tx,tx
2021-10-29T14:00:32.925Z,31.67924459,-104.3028856,7.391259766,2.5,ml,17,53,0.09502461021,0.3,tx,tx2021vfae,2022-01-14T17:58:42.040Z,"western Texas",earthquake,1.309106553,1.702172253,0.1,8,reviewed,tx,tx
2021-10-29T11:29:00.027Z,31.68385269,-104.3007688,7.596923828,2.7,ml,15,52,0.09040245373,0.3,tx,tx2021vevd,2022-01-14T17:58:42.040Z,"55 km S of Whites City, New Mexico",earthquake,1.496602259,1.834670274,0.1,6,reviewed,tx,tx
2021-10-28T17:26:05.663Z,31.61512684,-104.1218823,7.10847168,2.5,ml,19,53,0.09231103605,0.2,tx,tx2021vdll,2022-01-08T17:43:32.040Z,"45 km NW of Toyah, Texas",earthquake,0.9118762257,1.248643609,0.1,7,reviewed,tx,tx
2021-10-27T21:04:23.782Z,31.94274902,-102.3282679,7.776611328,3.2,ml,21,41,0.02100793878,0.2,tx,tx2021vbxd,2022-01-08T17:43:16.040Z,"9 km SSE of Gardendale, Texas",earthquake,0.9528255209,0.7625440782,0.2,9,reviewed,tx,tx
2021-10-27T17:17:53.666Z,31.67041333,-104.3943269,7.494091797,2.8,ml,15,59,0.0907635967,0.3,tx,tx2021vbpr,2022-01-08T17:43:14.040Z,"56 km S of Whites City, New Mexico",earthquake,1.390763822,1.545484155,0.1,7,reviewed,tx,tx
2021-10-27T09:14:09.692Z,32.394104,-101.6326458,11.12691243,2.9,ml,16,59,0.1676273251,0.2,tx,tx2021vazr,2022-01-08T17:43:11.040Z,"16 km SSE of Ackerly, Texas",earthquake,1.235042362,1.29486021,0.1,9,reviewed,tx,tx
2021-10-27T03:34:43.308Z,31.6974781,-104.1544168,7.596923828,2.9,ml,18,48,0.08401533031,0.3,tx,tx2021vaom,2022-01-08T17:43:08.040Z,"52 km W of Mentone, Texas",earthquake,1.344864752,1.346785423,0.1,8,reviewed,tx,tx
2021-10-26T22:03:00.160Z,31.93084717,-102.3336271,8.387980143,3.6,ml,20,57,0.02232989098,0.2,tx,tx2021vado,2023-11-08T16:45:44.382Z,"9 km NNE of Odessa, Texas",earthquake,1.260345221,0.7318172557,0.2,11,reviewed,tx,tx
2021-10-26T21:54:36.808Z,31.92901611,-102.3314834,8.387980143,3.4,ml,24,44,0.02298349562,0.2,tx,tx2021vadh,2023-07-22T10:49:54.446Z,"9 km NNE of Odessa, Texas",earthquake,1.015571831,0.7181994647,0.1,13,reviewed,tx,tx
2021-10-25T23:37:57.055Z,32.77862549,-100.6637052,1.393920898,2.7,ml,12,60,0.1234095656,0.1,tx,tx2021uylf,2022-01-08T17:42:33.040Z,"18 km NNE of Hermleigh, Texas",earthquake,0.9840242168,2.631760636,0.1,8,reviewed,tx,tx
2021-10-24T14:26:21.574Z,31.59582186,-104.0045113,7.674047852,3.1,ml,20,49,0.07424062866,0.2,tx,tx2021uvxm,2022-01-08T17:42:18.040Z,"37 km NNW of Toyah, Texas",earthquake,0.8119271433,0.8343238307,0.1,8,reviewed,tx,tx
2021-10-23T08:00:21.930Z,31.65661624,-104.4305338,6.234399414,2.7,ml,28,64,0.06107359168,0.3,tx,tx2021utpf,2022-01-08T17:42:04.040Z,"57 km S of Whites City, New Mexico",earthquake,0.9484581787,1.121058278,0.2,16,reviewed,tx,tx
2021-10-22T23:55:22.187Z,31.66030001,-104.4294917,6.182983398,3.4,ml,36,64,0.06133572455,0.3,tx,tx2021uszg,2022-01-08T17:42:01.040Z,"57 km S of Whites City, New Mexico",earthquake,0.8777735234,1.050485727,0.1,19,reviewed,tx,tx
2021-10-22T02:39:48.791Z,31.64950218,-104.2372595,7.211303711,2.5,ml,27,65,0.1362647947,0.3,tx,tx2021urje,2022-01-08T17:41:53.040Z,"56 km NW of Toyah, Texas",earthquake,0.9575844329,1.262353703,0.2,12,reviewed,tx,tx
2021-10-21T15:33:13.272Z,31.67072425,-104.3816795,6.74855957,3.2,ml,38,58,0.1015498197,0.2,tx,tx2021uqne,2021-12-25T22:58:56.040Z,"55 km S of Whites City, New Mexico",earthquake,0.8492707365,1.210837358,0.2,23,reviewed,tx,tx
2021-10-21T11:31:54.726Z,31.67561951,-104.4064861,7.159887695,3.2,ml,39,56,0.08068428441,0.2,tx,tx2021uqff,2021-12-25T22:58:56.040Z,"55 km S of Whites City, New Mexico",earthquake,0.7555161576,0.9960093335,0.2,25,reviewed,tx,tx
2021-10-20T08:03:26.433Z,31.66177696,-104.342308,6.131567383,2.9,ml,40,60,0.1177805132,0.3,tx,tx2021uocw,2021-12-25T22:58:51.040Z,"57 km S of Whites City, New Mexico",earthquake,0.8048841946,1.036673034,0.1,24,reviewed,tx,tx
2021-10-19T23:32:18.192Z,31.71298043,-104.0153025,7.725463867,2.8,ml,25,61,0.02330354293,0.2,tx,tx2021unlz,2021-12-25T22:58:50.040Z,"39 km W of Mentone, Texas",earthquake,0.7498638028,0.5466221316,0.2,18,reviewed,tx,tx
2021-10-19T22:09:26.339Z,31.71574552,-104.0131618,7.416967773,2.9,ml,26,70,0.02223075713,0.2,tx,tx2021unjg,2021-12-25T22:58:49.040Z,"39 km W of Mentone, Texas",earthquake,0.7425322756,0.5356660507,0.2,19,reviewed,tx,tx
2021-10-18T08:08:29.245Z,31.55961406,-104.1513886,6.157275391,3.2,ml,15,56,0.08670141471,0.3,tx,tx2021ukma,2021-12-25T22:58:46.040Z,"43 km NW of Toyah, Texas",earthquake,1.248139145,1.660679899,0.1,6,reviewed,tx,tx
2021-10-18T08:07:22.450Z,31.55776587,-104.1535275,7.494091797,3.5,ml,17,55,0.08795345403,0.3,tx,tx2021uklz,2021-12-25T22:58:45.040Z,"43 km NW of Toyah, Texas",earthquake,0.9562534138,1.571036672,0.1,7,reviewed,tx,tx
2021-10-18T04:14:41.489Z,31.70739361,-104.0352,8.033959961,2.6,ml,29,58,0.02452173171,0.2,tx,tx2021ukei,2021-12-25T22:58:45.040Z,"41 km W of Mentone, Texas",earthquake,0.6520520051,0.5088048694,0.2,15,reviewed,tx,tx
2021-10-17T19:00:11.091Z,31.7083597,-104.0222806,7.725463867,3.4,ml,18,53,0.02499188849,0.2,tx,tx2021ujlz,2021-12-25T22:58:43.040Z,"40 km W of Mentone, Texas",earthquake,0.9046192072,0.6565828556,0.2,9,reviewed,tx,tx
2021-10-17T16:58:41.337Z,31.71388242,-104.0201538,7.622631836,2.9,ml,17,50,0.02046116395,0.2,tx,tx2021ujhz,2021-12-25T22:58:43.040Z,"39 km W of Mentone, Texas",earthquake,0.8289198349,0.5985123968,0.1,9,reviewed,tx,tx
2021-10-16T22:34:15.857Z,31.66371444,-104.3635857,7.031347656,2.6,ml,31,69,0.117059411,0.3,tx,tx2021uhxo,2021-12-25T22:58:39.040Z,"56 km S of Whites City, New Mexico",earthquake,0.9893518476,1.262579895,0.2,20,reviewed,tx,tx
2021-10-14T23:22:31.259Z,31.67586515,-104.4040658,7.494091797,2.7,ml,16,56,0.08276110231,0.3,tx,tx2021ueid,2021-12-18T19:59:06.040Z,"55 km S of Whites City, New Mexico",earthquake,1.30751421,1.430450195,0.1,7,reviewed,tx,tx
2021-10-14T22:05:10.840Z,31.99008647,-103.8697442,7.519799805,3.3,ml,20,45,0.05507834446,0.1,tx,tx2021uefp,2021-12-18T19:59:06.040Z,"32 km SE of Malaga, New Mexico",earthquake,0.7375020187,0.9886238527,0.1,7,reviewed,tx,tx
2021-10-12T05:59:12.871Z,31.67458066,-104.3895193,7.442675781,3,ml,22,56,0.09503108608,0.3,tx,tx2021tzis,2021-12-18T19:58:57.040Z,"55 km S of Whites City, New Mexico",earthquake,1.207072318,1.307721455,0.1,11,reviewed,tx,tx
2021-10-12T03:32:09.337Z,31.65968688,-104.4846563,6.465771484,2.6,ml,15,69,0.0163843187,0.3,tx,tx2021tzdw,2021-12-18T19:58:56.040Z,"58 km S of Whites City, New Mexico",earthquake,1.850292794,1.452918892,0.1,8,reviewed,tx,tx
2021-10-11T22:49:02.821Z,31.68498564,-104.4149163,7.391259766,2.7,ml,19,49,0.07500512931,0.3,tx,tx2021tyun,2021-12-18T19:58:55.040Z,"54 km S of Whites City, New Mexico",earthquake,1.218082305,1.506549409,0.1,10,reviewed,tx,tx
2021-10-09T22:58:23.644Z,31.70791165,-104.0190473,7.005639648,2.5,ml,23,63,0.02631892426,0.2,tx,tx2021tvdv,2021-12-18T19:58:44.040Z,"39 km W of Mentone, Texas",earthquake,0.781406787,0.5585385647,0.2,16,reviewed,tx,tx
2021-10-08T13:51:23.203Z,31.67664352,-104.3903452,6.542895508,2.7,ml,28,55,0.09448119585,0.3,tx,tx2021tsqh,2021-12-18T19:58:38.040Z,"55 km S of Whites City, New Mexico",earthquake,0.960110668,1.233280773,0.1,16,reviewed,tx,tx
2021-10-08T12:16:55.476Z,31.67458066,-104.3895193,6.825683594,2.7,ml,27,56,0.09503108608,0.3,tx,tx2021tsne,2021-12-18T19:58:38.040Z,"55 km S of Whites City, New Mexico",earthquake,1.047417988,1.379486387,0.2,16,reviewed,tx,tx
2021-10-08T07:11:07.268Z,31.67938011,-104.3935997,6.74855957,2.7,ml,30,54,0.09199722289,0.3,tx,tx2021tsdc,2021-12-18T19:58:38.040Z,"55 km S of Whites City, New Mexico",earthquake,0.9219381574,1.137041771,0.2,18,reviewed,tx,tx
2021-10-07T10:20:09.511Z,31.68652249,-104.3907024,6.722851562,2.9,ml,29,68,0.09552989962,0.3,tx,tx2021tqnv,2021-12-10T21:14:17.040Z,"54 km S of Whites City, New Mexico",earthquake,1.001863118,1.356703637,0.2,17,reviewed,tx,tx
2021-10-07T06:50:44.365Z,31.67847833,-104.3908999,6.131567383,2.6,ml,28,68,0.09418450336,0.3,tx,tx2021tqgx,2021-12-10T21:14:17.040Z,"55 km S of Whites City, New Mexico",earthquake,1.053381997,1.307054943,0.2,18,reviewed,tx,tx
2021-10-06T01:46:47.640Z,31.71966647,-104.3454873,6.799975586,2.8,ml,36,58,0.06618899141,0.3,tx,tx2021tobj,2021-12-10T21:14:12.040Z,"50 km S of Whites City, New Mexico",earthquake,0.9883984072,1.066759605,0.1,21,reviewed,tx,tx
2021-10-05T11:55:04.246Z,31.7582896,-103.8401442,6.568603516,2.6,ml,28,54,0.1642615502,0.2,tx,tx2021tmzy,2021-12-10T21:14:11.040Z,"23 km WNW of Mentone, Texas",earthquake,0.7662907199,1.828319327,0.2,15,reviewed,tx,tx
2021-10-04T21:33:20.109Z,31.68185954,-104.435615,6.131567383,3.2,ml,47,49,0.05710927432,0.3,tx,tx2021tlxn,2021-12-10T21:14:09.040Z,"55 km S of Whites City, New Mexico",earthquake,0.9484878673,1.043655106,0.2,25,reviewed,tx,tx
2021-10-04T18:05:05.152Z,31.71942974,-104.0110254,7.416967773,2.5,ml,21,65,0.02103901741,0.2,tx,tx2021tlqq,2021-12-10T21:14:08.040Z,"39 km W of Mentone, Texas",earthquake,0.7900004241,0.6685734642,0.1,13,reviewed,tx,tx
2021-10-04T05:59:49.904Z,31.6685681,-104.395387,6.979931641,2.6,ml,26,60,0.08984252609,0.3,tx,tx2021tksu,2021-12-10T21:14:07.040Z,"56 km S of Whites City, New Mexico",earthquake,1.135618166,1.280743434,0.2,13,reviewed,tx,tx
2021-10-04T05:00:28.867Z,31.60479412,-104.2611416,7.005639648,2.9,ml,34,71,0.1730359186,0.3,tx,tx2021tkqu,2021-12-10T21:14:07.040Z,"54 km NW of Toyah, Texas",earthquake,0.9455106731,1.352648403,0.2,21,reviewed,tx,tx
2021-10-03T20:10:01.749Z,31.71683548,-104.2792191,6.799975586,2.6,ml,35,61,0.06040364174,0.3,tx,tx2021tjzg,2021-12-10T21:14:05.040Z,"51 km S of Whites City, New Mexico",earthquake,0.9568935467,1.154439858,0.1,22,reviewed,tx,tx
2021-10-03T05:23:15.429Z,31.71066916,-104.0190609,8.239624023,2.5,ml,24,77,0.02377246682,0.2,tx,tx2021tivz,2021-12-10T21:14:04.040Z,"39 km W of Mentone, Texas",earthquake,0.8250270863,0.5876578843,0.2,16,reviewed,tx,tx
2021-10-03T01:58:09.133Z,31.71340546,-104.0249983,7.828295898,3.1,ml,22,62,0.01950642057,0.2,tx,tx2021tipg,2021-12-10T21:14:04.040Z,"40 km W of Mentone, Texas",earthquake,0.9363494046,0.6399280345,0.2,14,reviewed,tx,tx
2021-10-03T01:48:10.542Z,31.70926532,-104.0260547,7.93112793,3.3,ml,30,71,0.02338783709,0.2,tx,tx2021tiox,2021-12-10T21:14:04.040Z,"western Texas",earthquake,0.7201072282,0.5208085565,0.2,20,reviewed,tx,tx
2021-10-03T01:46:57.522Z,31.71159977,-104.0158343,7.982543945,2.7,ml,23,70,0.0242267929,0.2,tx,tx2021tiow,2021-12-10T21:14:08.040Z,"western Texas",earthquake,0.854863877,0.6052055738,0.2,16,reviewed,tx,tx
2021-10-03T01:39:18.557Z,31.7055964,-104.0238823,8.136791992,4,ml,23,68,0.02734348132,0.1,tx,tx2021tiop,2021-12-10T21:14:04.040Z,"40 km W of Mentone, Texas",earthquake,0.6961215208,0.5924581528,0.2,13,reviewed,tx,tx
2021-10-02T18:57:45.745Z,31.7097249,-104.026057,7.519799805,3,ml,27,72,0.02293346012,0.2,tx,tx2021tibj,2021-12-10T21:14:03.040Z,"40 km W of Mentone, Texas",earthquake,0.7407073314,0.5091805788,0.2,19,reviewed,tx,tx
2021-10-02T18:55:43.040Z,31.7093542,-104.0007447,6.28581543,3.6,ml,17,48,0.03424588711,0.2,tx,tx2021tibk,2021-12-10T21:14:03.040Z,"38 km W of Mentone, Texas",earthquake,1.059255321,0.8226279439,0.2,8,reviewed,tx,tx
2021-10-02T18:54:57.730Z,31.71387857,-104.0212309,7.622631836,3.4,ml,20,69,0.02008486452,0.2,tx,tx2021tibh,2021-12-10T21:14:03.040Z,"40 km W of Mentone, Texas",earthquake,0.7364514139,0.5974825456,0.2,13,reviewed,tx,tx
2021-10-02T13:46:37.788Z,31.61612205,-104.1041348,8.188208008,2.5,ml,28,57,0.08017706504,0.2,tx,tx2021thrc,2021-12-10T21:14:03.040Z,"44 km NW of Toyah, Texas",earthquake,1.060842589,0.9546418534,0.2,12,reviewed,tx,tx
2021-10-01T22:42:11.377Z,32.10479736,-102.0999667,8.974894206,2.5,ml,32,58,0.06195310268,0.1,tx,tx2021tgnh,2021-12-10T21:14:08.040Z,"12 km N of Midland, Texas",earthquake,0.6517062725,0.5610102048,0.2,18,reviewed,tx,tx
2021-10-01T22:38:24.562Z,32.10571289,-102.0946075,8.118977865,2.7,ml,35,53,0.06579647084,0.2,tx,tx2021tgnf,2021-12-16T04:43:35.853Z,"12 km N of Midland, Texas",earthquake,0.5629272818,0.606577541,0.2,13,reviewed,tx,tx
2021-09-30T13:59:46.220Z,31.67710655,-104.3898109,7.365551758,2.8,ml,28,57,0.09497523202,0.3,tx,tx2021tean,2021-12-04T14:28:23.040Z,"55 km S of Whites City, New Mexico",earthquake,0.8951422387,1.132371589,0.1,14,reviewed,tx,tx
2021-09-30T04:19:43.098Z,31.61472539,-104.2934951,7.725463867,2.6,ml,33,60,0.1597887706,0.3,tx,tx2021tdhl,2021-12-04T14:28:15.040Z,"58 km NW of Toyah, Texas",earthquake,0.9220986492,1.092860301,0.1,13,reviewed,tx,tx
2021-09-29T20:02:51.190Z,31.6493131,-104.2294546,6.671435547,3,ml,19,85,0.1613611875,0.2,tx,tx2021tcra,2021-12-04T14:28:08.040Z,"55 km NW of Toyah, Texas",earthquake,0.9246907963,1.421668526,0.2,13,reviewed,tx,tx
2021-09-29T08:18:20.000Z,31.68265242,-104.3850149,6.131567383,2.6,ml,33,52,0.09967692628,0.3,tx,tx2021tbtu,2021-12-04T14:27:56.040Z,"54 km S of Whites City, New Mexico",earthquake,1.179807916,1.266709027,0.2,18,reviewed,tx,tx
2021-09-29T07:54:54.365Z,31.68424885,-104.3869134,7.082763672,2.5,ml,28,83,0.09831649388,0.3,tx,tx2021tbsz,2021-12-04T14:27:56.040Z,"54 km S of Whites City, New Mexico",earthquake,1.202350797,1.655445438,0.1,17,reviewed,tx,tx
2021-09-29T07:22:08.830Z,31.67257621,-104.3795425,6.131567383,4.2,ml,39,57,0.1034250642,0.3,tx,tx2021tbrx,2021-12-04T14:27:55.040Z,"55 km S of Whites City, New Mexico",earthquake,0.9636187822,1.223662186,0.2,19,reviewed,tx,tx
2021-09-28T21:03:09.785Z,31.67184043,-104.4557077,7.391259766,2.6,ml,23,71,0.03855342491,0.3,tx,tx2021taxm,2021-12-04T14:27:49.040Z,"56 km S of Whites City, New Mexico",earthquake,1.18455582,1.233896877,0.2,11,reviewed,tx,tx
2021-09-28T04:18:51.067Z,31.68321822,-104.4041325,6.157275391,2.9,ml,31,81,0.08367196612,0.3,tx,tx2021szqk,2021-12-04T14:30:03.040Z,"western Texas",earthquake,1.314684933,1.343393149,0.2,17,reviewed,tx,tx
2021-09-27T17:06:13.438Z,31.64754112,-104.2165258,7.288427734,2.8,ml,18,85,0.1523931961,0.2,tx,tx2021syue,2021-12-04T14:29:57.040Z,"54 km NW of Toyah, Texas",earthquake,1.199623217,1.568321453,0.2,10,reviewed,tx,tx
2021-09-27T05:27:20.900Z,31.6467419,-104.2377776,6.234399414,2.5,ml,27,86,0.1688679987,0.3,tx,tx2021sxxd,2021-12-04T14:29:52.040Z,"western Texas",earthquake,1.068018017,1.203406866,0.2,14,reviewed,tx,tx
2021-09-26T08:57:29.968Z,31.76750432,-103.8293949,6.157275391,3,ml,14,70,0.1749249897,0.2,tx,tx2021swio,2021-12-04T14:29:42.040Z,"22 km WNW of Mentone, Texas",earthquake,1.046305545,2.483896027,0.2,9,reviewed,tx,tx
2021-09-26T06:51:43.210Z,31.67005314,-104.3028123,6.157275391,2.5,ml,12,83,0.1687705214,0.2,tx,tx2021swel,2021-12-04T14:27:47.040Z,"56 km S of Whites City, New Mexico",earthquake,1.436547075,2.105503902,0.2,7,reviewed,tx,tx
2021-09-25T06:17:32.179Z,32.12127686,-102.1642769,8.387980143,2.9,ml,21,57,0.008716037656,0.1,tx,tx2021suhu,2021-12-04T14:29:28.040Z,"15 km NNW of Midland, Texas",earthquake,0.5494785679,1.29407141,0.2,12,reviewed,tx,tx
2021-09-24T22:33:42.542Z,31.66890121,-104.4815179,6.054443359,3.3,ml,31,73,0.01641583935,0.3,tx,tx2021stsm,2021-12-04T14:29:24.040Z,"57 km S of Whites City, New Mexico",earthquake,1.496679872,1.260536171,0.1,18,reviewed,tx,tx
2021-09-24T19:28:25.413Z,32.41424561,-101.7076744,10.58890788,3.3,ml,18,58,0.1210886469,0.2,tx,tx2021stmj,2021-12-28T03:18:57.914Z,"12 km S of Ackerly, Texas",earthquake,1.058879345,0.9637902,0.2,11,reviewed,tx,tx
2021-09-23T23:20:26.104Z,31.6842969,-104.3793765,6.362939453,3.2,ml,32,51,0.1046714938,0.3,tx,tx2021sryl,2021-12-03T15:02:01.040Z,"54 km S of Whites City, New Mexico",earthquake,1.081200112,1.539017743,0.2,18,reviewed,tx,tx
2021-09-23T20:45:25.192Z,31.65388084,-104.2348694,7.288427734,2.8,ml,18,85,0.1635958434,0.2,tx,tx2021srtk,2021-12-03T15:02:00.040Z,"56 km NW of Toyah, Texas",earthquake,1.054627145,1.828441642,0.2,13,reviewed,tx,tx
2021-09-23T07:52:06.555Z,31.59306805,-104.0034225,8.805200195,4.3,ml,28,54,0.07254039037,0.2,tx,tx2021sqtx,2021-12-03T15:01:52.040Z,"36 km NNW of Toyah, Texas",earthquake,0.8919204878,0.903369239,0.2,14,reviewed,tx,tx
2021-09-23T03:05:56.602Z,31.69389478,-104.3126943,6.157275391,2.5,ml,18,51,0.1623096176,0.3,tx,tx2021sqkl,2021-12-03T15:01:52.040Z,"53 km S of Whites City, New Mexico",earthquake,1.278611122,1.918039552,0.1,8,reviewed,tx,tx
2021-09-22T21:17:58.047Z,31.75920878,-103.840147,6.568603516,3.4,ml,17,68,0.1644068815,0.2,tx,tx2021spyz,2021-12-03T15:01:50.040Z,"23 km WNW of Mentone, Texas",earthquake,0.8641234648,2.397892916,0.1,12,reviewed,tx,tx
2021-09-22T18:49:11.953Z,31.76080494,-103.8458093,6.131567383,2.8,ml,18,89,0.1599271411,0.1,tx,tx2021spub,2021-12-03T15:01:50.040Z,"24 km WNW of Mentone, Texas",earthquake,0.7533121101,2.217510824,0.2,12,reviewed,tx,tx
2021-09-22T08:42:41.177Z,31.67534727,-104.3774136,6.234399414,2.7,ml,23,82,0.1053787986,0.2,tx,tx2021spab,2021-12-03T15:01:45.040Z,"55 km S of Whites City, New Mexico",earthquake,0.9846807436,1.39748735,0.2,12,reviewed,tx,tx
2021-09-22T07:02:47.270Z,31.67690954,-104.3846949,6.157275391,2.6,ml,15,84,0.09930315108,0.3,tx,tx2021sowt,2021-12-03T15:01:45.040Z,"55 km S of Whites City, New Mexico",earthquake,1.535524339,2.133379833,0.1,9,reviewed,tx,tx
2021-09-21T16:21:04.343Z,31.66767374,-104.2338927,6.979931641,2.5,ml,18,83,0.1576764714,0.2,tx,tx2021sntr,2021-12-03T15:01:42.040Z,"57 km NW of Toyah, Texas",earthquake,1.266849558,1.595366191,0.2,9,reviewed,tx,tx
2021-09-21T08:22:23.744Z,31.60164841,-104.2032933,6.465771484,2.5,ml,15,90,0.143853284,0.3,tx,tx2021sndw,2021-12-03T15:01:41.040Z,"50 km NW of Toyah, Texas",earthquake,1.175447298,1.927646325,0.1,6,reviewed,tx,tx
2021-09-21T04:19:42.729Z,32.0680349,-103.7159331,8.908032227,3.2,ml,17,77,0.03589785286,0.1,tx,tx2021smvw,2021-12-03T15:01:40.040Z,"37 km ESE of Malaga, New Mexico",earthquake,0.6829167997,0.8812261733,0.2,9,reviewed,tx,tx
2021-09-20T22:41:20.239Z,31.67638355,-104.4632882,5.437451172,2.5,ml,20,81,0.03289088451,0.3,tx,tx2021smks,2021-12-03T15:01:39.040Z,"55 km S of Whites City, New Mexico",earthquake,2.051319278,1.87294191,0.2,8,reviewed,tx,tx
2021-09-20T22:14:06.876Z,32.10662842,-102.1021103,9.463989258,2.5,ml,17,78,0.05956005953,0.1,tx,tx2021smjv,2021-12-03T15:01:39.040Z,"12 km N of Midland, Texas",earthquake,0.7261456052,1.389534699,0.2,7,reviewed,tx,tx
2021-09-20T17:46:29.597Z,32.2255,-103.0944,5,2.6,ml,,48,0.116,0.44,us,us7000fcxp,2026-05-04T10:14:15.218Z,"15 km NE of Jal, New Mexico",earthquake,1,1.7,0.066,30,reviewed,us,us
2021-09-19T22:10:32.614Z,31.61205838,-103.9583242,7.519799805,2.5,ml,20,94,0.08922551287,0.2,tx,tx2021skof,2021-12-03T15:01:34.040Z,"35 km WSW of Mentone, Texas",earthquake,0.9611807725,1.513738174,0.2,5,reviewed,tx,tx
2021-09-18T22:27:01.118Z,31.59675394,-104.0007506,7.314135742,4.1,ml,21,63,0.07686473287,0.2,tx,tx2021sitf,2021-12-03T15:01:30.040Z,"36 km NNW of Toyah, Texas",earthquake,1.009128868,1.150829363,0.2,8,reviewed,tx,tx
2021-09-18T09:08:13.072Z,31.76243633,-103.8353073,6.311523438,2.5,ml,12,144,0.1690196132,0.2,tx,tx2021shsw,2021-12-03T15:01:28.040Z,"23 km WNW of Mentone, Texas",earthquake,0.9901633451,2.738624457,0.2,7,reviewed,tx,tx
2021-09-18T08:41:50.022Z,31.67045492,-104.3878676,6.774267578,2.7,ml,18,82,0.09627004888,0.3,tx,tx2021shsa,2021-12-03T15:01:28.040Z,"56 km S of Whites City, New Mexico",earthquake,1.335979104,1.677809935,0.2,10,reviewed,tx,tx
2021-09-17T11:42:48.254Z,32.27325439,-102.202863,5.600138346,3.4,ml,32,52,0.1468264812,0.2,tx,tx2021sgcm,2021-12-03T15:01:24.040Z,"30 km E of McKinney Acres, Texas",earthquake,0.7012161871,1.322612551,0.1,13,reviewed,tx,tx
2021-09-16T12:09:34.087Z,30.95954488,-103.4496474,4.434838867,2.7,ml,27,67,0.1144935187,0.3,tx,tx2021sehw,2024-01-17T22:20:47.534Z,"28 km E of Balmorhea, Texas",earthquake,0.985091705,1.293579712,0.1,14,reviewed,tx,tx
2021-09-16T11:51:57.107Z,32.27600098,-102.2125095,6.113688151,2.9,ml,24,52,0.1513903328,0.2,tx,tx2021sehh,2021-11-23T15:13:09.040Z,"29 km E of McKinney Acres, Texas",earthquake,0.8119259874,1.662067802,0.1,11,reviewed,tx,tx
2021-09-13T00:43:00.639Z,31.61459411,-104.2332403,6.234399414,2.5,ml,24,65,0.1700200521,0.3,tx,tx2021rxyr,2021-11-23T15:10:56.040Z,"53 km NW of Toyah, Texas",earthquake,0.9980198766,1.274162284,0.1,14,reviewed,tx,tx
2021-09-12T23:20:21.589Z,31.76405005,-103.8328873,6.902807617,3,ml,17,59,0.1713394733,0.1,tx,tx2021rxvx,2021-11-23T15:10:54.040Z,"23 km WNW of Mentone, Texas",earthquake,0.7289443298,1.787903624,0.2,10,reviewed,tx,tx
2021-09-12T21:04:14.356Z,31.6219947,-104.2241473,7.005639648,2.6,ml,22,63,0.1659924484,0.2,tx,tx2021rxrm,2021-11-23T15:10:50.040Z,"53 km NW of Toyah, Texas",earthquake,1.044899279,1.413038276,0.2,14,reviewed,tx,tx
2021-09-12T15:37:17.130Z,31.61434604,-104.2367354,7.288427734,2.7,ml,32,57,0.1692598476,0.2,tx,tx2021rxgp,2021-11-23T15:10:45.040Z,"53 km NW of Toyah, Texas",earthquake,1.06929531,1.554806046,0.1,14,reviewed,tx,tx
2021-09-12T13:30:08.114Z,31.61274738,-104.2348409,6.74855957,3.8,ml,37,66,0.1713029903,0.2,tx,tx2021rxcl,2021-11-23T15:10:38.040Z,"53 km NW of Toyah, Texas",earthquake,0.9072636059,1.174397777,0.2,22,reviewed,tx,tx
2021-09-12T12:57:10.350Z,32.77862549,-100.7151534,3.448120117,2.7,ml,24,55,0.1076388002,0.3,tx,tx2021rxbk,2021-11-23T15:10:36.040Z,"16 km NNE of Hermleigh, Texas",earthquake,1.436793813,1.277368416,0.1,12,reviewed,tx,tx
2021-09-12T11:26:41.816Z,32.76672363,-100.6604897,7.874430339,3.6,ml,18,69,0.1149239192,0.2,tx,tx2021rwyl,2021-11-23T15:10:33.040Z,"17 km NNE of Hermleigh, Texas",earthquake,1.432096817,1.347791977,0.2,12,reviewed,tx,tx
2021-09-12T10:21:52.989Z,31.76357896,-103.8382742,6.131567383,2.5,ml,20,116,0.1667438667,0.2,tx,tx2021rwwh,2021-11-23T15:10:31.040Z,"23 km WNW of Mentone, Texas",earthquake,0.884714962,2.072581047,0.1,12,reviewed,tx,tx
2021-09-11T19:27:40.283Z,31.67985703,-104.3909122,7.005639648,2.7,ml,26,53,0.09432854107,0.2,tx,tx2021rvss,2021-11-23T15:10:03.040Z,"54 km S of Whites City, New Mexico",earthquake,0.9719904413,1.224555119,0.1,12,reviewed,tx,tx
2021-09-11T16:18:11.474Z,32.77130127,-100.6658489,6.38269043,2.6,ml,22,56,0.1162249951,0.2,tx,tx2021rvmo,2021-11-23T15:09:58.040Z,"17 km NNE of Hermleigh, Texas",earthquake,1.227923098,2.242138148,0.1,12,reviewed,tx,tx
2021-09-11T11:54:34.086Z,31.66959755,-104.3781706,6.774267578,2.6,ml,32,59,0.1045243127,0.3,tx,tx2021rvdv,2021-11-23T15:09:53.040Z,"56 km S of Whites City, New Mexico",earthquake,1.08216644,1.355101387,0.1,14,reviewed,tx,tx
2021-09-10T17:57:58.787Z,31.56959368,-104.179413,7.699755859,2.5,ml,17,68,0.1125106975,0.3,tx,tx2021rtui,2021-11-23T15:09:16.040Z,"46 km NW of Toyah, Texas",earthquake,1.195464191,1.615377267,0.2,7,reviewed,tx,tx
2021-09-10T17:17:24.223Z,31.67163548,-104.4847748,6.260107422,2.6,ml,18,85,0.01397119873,0.3,tx,tx2021rtsx,2021-11-23T15:09:11.040Z,"56 km S of Whites City, New Mexico",earthquake,1.999014219,1.275341279,0.1,10,reviewed,tx,tx
2021-09-10T14:12:41.364Z,31.60975028,-104.2367021,6.362939453,2.5,ml,23,67,0.172971284,0.3,tx,tx2021rtmx,2021-11-23T15:09:06.040Z,"53 km NW of Toyah, Texas",earthquake,1.296691415,1.774841545,0.2,13,reviewed,tx,tx
2021-09-10T11:34:35.960Z,31.67295312,-104.3924655,6.542895508,3.1,ml,37,57,0.09243401762,0.3,tx,tx2021rthr,2021-11-23T15:09:00.040Z,"55 km S of Whites City, New Mexico",earthquake,0.8959781275,1.142549402,0.1,19,reviewed,tx,tx
2021-09-09T22:04:38.656Z,32.19085693,-103.0924876,5.697957357,2.5,ml,33,66,0.1164299386,0.3,tx,tx2021rsgz,2021-11-17T17:42:44.040Z,"12 km NE of Jal, New Mexico",earthquake,0.9083879985,1.640952526,0.2,19,reviewed,tx,tx
2021-09-09T14:47:54.103Z,31.94321918,-103.3764106,8.213916016,2.7,ml,11,73,0.2273324505,0.1,tx,tx2021rrso,2021-11-17T17:42:13.040Z,"25 km SW of Jal, New Mexico",earthquake,1.047930285,3.527978905,0.2,7,reviewed,tx,tx
2021-09-08T22:02:05.868Z,31.67167072,-104.3773813,6.080151367,4.3,ml,61,58,0.1052362591,0.3,tx,tx2021rqlj,2021-11-17T17:29:24.040Z,"55 km S of Whites City, New Mexico",earthquake,0.9009714245,0.9863640247,0.2,32,reviewed,tx,tx
2021-09-08T11:22:16.026Z,31.66594143,-104.3749088,6.465771484,2.5,ml,20,61,0.1073353406,0.3,tx,tx2021rpqh,2021-11-17T17:28:46.040Z,"56 km S of Whites City, New Mexico",earthquake,1.148597164,1.637108501,0.2,12,reviewed,tx,tx
2021-09-08T09:10:17.303Z,32.11853027,-102.1696361,6.896240234,2.6,ml,17,57,0.01141392284,0.1,tx,tx2021rplx,2021-11-17T17:28:36.040Z,"15 km NNW of Midland, Texas",earthquake,0.7597944843,2.464021357,0.1,12,reviewed,tx,tx
2021-09-08T07:28:24.954Z,31.65461853,-104.4200199,6.362939453,2.8,ml,19,72,0.07025701423,0.3,tx,tx2021rpio,2021-11-17T17:28:31.040Z,"57 km S of Whites City, New Mexico",earthquake,1.338300886,1.591738791,0.2,11,reviewed,tx,tx
2021-09-08T01:32:00.677Z,32.76947021,-100.6508432,7.849975586,2.6,ml,16,106,0.1219639054,0.2,tx,tx2021rowu,2021-11-17T17:27:53.040Z,"18 km NE of Hermleigh, Texas",earthquake,1.059047234,1.939092695,0.1,13,reviewed,tx,tx
2021-09-07T21:20:29.532Z,30.89998819,-103.410474,3.689306641,2.6,ml,27,65,0.07634085721,0.3,tx,tx2021roon,2021-11-17T17:27:32.040Z,"33 km ESE of Balmorhea, Texas",earthquake,1.09594041,1.869826019,0.2,12,reviewed,tx,tx
2021-09-07T18:39:58.242Z,31.66710562,-104.3724967,6.131567383,3.1,ml,19,60,0.109368324,0.2,tx,tx2021rojf,2021-11-17T17:27:29.040Z,"56 km S of Whites City, New Mexico",earthquake,0.9932154277,1.524584713,0.1,11,reviewed,tx,tx
2021-09-07T03:05:37.076Z,32.1194458,-102.1707079,7.116333008,3.7,ml,26,56,0.01075535886,0.2,tx,tx2021rnek,2022-12-17T00:05:42.974Z,"16 km NNW of Midland, Texas",earthquake,0.7042075687,0.7630909486,0.2,18,reviewed,tx,tx
2021-09-06T14:52:35.296Z,31.61179999,-104.2402137,6.542895508,3.3,ml,25,67,0.1707441197,0.2,tx,tx2021rmgf,2021-11-17T17:25:26.040Z,"53 km NW of Toyah, Texas",earthquake,0.8991817841,1.586984831,0.2,17,reviewed,tx,tx
2021-09-06T04:38:36.617Z,31.66689443,-104.3695343,6.157275391,3.4,ml,31,60,0.111896816,0.3,tx,tx2021rlly,2021-11-17T17:24:20.040Z,"56 km S of Whites City, New Mexico",earthquake,1.364972388,1.723926244,0.1,15,reviewed,tx,tx
2021-09-06T03:50:55.418Z,31.66966533,-104.3674052,6.465771484,2.8,ml,29,58,0.1137023392,0.3,tx,tx2021rlkj,2021-11-17T17:24:13.040Z,"56 km S of Whites City, New Mexico",earthquake,1.252301876,1.432350077,0.1,13,reviewed,tx,tx
2021-09-06T03:44:35.937Z,31.67078894,-104.3714522,6.594311523,2.6,ml,29,58,0.1102682828,0.3,tx,tx2021rlke,2021-11-17T17:24:10.040Z,"55 km S of Whites City, New Mexico",earthquake,1.021888067,1.288146823,0.2,16,reviewed,tx,tx
2021-09-05T18:45:03.384Z,31.67952759,-104.4062524,6.362939453,2.7,ml,16,55,0.08131507101,0.2,tx,tx2021rksj,2021-11-17T17:23:35.040Z,"55 km S of Whites City, New Mexico",earthquake,1.082180683,1.518190356,0.1,10,reviewed,tx,tx
2021-09-04T23:24:36.645Z,31.6721879,-104.3682345,6.182983398,2.5,ml,19,57,0.1130459898,0.3,tx,tx2021rjgc,2021-11-17T17:21:49.040Z,"55 km S of Whites City, New Mexico",earthquake,1.031900597,1.461050878,0.2,10,reviewed,tx,tx
2021-09-04T23:08:12.532Z,30.99038304,-103.5388591,4.897583008,3.1,ml,28,69,0.1818292426,0.2,tx,tx2021rjfn,2021-11-17T17:21:48.040Z,"19 km E of Balmorhea, Texas",earthquake,0.922749245,1.853292806,0.1,15,reviewed,tx,tx
2021-09-04T11:56:06.334Z,31.70815763,-104.0144711,7.494091797,2.7,ml,18,106,0.02778979667,0.2,tx,tx2021rijj,2021-11-17T17:20:57.040Z,"39 km W of Mentone, Texas",earthquake,0.9246177921,0.6379223734,0.1,10,reviewed,tx,tx
2021-09-04T03:08:04.312Z,31.5543424,-104.1483983,7.159887695,2.5,ml,19,55,0.0828628534,0.3,tx,tx2021rhry,2021-11-17T17:20:25.040Z,"42 km NW of Toyah, Texas",earthquake,1.032040259,1.387993995,0.2,10,reviewed,tx,tx
2021-09-04T00:03:32.721Z,31.55433258,-104.1505487,6.902807617,2.8,ml,22,55,0.08464604236,0.2,tx,tx2021rhlw,2021-11-17T17:20:09.040Z,"western Texas",earthquake,0.9374692986,1.247620613,0.2,8,reviewed,tx,tx
2021-09-03T21:55:05.609Z,31.66411673,-104.3727398,6.568603516,2.5,ml,23,61,0.1092448616,0.3,tx,tx2021rhhq,2021-11-17T17:20:01.040Z,"56 km S of Whites City, New Mexico",earthquake,1.005648946,1.37992978,0.1,16,reviewed,tx,tx
2021-09-03T21:33:28.661Z,31.66871241,-104.3727799,7.391259766,2.5,ml,16,59,0.1091158382,0.3,tx,tx2021rhgx,2021-11-17T17:19:57.040Z,"56 km S of Whites City, New Mexico",earthquake,1.034630867,1.47152864,0.2,9,reviewed,tx,tx
2021-09-03T11:32:20.946Z,31.65169494,-104.2983604,6.157275391,2.5,ml,21,59,0.1226410618,0.2,tx,tx2021rgnc,2021-11-17T17:19:22.040Z,"58 km S of Whites City, New Mexico",earthquake,1.114102044,1.921055287,0.1,11,reviewed,tx,tx
2021-09-03T07:23:39.520Z,31.68067474,-104.4065321,6.080151367,2.7,ml,36,52,0.08124155074,0.3,tx,tx2021rgey,2021-11-17T17:19:03.040Z,"54 km S of Whites City, New Mexico",earthquake,0.9763526663,1.148109636,0.1,16,reviewed,tx,tx
2021-09-03T06:29:06.381Z,31.68404507,-104.418138,6.671435547,2.6,ml,22,55,0.07212019066,0.3,tx,tx2021rgdc,2021-11-17T17:19:02.040Z,"54 km S of Whites City, New Mexico",earthquake,1.470381909,1.549604012,0.1,13,reviewed,tx,tx
2021-09-03T05:45:49.721Z,31.68229909,-104.4041241,7.082763672,2.8,ml,17,57,0.08352313452,0.3,tx,tx2021rgbr,2021-11-17T17:18:59.040Z,"54 km S of Whites City, New Mexico",earthquake,1.501523618,1.360393994,0.1,7,reviewed,tx,tx
2021-09-03T05:41:15.083Z,31.66531969,-104.4002024,6.825683594,4.3,ml,32,62,0.08580159964,0.3,tx,tx2021rgbn,2021-11-17T17:18:56.040Z,"56 km S of Whites City, New Mexico",earthquake,1.442822866,1.662383441,0.1,15,reviewed,tx,tx
2021-09-03T01:31:49.019Z,31.67049618,-104.3814083,6.157275391,3,ml,28,59,0.1017765411,0.3,tx,tx2021rftf,2021-11-17T17:18:38.040Z,"56 km S of Whites City, New Mexico",earthquake,1.159226759,1.43668799,0.1,13,reviewed,tx,tx
2021-09-03T00:42:59.619Z,31.66449088,-104.3861998,6.311523438,3.3,ml,31,62,0.09776360178,0.3,tx,tx2021rfrr,2021-11-17T17:18:33.040Z,"56 km S of Whites City, New Mexico",earthquake,1.408811612,1.546882014,0.1,16,reviewed,tx,tx
2021-09-01T10:14:56.225Z,31.66350619,-104.3221376,6.979931641,2.6,ml,26,59,0.1121772486,0.3,tx,tx2021rctn,2021-11-06T20:28:33.040Z,"57 km S of Whites City, New Mexico",earthquake,1.388655357,1.88773071,0.1,12,reviewed,tx,tx
2021-09-01T02:38:24.925Z,31.7583324,-103.8196699,7.596923828,2.7,ml,21,42,0.1815089206,0.2,tx,tx2021rcem,2021-11-06T20:28:34.040Z,"21 km WNW of Mentone, Texas",earthquake,0.9535320883,2.416826739,0.1,9,reviewed,tx,tx
2021-08-31T13:33:23.553Z,31.67122709,-104.4104836,6.979931641,3.5,ml,37,59,0.07701615493,0.3,tx,tx2021rbeo,2021-11-06T20:28:38.040Z,"56 km S of Whites City, New Mexico",earthquake,1.101880422,1.267548197,0.1,19,reviewed,tx,tx
2021-08-31T07:50:11.587Z,31.61056127,-104.1148614,7.10847168,2.5,ml,28,53,0.0906663292,0.3,tx,tx2021ratg,2021-11-06T20:28:40.040Z,"44 km NW of Toyah, Texas",earthquake,1.124789392,1.020879927,0.1,11,reviewed,tx,tx
2021-08-30T11:59:46.562Z,32.27600098,-102.1910728,11.00463867,2.9,ml,25,74,0.1478065304,0.1,tx,tx2021qzfz,2021-11-06T20:28:46.040Z,"31 km E of McKinney Acres, Texas",earthquake,0.6353623779,0.7792236208,0.2,13,reviewed,tx,tx
2021-08-29T22:39:29.520Z,31.66487063,-104.3985835,7.082763672,2.5,ml,25,63,0.08719907995,0.3,tx,tx2021qyfp,2021-11-06T20:28:49.040Z,"56 km S of Whites City, New Mexico",earthquake,1.294953552,1.459352516,0.1,12,reviewed,tx,tx
2021-08-29T00:59:39.148Z,31.65448305,-104.2930004,7.082763672,2.5,ml,17,59,0.1200356239,0.3,tx,tx2021qwos,2021-11-06T20:28:52.040Z,"western Texas",earthquake,1.344207442,1.765575401,0.1,12,reviewed,tx,tx
2021-08-27T19:55:35.120Z,31.67270072,-104.3959624,7.442675781,2.6,ml,18,58,0.08944450693,0.2,tx,tx2021quje,2021-11-06T20:28:59.040Z,"55 km S of Whites City, New Mexico",earthquake,1.074116947,1.388372201,0.1,11,reviewed,tx,tx
2021-08-24T17:55:41.747Z,31.70282091,-104.1417965,6.645727539,2.7,ml,20,60,0.0722392915,0.2,tx,tx2021qoss,2021-11-02T14:55:00.040Z,"51 km W of Mentone, Texas",earthquake,0.9634087865,1.029290167,0.2,13,reviewed,tx,tx
2021-08-22T17:46:01.527Z,31.64475618,-104.2218877,6.362939453,2.6,ml,26,56,0.1462254528,0.3,tx,tx2021qlbj,2021-11-02T14:54:26.040Z,"54 km NW of Toyah, Texas",earthquake,1.364351647,1.615997947,0.1,13,reviewed,tx,tx
2021-08-22T03:52:22.600Z,31.67994109,-104.4132549,7.442675781,2.6,ml,20,53,0.07546529973,0.3,tx,tx2021qjzw,2021-11-02T14:54:14.040Z,"55 km S of Whites City, New Mexico",earthquake,1.128478475,1.37202524,0.1,9,reviewed,tx,tx
2021-08-22T00:34:26.283Z,31.65571217,-104.2787473,6.594311523,2.8,ml,37,58,0.1201545798,0.2,tx,tx2021qjtj,2021-11-02T14:54:10.040Z,"58 km S of Whites City, New Mexico",earthquake,0.7038340934,1.180187783,0.1,19,reviewed,tx,tx
2021-08-21T21:20:55.756Z,31.67814536,-104.4067782,6.825683594,3,ml,40,54,0.08069574309,0.3,tx,tx2021qjmz,2021-11-02T14:54:07.040Z,"55 km S of Whites City, New Mexico",earthquake,1.379056132,1.522810074,0.1,19,reviewed,tx,tx
2021-08-20T20:35:49.873Z,31.67977675,-104.4032937,7.211303711,2.5,ml,26,53,0.08384791782,0.3,tx,tx2021qhqa,2021-11-02T14:53:46.040Z,"55 km S of Whites City, New Mexico",earthquake,0.8221801233,1.079091593,0.1,12,reviewed,tx,tx
2021-08-20T04:58:50.554Z,31.65065086,-104.2797847,7.159887695,2.8,ml,46,58,0.1250276501,0.3,tx,tx2021qglb,2021-11-02T14:53:32.040Z,"58 km S of Whites City, New Mexico",earthquake,0.8130903408,1.070392357,0.1,24,reviewed,tx,tx
2021-08-20T02:03:30.341Z,31.68343214,-104.4065571,6.594311523,2.9,ml,29,57,0.081676352,0.3,tx,tx2021qgfh,2021-11-02T14:53:30.040Z,"54 km S of Whites City, New Mexico",earthquake,0.9802947025,1.199554041,0.1,13,reviewed,tx,tx
2021-08-17T20:52:31.239Z,31.6742795,-104.4005523,7.262719727,2.7,ml,32,57,0.08562566068,0.3,tx,tx2021qcea,2021-10-29T14:46:26.040Z,"55 km S of Whites City, New Mexico",earthquake,0.8726097966,1.155713615,0.1,16,reviewed,tx,tx
2021-08-16T09:25:06.619Z,32.11761475,-102.1707079,7.801066081,2.8,ml,21,49,0.01251513036,0.2,tx,tx2021pzlv,2021-10-29T14:46:20.040Z,"15 km NNW of Midland, Texas",earthquake,0.7130679502,1.012899988,0.1,13,reviewed,tx,tx
2021-08-15T14:56:21.873Z,32.07401474,-103.7116181,7.828295898,3.2,ml,14,48,0.04289503242,0.2,tx,tx2021pybe,2021-10-29T14:46:17.040Z,"37 km ESE of Malaga, New Mexico",earthquake,0.8162240091,1.014995591,0.2,6,reviewed,tx,tx
2021-08-14T08:14:28.207Z,32.11578369,-102.1535585,6.773966471,2.7,ml,20,55,0.01793577624,0.1,tx,tx2021pvsn,2021-10-29T14:46:10.040Z,"14 km NNW of Midland, Texas",earthquake,0.694214064,2.168467149,0.1,13,reviewed,tx,tx
2021-08-13T18:52:04.084Z,31.67486805,-104.4159001,7.494091797,3.4,ml,29,56,0.07262406591,0.3,tx,tx2021pusb,2021-10-29T14:46:08.040Z,"55 km S of Whites City, New Mexico",earthquake,1.104697437,1.501898711,0.1,14,reviewed,tx,tx
2021-08-12T02:25:02.878Z,31.03767774,-103.2936965,1.324169922,2.9,ml,17,54,0.09433062477,0.3,tx,tx2021prpz,2021-10-23T15:46:06.040Z,"31 km SW of Coyanosa, Texas",earthquake,1.217675455,1.998318383,0.1,8,reviewed,tx,tx
2021-08-10T10:06:36.991Z,31.67771045,-104.4030059,7.391259766,3,ml,30,55,0.08384152261,0.3,tx,tx2021pooe,2021-10-23T15:46:00.040Z,"55 km S of Whites City, New Mexico",earthquake,1.245356139,1.462537797,0.1,13,reviewed,tx,tx
2021-08-09T22:28:52.316Z,31.67220268,-104.4018794,7.185595703,2.9,ml,32,58,0.08438320881,0.3,tx,tx2021pnre,2021-10-23T15:45:59.040Z,"55 km S of Whites City, New Mexico",earthquake,1.732275916,1.938244277,0.1,14,reviewed,tx,tx
2021-08-08T04:17:30.052Z,31.6407565,-104.2821299,7.494091797,3.2,ml,8,151,0.1345794405,0.2,tx,tx2021pklr,2021-10-23T15:45:51.040Z,"58 km NW of Toyah, Texas",earthquake,1.776986796,3.434621609,0.1,9,reviewed,tx,tx
2021-08-08T04:17:09.036Z,31.65086712,-104.2822082,6.979931641,3.5,ml,24,58,0.1245248796,0.3,tx,tx2021pklq,2021-10-23T15:45:51.040Z,"58 km S of Whites City, New Mexico",earthquake,1.226109174,1.662766359,0.2,14,reviewed,tx,tx
2021-08-05T23:36:13.970Z,31.59511638,-104.2226115,7.391259766,2.6,ml,18,57,0.1559963887,0.3,tx,tx2021pglj,2021-10-14T01:07:58.040Z,"51 km NW of Toyah, Texas",earthquake,1.104577,1.758595127,0.2,11,reviewed,tx,tx
2021-08-05T06:30:54.106Z,32.10662842,-102.1021103,9.463989258,2.7,ml,20,61,0.05956005953,0.1,tx,tx2021pfdo,2021-10-14T01:07:35.040Z,"12 km N of Midland, Texas",earthquake,0.6315596933,0.7412275761,0.2,13,reviewed,tx,tx
2021-08-05T02:33:22.451Z,31.67095917,-104.3808741,6.825683594,2.6,ml,19,69,0.1022413316,0.3,tx,tx2021pevs,2021-10-14T01:07:30.040Z,"55 km S of Whites City, New Mexico",earthquake,1.074784535,1.407078968,0.2,12,reviewed,tx,tx
2021-08-04T05:00:03.091Z,32.10662842,-102.0999667,9.806355794,2.7,ml,20,61,0.06123871884,0.1,tx,tx2021pdfb,2021-10-14T01:06:49.040Z,"12 km N of Midland, Texas",earthquake,0.6545178894,0.873340759,0.2,11,reviewed,tx,tx
2021-08-02T21:49:59.673Z,31.66765593,-104.3943022,6.157275391,3.2,ml,40,61,0.09077265754,0.3,tx,tx2021pavj,2021-10-14T01:05:51.040Z,"56 km S of Whites City, New Mexico",earthquake,0.8818860178,1.196164427,0.1,22,reviewed,tx,tx
2021-08-02T18:10:55.341Z,31.15497923,-103.2390292,3.45793457,3.1,ml,26,47,0.0320226236,0.2,tx,tx2021paoe,2021-10-14T01:05:44.040Z,"19 km WSW of Coyanosa, Texas",earthquake,0.8327312558,0.9292114407,0.1,12,reviewed,tx,tx
2021-08-02T04:22:53.482Z,31.60152414,-104.2707994,6.697143555,3,ml,20,59,0.1748300619,0.2,tx,tx2021ozmv,2021-10-14T01:05:22.040Z,"55 km NW of Toyah, Texas",earthquake,0.7596274482,1.790911779,0.1,12,reviewed,tx,tx
2021-08-01T10:09:50.394Z,31.7187506,-104.344941,6.131567383,2.8,ml,35,58,0.06668718487,0.3,tx,tx2021oyct,2021-10-14T01:04:56.040Z,"50 km S of Whites City, New Mexico",earthquake,0.8769286726,0.9858219023,0.2,24,reviewed,tx,tx
2021-07-31T23:20:58.817Z,31.60802572,-104.2584762,7.005639648,2.8,ml,27,58,0.1703381782,0.2,tx,tx2021oxhj,2021-10-14T01:04:35.040Z,"54 km NW of Toyah, Texas",earthquake,0.9869743374,1.433391751,0.2,18,reviewed,tx,tx
2021-07-31T22:55:21.856Z,31.14857758,-103.2524337,3.81784668,3.1,ml,30,42,0.02362016637,0.2,tx,tx2021oxgn,2021-10-14T01:04:34.040Z,"20 km WSW of Coyanosa, Texas",earthquake,0.7676092008,0.8039318166,0.1,22,reviewed,tx,tx
2021-07-31T20:30:24.969Z,31.61057225,-104.2549985,6.671435547,3.4,ml,32,70,0.1685191535,0.2,tx,tx2021oxbq,2021-10-14T01:04:30.040Z,"54 km NW of Toyah, Texas",earthquake,0.899686595,1.469901669,0.2,22,reviewed,tx,tx
2021-07-31T11:29:49.100Z,32.06480976,-103.7224147,8.39387207,2.5,ml,16,59,0.1070385724,0.1,tx,tx2021owjx,2021-10-14T01:04:17.040Z,"37 km ESE of Malaga, New Mexico",earthquake,0.7087560366,1.319175589,0.2,13,reviewed,tx,tx
2021-07-30T00:27:27.012Z,31.61087233,-104.2418208,7.211303711,2.6,ml,49,58,0.1712177424,0.3,tx,tx2021otso,2021-10-14T01:03:22.040Z,"53 km NW of Toyah, Texas",earthquake,0.9731857785,1.200470892,0.1,23,reviewed,tx,tx
2021-07-29T16:10:01.180Z,31.60157417,-104.2616554,6.131567383,2.6,ml,45,58,0.1761136047,0.3,tx,tx2021otcd,2021-10-03T05:23:28.040Z,"54 km NW of Toyah, Texas",earthquake,0.9745983632,1.153646702,0.1,22,reviewed,tx,tx
2021-07-29T15:03:54.065Z,31.59813758,-104.2597469,7.237011719,2.6,ml,52,59,0.1798073372,0.3,tx,tx2021oszy,2021-10-03T05:23:26.040Z,"54 km NW of Toyah, Texas",earthquake,1.114513334,1.299584925,0.1,31,reviewed,tx,tx
2021-07-29T07:25:47.336Z,31.61222539,-104.2466724,6.697143555,2.8,ml,22,58,0.168733525,0.2,tx,tx2021oskw,2021-10-03T05:23:05.040Z,"54 km NW of Toyah, Texas",earthquake,0.9539309641,1.48493325,0.2,12,reviewed,tx,tx
2021-07-29T04:21:13.576Z,31.66873271,-104.3695503,6.671435547,2.5,ml,28,69,0.1118691843,0.3,tx,tx2021oseu,2021-10-03T05:23:00.040Z,"56 km S of Whites City, New Mexico",earthquake,1.047938556,1.28598472,0.2,12,reviewed,tx,tx
2021-07-29T03:22:06.344Z,31.61056646,-104.2560744,6.157275391,2.5,ml,23,70,0.1683118046,0.2,tx,tx2021oscu,2021-10-03T05:22:59.040Z,"54 km NW of Toyah, Texas",earthquake,1.129238787,1.69093744,0.2,15,reviewed,tx,tx
2021-07-29T00:38:42.128Z,31.60503412,-104.2592607,6.362939453,2.6,ml,23,59,0.1731260503,0.3,tx,tx2021orxk,2021-10-03T05:22:57.040Z,"54 km NW of Toyah, Texas",earthquake,1.047186059,1.590594536,0.2,11,reviewed,tx,tx
2021-07-29T00:08:04.303Z,31.60595909,-104.2581918,6.877099609,3.3,ml,22,58,0.1724122413,0.3,tx,tx2021orwk,2021-10-03T05:22:56.040Z,"54 km NW of Toyah, Texas",earthquake,1.191266881,1.742380563,0.2,11,reviewed,tx,tx
2021-07-29T00:03:34.533Z,31.56710571,-104.1710621,6.954223633,2.5,ml,17,56,0.1049626222,0.2,tx,tx2021orwg,2021-10-03T05:22:56.040Z,"45 km NW of Toyah, Texas",earthquake,0.8555890246,1.312302543,0.2,7,reviewed,tx,tx
2021-07-28T23:50:22.249Z,32.07033609,-103.7132339,8.702368164,2.7,ml,13,58,0.09900366581,0.1,tx,tx2021orvv,2021-10-03T05:22:55.040Z,"37 km ESE of Malaga, New Mexico",earthquake,0.7331618409,1.233560874,0.2,6,reviewed,tx,tx
2021-07-28T15:28:04.029Z,31.60871654,-104.2582124,6.260107422,4.3,ml,45,58,0.1697110684,0.2,tx,tx2021orfg,2021-10-03T05:22:45.040Z,"54 km NW of Toyah, Texas",earthquake,0.7757980321,1.056822548,0.2,26,reviewed,tx,tx
2021-07-28T10:45:44.194Z,31.67738673,-104.4172691,7.211303711,2.5,ml,29,69,0.07172625876,0.3,tx,tx2021oqvy,2021-10-03T05:22:40.040Z,"55 km S of Whites City, New Mexico",earthquake,0.9314324258,1.155353437,0.1,17,reviewed,tx,tx
2021-07-28T04:16:21.687Z,31.67234222,-104.4156078,7.005639648,2.9,ml,32,69,0.07269900067,0.3,tx,tx2021oqjc,2021-10-03T05:22:37.040Z,"55 km S of Whites City, New Mexico",earthquake,0.9746474678,1.291021448,0.2,19,reviewed,tx,tx
2021-07-26T11:28:51.955Z,31.69385695,-104.3191553,7.494091797,2.6,ml,34,66,0.08178446564,0.2,tx,tx2021ongj,2021-10-03T05:22:12.040Z,"53 km S of Whites City, New Mexico",earthquake,0.719913438,1.14164592,0.2,23,reviewed,tx,tx
2021-07-24T17:24:39.389Z,31.67151157,-104.4021423,7.622631836,2.6,ml,34,69,0.08413272652,0.3,tx,tx2021okbc,2021-10-03T05:21:44.040Z,"55 km S of Whites City, New Mexico",earthquake,0.9166893462,1.206040026,0.1,24,reviewed,tx,tx
2021-07-23T03:31:44.761Z,31.66749355,-104.3838042,7.005639648,2.7,ml,23,60,0.09972399086,0.2,tx,tx2021ohec,2021-10-03T05:21:18.040Z,"56 km S of Whites City, New Mexico",earthquake,0.9445524027,1.308442059,0.1,13,reviewed,tx,tx
2021-07-23T00:54:50.484Z,32.10296631,-102.0956793,8.779256185,2.8,ml,19,77,0.06601729789,0.1,tx,tx2021ogyy,2021-10-03T05:21:17.040Z,"11 km N of Midland, Texas",earthquake,0.7029081428,0.6993176004,0.2,9,reviewed,tx,tx
2021-07-22T21:21:20.695Z,31.65279589,-104.3067113,6.234399414,2.8,ml,33,59,0.121593367,0.3,tx,tx2021ogrx,2021-09-25T21:08:36.040Z,"58 km S of Whites City, New Mexico",earthquake,0.8263828574,1.250782976,0.2,19,reviewed,tx,tx
2021-07-21T12:31:14.449Z,31.60852126,-103.9865508,9.087988281,2.5,ml,9,113,0.07599985629,0.2,tx,tx2021oeey,2021-09-25T21:08:27.040Z,"37 km NNW of Toyah, Texas",earthquake,1.18336107,1.685281698,0.1,10,reviewed,tx,tx
2021-07-19T11:23:25.290Z,32.07124808,-103.7191823,7.828295898,4,ml,16,53,0.03776439644,0.1,tx,tx2021oalq,2021-09-25T21:08:12.040Z,"37 km ESE of Malaga, New Mexico",earthquake,0.7087281698,0.7314236989,0.2,11,reviewed,tx,tx
2021-07-18T20:40:06.732Z,31.65020423,-104.2348428,7.494091797,2.6,ml,18,65,0.1364643182,0.3,tx,tx2021nzin,2021-09-25T21:08:07.040Z,"56 km NW of Toyah, Texas",earthquake,1.264011008,1.82823594,0.2,10,reviewed,tx,tx
2021-07-17T14:47:22.125Z,31.66596177,-104.3716793,6.671435547,2.5,ml,21,60,0.1100873074,0.2,tx,tx2021nxbj,2021-09-25T21:07:59.040Z,"56 km S of Whites City, New Mexico",earthquake,1.069790731,1.43090772,0.2,9,reviewed,tx,tx
2021-07-17T05:59:45.999Z,31.36036538,-103.0752292,3.715014648,2.6,ml,33,53,0.02161274679,0.2,tx,tx2021nwjy,2021-09-25T21:07:56.040Z,"13 km N of Coyanosa, Texas",earthquake,0.6803639663,0.6609176963,0.2,17,reviewed,tx,tx
2021-07-17T03:57:54.790Z,31.36774275,-103.0816299,4.126342773,3.1,ml,33,68,0.03078110706,0.2,tx,tx2021nwfy,2021-09-25T21:07:55.040Z,"13 km N of Coyanosa, Texas",earthquake,0.5427481959,0.9460604108,0.2,22,reviewed,tx,tx
2021-07-16T12:51:41.763Z,32.39593506,-102.1385528,5.306681315,2.8,ml,21,57,0.2674615099,0.2,tx,tx2021nvcb,2021-09-25T21:07:49.040Z,"38 km ENE of McKinney Acres, Texas",earthquake,0.8493589202,2.276807357,0.1,13,reviewed,tx,tx
2021-07-15T18:50:19.579Z,31.67976971,-104.4043704,6.080151367,2.6,ml,33,56,0.08293744769,0.3,tx,tx2021ntsk,2021-09-17T22:50:53.040Z,"55 km S of Whites City, New Mexico",earthquake,1.112344375,1.081871419,0.1,13,reviewed,tx,tx
2021-07-15T11:09:44.368Z,31.69459511,-104.3108154,6.337231445,2.5,ml,34,52,0.08003975535,0.3,tx,tx2021ntdf,2021-09-17T22:50:38.040Z,"53 km S of Whites City, New Mexico",earthquake,0.8688191809,0.9719007179,0.1,13,reviewed,tx,tx
2021-07-13T18:56:29.329Z,31.67900268,-104.3437985,7.596923828,2.5,ml,18,61,0.1018671948,0.2,tx,tx2021nqbo,2021-09-17T22:50:14.040Z,"55 km S of Whites City, New Mexico",earthquake,0.924474232,1.272310808,0.1,6,reviewed,tx,tx
2021-07-13T12:40:29.830Z,31.70743606,-104.1375173,7.622631836,2.5,ml,30,56,0.09449331109,0.3,tx,tx2021nppe,2021-09-17T22:50:10.040Z,"51 km W of Mentone, Texas",earthquake,0.6992192134,1.12590991,0.1,10,reviewed,tx,tx
2021-07-12T13:48:10.702Z,32.11395264,-102.1278344,7.752156576,2.7,ml,18,64,0.03666232251,0.1,tx,tx2021nnvx,2021-09-17T22:49:52.040Z,"13 km NNW of Midland, Texas",earthquake,0.5707410585,1.000798645,0.1,6,reviewed,tx,tx
2021-07-11T21:57:36.743Z,31.64682565,-104.2216333,6.645727539,2.5,ml,32,56,0.1444934427,0.2,tx,tx2021nmqn,2021-09-17T22:49:43.040Z,"54 km NW of Toyah, Texas",earthquake,0.895333106,1.352973467,0.1,14,reviewed,tx,tx
2021-07-11T03:05:14.192Z,31.03771398,-103.3118757,4.511962891,2.5,ml,34,54,0.08378661744,0.3,tx,tx2021nlff,2021-09-17T22:49:32.040Z,"32 km SW of Coyanosa, Texas",earthquake,0.7260371483,1.022172246,0.1,17,reviewed,tx,tx
2021-07-10T17:55:44.692Z,31.65767907,-104.2112149,7.082763672,2.9,ml,31,55,0.1396785305,0.3,tx,tx2021nknb,2021-09-17T22:49:25.040Z,"54 km NW of Toyah, Texas",earthquake,1.16355152,1.659302758,0.1,14,reviewed,tx,tx
2021-07-09T23:35:52.101Z,31.66704077,-104.345851,7.288427734,2.8,ml,27,59,0.11372262,0.2,tx,tx2021njcu,2021-09-17T22:49:09.040Z,"56 km S of Whites City, New Mexico",earthquake,1.265522439,1.531512618,0.1,13,reviewed,tx,tx
2021-07-09T01:09:09.307Z,31.67517052,-104.404867,7.314135742,3.4,ml,33,56,0.08202225885,0.3,tx,tx2021nhkj,2021-09-17T22:48:26.040Z,"55 km S of Whites City, New Mexico",earthquake,1.08203309,1.298330902,0.1,16,reviewed,tx,tx
2021-07-08T20:46:35.857Z,31.6495,-104.3346,5,2.5,ml,,60,0.143,0.48,us,us6000etat,2021-09-10T20:08:35.040Z,"58 km S of Whites City, New Mexico",earthquake,3.6,2,0.045,64,reviewed,us,us
2021-07-08T19:27:09.328Z,31.64657789,-104.2251296,6.979931641,2.8,ml,25,56,0.1433365565,0.3,tx,tx2021ngzc,2021-09-10T20:08:35.040Z,"55 km NW of Toyah, Texas",earthquake,1.315804877,2.188528818,0.1,10,reviewed,tx,tx
2021-07-07T13:05:31.428Z,31.6004616,-104.2549233,7.288427734,3.1,ml,23,58,0.1783942199,0.2,tx,tx2021nera,2021-09-10T20:08:37.040Z,"54 km NW of Toyah, Texas",earthquake,1.05839915,1.793548618,0.1,12,reviewed,tx,tx
2021-07-07T04:13:36.742Z,31.66659586,-104.4158241,6.671435547,2.9,ml,28,63,0.07244771162,0.3,tx,tx2021ndzl,2021-09-10T20:08:37.040Z,"56 km S of Whites City, New Mexico",earthquake,1.324447475,1.41812954,0.1,14,reviewed,tx,tx
2021-07-01T05:33:52.618Z,32.71453857,-100.6872856,6.089233398,3.4,ml,22,70,0.06044656819,0.2,tx,tx2021mtdb,2021-09-09T22:06:23.040Z,"11 km NE of Hermleigh, Texas",earthquake,1.007556803,1.494843921,0.1,13,reviewed,tx,tx
2021-06-30T22:36:25.188Z,31.65826066,-104.3153668,6.542895508,3.1,ml,35,59,0.116641776,0.3,tx,tx2021msph,2021-09-09T22:06:19.040Z,"57 km S of Whites City, New Mexico",earthquake,0.8968632199,1.221231233,0.2,20,reviewed,tx,tx
2021-06-30T20:19:30.867Z,31.66170587,-104.3156638,6.362939453,2.9,ml,18,68,0.1132359546,0.2,tx,tx2021msku,2021-09-09T22:06:15.040Z,"57 km S of Whites City, New Mexico",earthquake,1.068941768,1.584909253,0.2,9,reviewed,tx,tx
2021-06-30T13:21:14.086Z,31.6843548,-104.4060271,6.131567383,3,ml,22,68,0.08229253288,0.2,tx,tx2021mrwz,2021-09-09T22:06:09.040Z,"54 km S of Whites City, New Mexico",earthquake,1.11974463,1.267615944,0.2,10,reviewed,tx,tx
2021-06-30T13:19:56.717Z,31.67426897,-104.4021672,6.28581543,3,ml,29,57,0.0842513393,0.2,tx,tx2021mrwy,2021-09-09T22:06:09.040Z,"55 km S of Whites City, New Mexico",earthquake,0.9553552791,1.244108185,0.1,19,reviewed,tx,tx
2021-06-28T23:23:49.041Z,31.58507716,-103.9119582,8.496704102,2.5,ml,14,78,0.06437802707,0.2,tx,tx2021mozw,2021-09-09T22:05:43.040Z,"32 km NNW of Toyah, Texas",earthquake,0.8462681216,1.18367791,0.2,6,reviewed,tx,tx
2021-06-28T08:48:54.768Z,31.68364602,-104.4089818,6.414355469,2.6,ml,23,50,0.07968494171,0.3,tx,tx2021mnwz,2021-09-09T22:05:34.040Z,"54 km S of Whites City, New Mexico",earthquake,1.104769609,1.18355024,0.2,13,reviewed,tx,tx
2021-06-28T08:01:15.323Z,32.42340088,-102.0742426,10.73563639,2.7,ml,22,70,0.2307941765,0.1,tx,tx2021mnvk,2021-09-09T22:05:34.040Z,"35 km WSW of Ackerly, Texas",earthquake,0.6435323959,1.416711455,0.2,12,reviewed,tx,tx
2021-06-27T23:18:09.424Z,31.59951329,-104.0002258,7.93112793,3,ml,16,89,0.07936768295,0.1,tx,tx2021mnee,2021-09-09T22:05:29.040Z,"37 km NNW of Toyah, Texas",earthquake,0.9362464482,1.118528043,0.1,13,reviewed,tx,tx
2021-06-26T23:19:27.117Z,31.60652495,-103.9642178,9.21652832,2.6,ml,10,109,0.1050006448,0.1,tx,tx2021mlis,2021-09-09T22:05:14.040Z,"36 km NNW of Toyah, Texas",earthquake,1.011656862,1.336520914,0.1,6,reviewed,tx,tx
2021-06-26T12:02:09.839Z,31.60238361,-103.9658135,9.21652832,2.6,ml,16,89,0.1011947325,0.2,tx,tx2021mkmj,2021-09-09T22:05:08.040Z,"35 km NNW of Toyah, Texas",earthquake,0.9888469323,1.006763519,0.2,8,reviewed,tx,tx
2021-06-26T03:23:58.051Z,31.68126683,-104.3860794,6.28581543,3.3,ml,29,53,0.09859114326,0.3,tx,tx2021mjvg,2021-09-09T22:05:01.040Z,"54 km S of Whites City, New Mexico",earthquake,0.868604104,1.283655004,0.2,18,reviewed,tx,tx
2021-06-26T02:25:51.714Z,32.38311768,-101.6326458,10.14872233,2.7,ml,20,61,0.1643559132,0.2,tx,tx2021mjtj,2021-09-09T22:05:00.040Z,"17 km SSE of Ackerly, Texas",earthquake,0.9322277952,1.106420117,0.2,10,reviewed,tx,tx
2021-06-25T23:25:28.124Z,31.60365248,-104.2597883,7.031347656,3.3,ml,27,59,0.1743880728,0.2,tx,tx2021mjnk,2021-09-09T22:04:58.040Z,"54 km NW of Toyah, Texas",earthquake,1.136009064,1.496621171,0.2,16,reviewed,tx,tx
2021-06-25T10:18:25.700Z,31.67398897,-104.3741717,6.080151367,3.2,ml,48,57,0.1080611971,0.3,tx,tx2021minl,2021-09-09T22:04:52.040Z,"55 km S of Whites City, New Mexico",earthquake,0.873662632,1.055013135,0.2,25,reviewed,tx,tx
2021-06-25T09:37:11.912Z,31.66549882,-104.3722136,6.620019531,3.1,ml,34,66,0.1096443895,0.2,tx,tx2021mimc,2021-09-09T22:04:51.040Z,"56 km S of Whites City, New Mexico",earthquake,1.017618124,1.486618916,0.2,24,reviewed,tx,tx
2021-06-25T09:30:15.264Z,31.66389879,-104.370854,6.131567383,4.4,ml,60,61,0.1108604827,0.3,tx,tx2021milw,2021-09-09T22:04:51.040Z,"56 km S of Whites City, New Mexico",earthquake,0.9135507022,0.949978536,0.2,33,reviewed,tx,tx
2021-06-25T01:12:51.602Z,31.60411828,-103.9975579,7.314135742,2.9,ml,22,52,0.08445039649,0.2,tx,tx2021mhvl,2021-09-09T22:04:44.040Z,"37 km NNW of Toyah, Texas",earthquake,0.8915589031,1.119897635,0.2,12,reviewed,tx,tx
2021-06-24T22:59:38.812Z,31.59562301,-104.2573077,6.131567383,3,ml,36,59,0.1826939616,0.2,tx,tx2021mhrb,2021-08-27T18:59:00.040Z,"53 km NW of Toyah, Texas",earthquake,1.109334931,1.332133377,0.2,20,reviewed,tx,tx
2021-06-24T19:53:37.288Z,31.67748136,-104.3669345,6.105859375,3.6,ml,44,55,0.1117188879,0.3,tx,tx2021mhkx,2021-08-27T18:58:56.040Z,"55 km S of Whites City, New Mexico",earthquake,0.8353406197,0.9972409291,0.2,23,reviewed,tx,tx
2021-06-24T19:48:38.527Z,31.66967206,-104.3663286,6.671435547,2.8,ml,32,69,0.1146201419,0.3,tx,tx2021mhkt,2021-08-27T18:58:55.040Z,"56 km S of Whites City, New Mexico",earthquake,0.9303013653,1.216724114,0.1,20,reviewed,tx,tx
2021-06-24T14:36:48.801Z,31.60871414,-103.9975794,7.622631836,3.3,ml,24,52,0.08825850896,0.2,tx,tx2021mhak,2021-08-27T18:58:51.040Z,"37 km NNW of Toyah, Texas",earthquake,0.8524662969,1.168055076,0.1,14,reviewed,tx,tx
2021-06-24T12:35:59.283Z,31.28635084,-103.6143816,1.092797852,2.8,ml,30,35,0.03028556575,0.2,tx,tx2021mgwm,2021-08-27T18:58:50.040Z,"11 km SW of Lindsay, Texas",earthquake,0.5408518733,1.084127705,0.1,19,reviewed,tx,tx
2021-06-24T10:13:59.431Z,32.38677979,-101.6390768,8.925984701,2.9,ml,15,70,0.1601759927,0.1,tx,tx2021mgru,2021-08-27T18:58:49.040Z,"17 km SSE of Ackerly, Texas",earthquake,1.246743041,1.618875305,0.1,10,reviewed,tx,tx
2021-06-23T19:49:04.349Z,31.66538245,-104.3156936,7.391259766,3.1,ml,23,58,0.1095777834,0.2,tx,tx2021mfpg,2021-08-27T18:58:42.040Z,"56 km S of Whites City, New Mexico",earthquake,1.16855752,1.631548028,0.1,10,reviewed,tx,tx
2021-06-23T17:30:33.168Z,31.6776183,-104.4170021,7.288427734,2.5,ml,17,54,0.07198085894,0.3,tx,tx2021mfkr,2021-08-27T18:58:40.040Z,"55 km S of Whites City, New Mexico",earthquake,1.09176283,1.322210143,0.1,8,reviewed,tx,tx
2021-06-23T13:39:41.283Z,32.38494873,-101.6305021,9.023803711,2.5,ml,12,69,0.1665957027,0.2,tx,tx2021mfdb,2021-08-27T18:58:38.040Z,"17 km SSE of Ackerly, Texas",earthquake,1.252511997,1.603445354,0.1,7,reviewed,tx,tx
2021-06-23T09:59:13.904Z,31.67331461,-104.4075418,6.902807617,3.6,ml,41,57,0.0796184235,0.3,tx,tx2021mevv,2021-08-27T18:58:35.040Z,"55 km S of Whites City, New Mexico",earthquake,0.9224527357,1.265600092,0.1,20,reviewed,tx,tx
2021-06-23T09:12:19.121Z,31.67126244,-104.4051008,6.877099609,2.9,ml,30,59,0.08160370674,0.3,tx,tx2021meug,2021-08-27T18:58:35.040Z,"55 km S of Whites City, New Mexico",earthquake,1.258035614,1.31242251,0.1,14,reviewed,tx,tx
2021-06-22T18:28:13.137Z,32.38861084,-101.6262147,1.931925456,3.1,ml,34,57,0.1711035197,0.3,tx,tx2021mdrc,2021-08-27T18:58:26.040Z,"17 km SSE of Ackerly, Texas",earthquake,1.166838353,1.082894369,0.1,9,reviewed,tx,tx
2021-06-21T09:18:24.364Z,31.66690791,-104.3673813,7.288427734,2.5,ml,25,60,0.1137319359,0.3,tx,tx2021mbdl,2021-08-27T18:58:04.040Z,"56 km S of Whites City, NM",earthquake,1.35038581,1.676354362,0.1,12,reviewed,tx,tx
2021-06-21T05:31:09.604Z,31.68033985,-104.4224108,6.260107422,2.9,ml,22,52,0.06782723045,0.3,tx,tx2021mavy,2021-08-27T18:58:02.040Z,"western Texas",earthquake,1.024607485,1.262852011,0.2,13,reviewed,tx,tx
2021-06-18T04:03:23.896Z,31.69177703,-104.4637067,7.057055664,2.7,ml,19,54,0.0392074505,0.3,tx,tx2021lvgo,2021-08-27T18:57:09.040Z,"54 km S of Whites City, New Mexico",earthquake,1.156141957,1.041919259,0.1,10,reviewed,tx,tx
2021-06-17T06:07:40.840Z,32.42706299,-102.0656679,11.90946452,3.1,ml,31,58,0.2254666593,0.2,tx,tx2021ltpd,2021-08-26T21:59:29.040Z,"34 km WSW of Ackerly, Texas",earthquake,0.7333500147,1.044078271,0.2,12,reviewed,tx,tx
2021-06-16T10:06:51.705Z,32.42340088,-102.0742426,7.70324707,3.1,ml,32,70,0.2307941765,0.2,tx,tx2021lsbn,2021-08-26T21:59:26.040Z,"35 km WSW of Ackerly, Texas",earthquake,0.771029865,1.289797542,0.2,14,reviewed,tx,tx
2021-06-15T13:46:01.334Z,31.10307876,-103.3727006,2.969482422,2.8,ml,25,85,7.133587842E-5,0.3,tx,tx2021lqnf,2021-08-26T21:59:22.040Z,"33 km WSW of Coyanosa, Texas",earthquake,1.550643294,0.9862531398,0.2,9,reviewed,tx,tx
2021-06-14T19:48:04.912Z,31.67143582,-104.3781867,6.877099609,2.6,ml,19,58,0.1045433967,0.3,tx,tx2021lpds,2021-08-26T21:59:20.040Z,"55 km S of Whites City, New Mexico",earthquake,1.027277615,1.33879067,0.2,11,reviewed,tx,tx
2021-06-14T09:21:38.793Z,31.66903811,-104.3937763,7.031347656,2.8,ml,33,60,0.09121651893,0.3,tx,tx2021loja,2021-08-26T21:59:17.040Z,"56 km S of Whites City, New Mexico",earthquake,1.270302484,1.418628124,0.1,17,reviewed,tx,tx
2021-06-14T08:01:14.054Z,31.66975001,-104.3902837,6.388647461,2.5,ml,33,59,0.09419971385,0.3,tx,tx2021logj,2021-08-26T21:59:17.040Z,"56 km S of Whites City, New Mexico",earthquake,1.067235123,1.339128089,0.1,21,reviewed,tx,tx
2021-06-12T03:58:25.686Z,31.65813511,-104.297335,7.185595703,2.7,ml,22,59,0.1162144952,0.3,tx,tx2021lkhl,2021-08-26T21:59:07.040Z,"57 km S of Whites City, New Mexico",earthquake,1.369784381,2.018160901,0.1,11,reviewed,tx,tx
2021-06-11T22:27:50.048Z,31.66318402,-104.3748847,7.494091797,2.8,ml,32,62,0.1074613997,0.3,tx,tx2021ljwl,2021-08-26T21:59:06.040Z,"56 km S of Whites City, New Mexico",earthquake,1.276893677,1.548776796,0.1,16,reviewed,tx,tx
2021-06-11T04:44:51.938Z,31.67234813,-104.3792714,7.185595703,3.4,ml,33,57,0.1036476577,0.3,tx,tx2021link,2021-08-26T21:59:04.040Z,"55 km S of Whites City, New Mexico",earthquake,1.306724911,1.407382975,0.1,17,reviewed,tx,tx
2021-06-09T20:58:53.060Z,31.6677729,-104.3760014,6.465771484,2.6,ml,31,60,0.1063730426,0.3,tx,tx2021lgcn,2021-08-24T21:33:48.040Z,"56 km S of Whites City, New Mexico",earthquake,1.204255941,1.523487232,0.1,14,reviewed,tx,tx
2021-06-09T20:52:13.820Z,31.66225127,-104.3770296,6.979931641,2.6,ml,28,62,0.105687745,0.3,tx,tx2021lgch,2021-08-24T21:33:48.040Z,"56 km S of Whites City, New Mexico",earthquake,1.48430057,1.631608321,0.1,14,reviewed,tx,tx
2021-06-09T20:45:26.765Z,31.66572352,-104.3730229,7.211303711,3.3,ml,36,61,0.1089483267,0.3,tx,tx2021lgcb,2021-08-24T21:33:49.040Z,"56 km S of Whites City, New Mexico",earthquake,0.8827913954,1.34532729,0.1,19,reviewed,tx,tx
2021-06-09T09:04:51.976Z,31.08649891,-103.3502651,3.380810547,2.5,ml,30,50,0.02548495215,0.3,tx,tx2021lfey,2021-08-24T21:34:03.040Z,"32 km WSW of Coyanosa, Texas",earthquake,1.099639676,1.153587347,0.1,14,reviewed,tx,tx
2021-06-09T05:15:40.770Z,31.59958849,-104.2463105,7.288427734,2.8,ml,25,58,0.1764167818,0.2,tx,tx2021lexk,2021-08-24T21:34:06.040Z,"53 km NW of Toyah, Texas",earthquake,1.157424257,2.041777187,0.2,10,reviewed,tx,tx
2021-06-09T05:07:55.492Z,31.58946064,-104.2494631,6.157275391,2.8,ml,26,58,0.1755116433,0.3,tx,tx2021lexf,2021-08-24T21:34:07.040Z,"52 km NW of Toyah, Texas",earthquake,1.319069703,1.783164219,0.1,12,reviewed,tx,tx
2021-06-09T04:10:49.972Z,31.59497554,-104.2495038,7.391259766,3.4,ml,52,58,0.1773375519,0.2,tx,tx2021levg,2021-08-24T21:34:07.040Z,"53 km NW of Toyah, Texas",earthquake,0.905597317,1.521419604,0.1,24,reviewed,tx,tx
2021-06-08T09:30:09.779Z,31.67688196,-104.3890014,7.391259766,2.8,ml,34,55,0.09564290685,0.3,tx,tx2021ldkh,2021-08-24T21:34:18.040Z,"55 km S of Whites City, New Mexico",earthquake,0.9681464514,1.386341167,0.1,17,reviewed,tx,tx
2021-06-07T17:42:14.810Z,32.71636963,-100.6894293,6.431599935,2.7,ml,16,58,0.06045001225,0.2,tx,tx2021lcfb,2021-08-24T21:34:31.040Z,"11 km NE of Hermleigh, Texas",earthquake,1.184761508,2.546383191,0.1,8,reviewed,tx,tx
2021-06-06T23:24:30.508Z,31.67212491,-104.4137217,6.774267578,2.6,ml,23,58,0.07429425884,0.3,tx,tx2021lauv,2021-08-24T21:34:42.040Z,"55 km S of Whites City, New Mexico",earthquake,1.239176663,1.243103534,0.1,12,reviewed,tx,tx
2021-06-05T12:59:45.753Z,31.55295138,-104.1510776,6.645727539,2.9,ml,41,55,0.08478030266,0.3,tx,tx2021kyes,2021-08-24T21:35:32.040Z,"43 km NW of Toyah, Texas",earthquake,1.061365474,1.174715405,0.2,25,reviewed,tx,tx
2021-06-04T07:44:42.367Z,32.71453857,-100.6894293,7.70324707,2.5,ml,14,109,0.05914892038,0.2,tx,tx2021kvyv,2021-08-24T21:35:52.040Z,"10 km NE of Hermleigh, Texas",earthquake,0.9604939813,1.681333764,0.1,11,reviewed,tx,tx
2021-06-03T13:02:07.952Z,31.65856791,-104.3780738,7.596923828,2.7,ml,19,62,0.1050895481,0.2,tx,tx2021kunu,2021-08-07T22:07:35.040Z,"57 km S of Whites City, New Mexico",earthquake,1.173839208,1.657731578,0.2,12,reviewed,tx,tx
2021-06-03T09:14:36.535Z,31.10493425,-103.2600662,4.537670898,3,ml,41,52,0.04231807283,0.2,tx,tx2021kugg,2021-08-07T22:07:28.040Z,"24 km SW of Coyanosa, Texas",earthquake,0.859824798,0.6850525977,0.2,24,reviewed,tx,tx
2021-06-01T04:02:02.954Z,31.60877428,-104.2474539,6.157275391,3.1,ml,34,58,0.1718789697,0.3,tx,tx2021kqey,2021-08-07T22:06:50.040Z,"54 km NW of Toyah, Texas",earthquake,1.038282388,1.484155252,0.2,17,reviewed,tx,tx
2021-06-01T03:55:58.817Z,31.6059996,-104.2506611,6.260107422,3.1,ml,33,58,0.1738581742,0.2,tx,tx2021kqet,2021-08-07T22:06:50.040Z,"54 km NW of Toyah, Texas",earthquake,0.9918600032,1.231748093,0.2,18,reviewed,tx,tx
2021-05-30T03:52:44.297Z,32.10571289,-102.0946075,7.336425781,2.7,ml,34,53,0.06579647084,0.2,tx,tx2021kmnq,2021-08-07T22:06:10.040Z,"12 km N of Midland, Texas",earthquake,0.7101381692,0.6341364582,0.2,18,reviewed,tx,tx
2021-05-30T00:42:34.905Z,31.60693598,-104.2474404,6.979931641,2.8,ml,27,58,0.1736570592,0.3,tx,tx2021kmhj,2021-08-07T22:06:09.040Z,"53 km NW of Toyah, Texas",earthquake,1.259698249,2.00801354,0.2,13,reviewed,tx,tx
2021-05-29T18:41:56.054Z,31.67747357,-104.4385347,6.157275391,2.6,ml,24,53,0.0537948489,0.3,tx,tx2021klvl,2021-08-07T22:06:04.040Z,"55 km S of Whites City, New Mexico",earthquake,1.175122477,1.240566567,0.1,15,reviewed,tx,tx
2021-05-26T21:24:17.735Z,31.66848093,-104.373047,7.365551758,3.1,ml,36,59,0.1088882387,0.2,tx,tx2021kgoi,2021-07-31T22:10:03.040Z,"56 km S of Whites City, New Mexico",earthquake,0.7912519777,1.215616944,0.1,15,reviewed,tx,tx
2021-05-26T14:07:03.811Z,31.08902709,-103.350527,4.743334961,2.5,ml,30,49,0.02372839937,0.3,tx,tx2021kfzx,2021-07-31T22:09:58.040Z,"32 km WSW of Coyanosa, Texas",earthquake,0.9620563471,1.307221727,0.1,17,reviewed,tx,tx
2021-05-26T11:55:32.610Z,31.71340546,-104.3912116,6.131567383,2.6,ml,32,55,0.0976961516,0.3,tx,tx2021kfvp,2021-07-31T22:09:56.040Z,"51 km S of Whites City, New Mexico",earthquake,0.9069094238,0.9311301577,0.1,16,reviewed,tx,tx
2021-05-24T23:27:09.916Z,31.67388958,-104.3897823,7.314135742,2.9,ml,40,57,0.09476642047,0.3,tx,tx2021kdbj,2021-07-31T22:09:25.040Z,"55 km S of Whites City, New Mexico",earthquake,0.8210995883,1.268882459,0.1,18,reviewed,tx,tx
2021-05-24T15:02:16.095Z,30.94885959,-103.3556435,4.691918945,3.3,ml,38,61,0.03942261958,0.3,tx,tx2021kcks,2021-07-31T22:09:18.040Z,"37 km E of Balmorhea, Texas",earthquake,0.8543438228,0.8217616464,0.1,19,reviewed,tx,tx
2021-05-24T04:31:13.147Z,31.63540987,-104.2070237,6.080151367,2.7,ml,30,56,0.1605423585,0.3,tx,tx2021kbpw,2021-07-31T22:09:08.040Z,"53 km NW of Toyah, Texas",earthquake,1.022521247,1.116165276,0.1,15,reviewed,tx,tx
2021-05-23T03:57:52.688Z,31.6780153,-104.3914341,6.028735352,2.6,ml,33,54,0.09368400663,0.3,tx,tx2021jzth,2021-07-31T22:08:46.040Z,"55 km S of Whites City, New Mexico",earthquake,0.8678571814,1.382425648,0.1,29,reviewed,tx,tx
2021-05-23T00:18:19.714Z,31.67604011,-104.4124117,6.388647461,2.9,ml,28,55,0.07569340882,0.3,tx,tx2021jzmb,2021-07-31T22:08:41.040Z,"55 km S of Whites City, New Mexico",earthquake,0.9823705848,1.222052335,0.1,17,reviewed,tx,tx
2021-05-22T19:40:00.261Z,31.69412783,-104.3872704,7.365551758,2.8,ml,32,46,0.100071961,0.3,tx,tx2021jzcw,2021-07-31T22:08:36.040Z,"53 km S of Whites City, New Mexico",earthquake,0.8487873174,1.123016835,0.1,14,reviewed,tx,tx
2021-05-22T08:49:59.893Z,31.66446325,-104.3905058,6.722851562,2.6,ml,27,62,0.09409718386,0.3,tx,tx2021jyhl,2021-07-31T22:08:28.040Z,"56 km S of Whites City, New Mexico",earthquake,1.363172727,1.48513031,0.1,14,reviewed,tx,tx
2021-05-22T04:52:40.605Z,31.92352295,-102.2843226,7.60542806,3.5,ml,20,45,0.02115441183,0.2,tx,tx2021jxzp,2021-10-26T22:32:38.970Z,"11 km NE of Odessa, Texas",earthquake,0.9802340717,0.7192554429,0.1,11,reviewed,tx,tx
2021-05-22T01:40:27.960Z,31.68754777,-104.2975678,6.671435547,3.5,ml,29,50,0.08676195186,0.3,tx,tx2021jxtg,2021-07-31T22:08:20.040Z,"54 km S of Whites City, New Mexico",earthquake,1.345337842,1.597644796,0.1,14,reviewed,tx,tx
2021-05-21T20:52:54.249Z,32.12036133,-102.1546303,7.14078776,2.8,ml,31,42,0.01397866897,0.2,tx,tx2021jxjt,2021-07-31T22:08:14.040Z,"western Texas",earthquake,1.146053848,0.5929841287,0.1,13,reviewed,tx,tx
2021-05-21T13:50:30.170Z,31.67162623,-104.384379,6.131567383,2.7,ml,33,58,0.09927196076,0.3,tx,tx2021jwvv,2021-07-31T22:08:00.040Z,"55 km S of Whites City, New Mexico",earthquake,0.8929815864,1.278606188,0.1,22,reviewed,tx,tx
2021-05-20T16:45:46.099Z,31.66943122,-104.4040076,6.157275391,2.9,ml,32,60,0.08249705838,0.3,tx,tx2021jvgc,2021-07-24T21:08:35.040Z,"56 km S of Whites City, New Mexico",earthquake,1.245298249,1.488280661,0.1,15,reviewed,tx,tx
2021-05-20T07:05:19.277Z,31.69404892,-104.2857736,6.774267578,2.5,ml,28,52,0.08128988229,0.3,tx,tx2021jumy,2021-07-24T21:08:30.040Z,"54 km S of Whites City, New Mexico",earthquake,1.40031277,1.530328698,0.1,15,reviewed,tx,tx
2021-05-18T06:34:09.906Z,31.67137405,-104.3878758,7.082763672,3.4,ml,37,58,0.09628481179,0.3,tx,tx2021jqux,2021-07-24T21:07:51.040Z,"55 km S of Whites City, New Mexico",earthquake,1.017912628,1.506646566,0.1,24,reviewed,tx,tx
2021-05-16T18:48:52.002Z,32.71820068,-100.6808546,6.529418945,2.6,ml,19,96,0.06690567463,0.2,tx,tx2021jocd,2021-07-24T21:07:25.040Z,"11 km NE of Hermleigh, Texas",earthquake,0.8995784035,1.32494804,0.1,12,reviewed,tx,tx
2021-05-16T14:20:21.098Z,31.65353323,-104.298375,6.157275391,2.6,ml,23,60,0.120799806,0.2,tx,tx2021jnth,2021-07-24T21:07:23.040Z,"58 km S of Whites City, New Mexico",earthquake,1.283771625,2.026668674,0.1,12,reviewed,tx,tx
2021-05-15T11:44:34.332Z,31.48204717,-103.9405802,4.229174805,2.5,ml,19,65,0.1085074952,0.2,tx,tx2021jlsr,2021-07-24T21:07:09.040Z,"23 km NW of Toyah, Texas",earthquake,0.9566875019,1.782728072,0.2,10,reviewed,tx,tx
2021-05-15T11:39:00.160Z,31.48026289,-103.921771,5.206079102,3.2,ml,37,47,0.09845631763,0.2,tx,tx2021jlsm,2021-07-24T21:07:09.040Z,"22 km NNW of Toyah, Texas",earthquake,0.9903352418,1.683773203,0.2,18,reviewed,tx,tx
2021-05-12T15:49:20.193Z,31.03908131,-103.3059905,5.797363281,2.5,ml,21,59,0.09773516077,0.3,tx,tx2021jgof,2021-07-23T18:08:38.040Z,"32 km SW of Coyanosa, Texas",earthquake,1.096461755,1.61108691,0.2,16,reviewed,tx,tx
2021-05-11T19:07:14.074Z,31.6859408,-104.2972858,6.954223633,3.3,ml,31,51,0.08837979347,0.2,tx,tx2021jezg,2021-07-23T18:08:33.040Z,"54 km S of Whites City, New Mexico",earthquake,0.8767532278,1.221708946,0.2,18,reviewed,tx,tx
2021-05-11T18:00:16.432Z,31.68222824,-104.414891,6.465771484,2.6,ml,20,51,0.07447168081,0.3,tx,tx2021jexa,2021-07-23T18:08:33.040Z,"54 km S of Whites City, New Mexico",earthquake,1.035132364,1.296072724,0.1,9,reviewed,tx,tx
2021-05-11T10:44:06.617Z,31.67877257,-104.4162052,6.131567383,3.2,ml,43,53,0.07280729587,0.3,tx,tx2021jeiq,2021-07-23T18:08:32.040Z,"55 km S of Whites City, New Mexico",earthquake,0.8518561193,1.058583365,0.1,24,reviewed,tx,tx
2021-05-10T10:07:57.697Z,31.70505496,-104.1558115,7.314135742,2.6,ml,26,48,0.1101747897,0.3,tx,tx2021jcly,2021-07-23T18:08:28.040Z,"52 km W of Mentone, Texas",earthquake,0.932803092,1.25385246,0.1,12,reviewed,tx,tx
2021-05-09T15:00:10.423Z,31.7283293,-104.5251979,6.054443359,2.8,ml,28,79,0.02635480608,0.3,tx,tx2021jbac,2021-07-23T18:08:25.040Z,"51 km SSW of Whites City, New Mexico",earthquake,2.020642232,0.9115279679,0.1,14,reviewed,tx,tx
2021-05-09T07:47:30.304Z,31.664329,-104.3382924,6.157275391,2.8,ml,22,59,0.1143541857,0.3,tx,tx2021jalv,2021-07-23T18:08:24.040Z,"56 km S of Whites City, New Mexico",earthquake,1.434820649,1.774888109,0.1,7,reviewed,tx,tx
2021-05-09T06:10:35.332Z,31.67439389,-104.345913,7.288427734,3,ml,27,56,0.1068230475,0.3,tx,tx2021jaip,2021-07-23T18:08:24.040Z,"55 km S of Whites City, New Mexico",earthquake,1.322439526,1.814733835,0.1,13,reviewed,tx,tx
2021-05-08T21:03:01.804Z,31.6810704,-104.4162263,7.416967773,3.1,ml,32,52,0.07314640123,0.3,tx,tx2021izqo,2021-07-23T18:08:22.040Z,"54 km S of Whites City, New Mexico",earthquake,0.909204131,1.247289231,0.1,18,reviewed,tx,tx
2021-05-08T16:26:01.073Z,31.67078888,-104.3340399,7.082763672,3,ml,28,57,0.1071503429,0.2,tx,tx2021izhk,2021-07-23T18:08:21.040Z,"56 km S of Whites City, New Mexico",earthquake,1.130300114,1.573295321,0.1,12,reviewed,tx,tx
2021-05-05T10:44:38.692Z,31.98394775,-102.3121904,7.165242513,2.5,ml,22,53,0.03108194043,0.2,tx,tx2021itjq,2021-07-10T20:15:30.040Z,"7 km ESE of Gardendale, Texas",earthquake,0.6740334009,0.5405938704,0.2,16,reviewed,tx,tx
2021-05-03T10:46:54.211Z,31.70002186,-104.150933,7.314135742,3.4,ml,23,48,0.1075618317,0.2,tx,tx2021ipss,2021-07-10T20:15:09.040Z,"52 km W of Mentone, Texas",earthquake,0.9059200942,1.098790369,0.1,10,reviewed,tx,tx
2021-05-02T03:38:57.835Z,31.69478432,-104.1404002,6.979931641,2.5,ml,18,49,0.100875932,0.3,tx,tx2021injc,2021-07-10T20:14:56.040Z,"51 km W of Mentone, Texas",earthquake,1.165269311,1.406594307,0.1,7,reviewed,tx,tx
2021-04-30T10:15:30.983Z,32.11761475,-102.1385528,7.018513997,3.2,ml,48,55,0.02689263028,0.3,tx,tx2021ikfd,2021-07-10T20:14:41.040Z,"14 km NNW of Midland, Texas",earthquake,1.26360561,0.6411922655,0.1,21,reviewed,tx,tx
2021-04-29T23:27:45.331Z,31.69436199,-104.4217329,6.131567383,2.5,ml,36,68,0.07214632864,0.3,tx,tx2021ijju,2021-07-07T18:38:20.040Z,"53 km S of Whites City, New Mexico",earthquake,0.9610625411,1.069687261,0.1,19,reviewed,tx,tx
2021-04-29T22:19:30.630Z,31.65554085,-104.3088861,7.211303711,3,ml,30,59,0.1189301724,0.3,tx,tx2021ijhl,2021-07-07T18:38:18.040Z,"58 km S of Whites City, New Mexico",earthquake,0.8357090049,1.577729825,0.1,16,reviewed,tx,tx
2021-04-29T04:18:34.338Z,31.68094048,-104.2875557,6.131567383,2.6,ml,36,52,0.0940642604,0.3,tx,tx2021ihxx,2021-07-07T18:37:30.040Z,"55 km S of Whites City, New Mexico",earthquake,0.8890819769,1.377563681,0.1,21,reviewed,tx,tx
2021-04-28T06:30:47.768Z,32.70904541,-100.6829983,3.448120117,2.8,ml,21,58,0.05964229298,0.2,tx,tx2021iggt,2021-07-07T18:36:59.040Z,"10 km NE of Hermleigh, Texas",earthquake,0.8757508545,1.731808194,0.1,15,reviewed,tx,tx
2021-04-28T05:51:09.560Z,32.71636963,-100.6829983,6.333780924,3,ml,22,96,0.06433756241,0.3,tx,tx2021igfl,2021-07-07T18:36:58.040Z,"11 km NE of Hermleigh, Texas",earthquake,1.03777167,1.519736717,0.1,16,reviewed,tx,tx
2021-04-28T05:45:41.583Z,32.7154541,-100.6862138,6.602783203,2.5,ml,21,44,0.06173160257,0.3,tx,tx2021igfg,2021-07-07T18:36:57.040Z,"11 km NE of Hermleigh, Texas",earthquake,1.140000064,1.316370228,0.1,11,reviewed,tx,tx
2021-04-28T01:50:41.154Z,31.14244762,-103.1930379,3.972094727,2.9,ml,30,43,0.03329432051,0.2,tx,tx2021ifxn,2021-07-07T18:36:47.040Z,"16 km SW of Coyanosa, Texas",earthquake,0.8351655584,0.5949499882,0.2,19,reviewed,tx,tx
2021-04-27T19:42:11.085Z,31.66252346,-104.3703037,7.365551758,4,ml,46,62,0.11139672,0.3,tx,tx2021iflj,2021-07-07T18:36:40.040Z,"56 km S of Whites City, New Mexico",earthquake,0.8499251534,1.385288688,0.1,25,reviewed,tx,tx
2021-04-27T13:21:18.938Z,31.68614939,-104.1691503,7.674047852,3.1,ml,29,49,0.1268433021,0.2,tx,tx2021ieyu,2021-07-07T18:36:14.040Z,"54 km W of Mentone, Texas",earthquake,0.8520192944,1.249960344,0.1,13,reviewed,tx,tx
2021-04-27T13:06:07.204Z,31.68061916,-104.1723442,7.057055664,2.8,ml,29,50,0.1314662493,0.2,tx,tx2021ieyh,2021-07-07T18:36:12.040Z,"54 km NW of Toyah, Texas",earthquake,0.8041310815,1.221846546,0.1,14,reviewed,tx,tx
2021-04-26T22:46:49.369Z,31.66201527,-104.3019408,7.262719727,3.2,ml,36,58,0.11227602,0.3,tx,tx2021idvz,2021-07-07T18:35:47.040Z,"57 km S of Whites City, New Mexico",earthquake,0.7611891235,1.322762031,0.1,19,reviewed,tx,tx
2021-04-26T22:40:36.329Z,31.66432549,-104.2998062,7.622631836,3,ml,26,58,0.1099698228,0.2,tx,tx2021idvt,2021-07-07T18:35:47.040Z,"57 km S of Whites City, New Mexico",earthquake,0.8232509839,1.429925215,0.2,13,reviewed,tx,tx
2021-04-26T20:13:21.507Z,31.61008668,-104.3399918,6.671435547,2.5,ml,38,62,0.1491132215,0.3,tx,tx2021idqw,2021-07-07T18:35:42.040Z,"61 km WNW of Toyah, Texas",earthquake,1.055128566,1.637231586,0.1,17,reviewed,tx,tx
2021-04-24T16:02:45.190Z,31.65368066,-104.3126386,6.388647461,3,ml,33,59,0.1210011224,0.3,tx,tx2021hzrp,2021-07-07T18:34:34.040Z,"58 km S of Whites City, New Mexico",earthquake,1.046803914,1.411872049,0.1,21,reviewed,tx,tx
2021-04-24T11:52:16.976Z,31.73287393,-104.1005077,6.902807617,2.8,ml,30,48,0.05961158776,0.2,tx,tx2021hzji,2021-07-07T18:34:27.040Z,"47 km W of Mentone, Texas",earthquake,0.7058951206,1.021160572,0.2,14,reviewed,tx,tx
2021-04-20T20:11:27.392Z,31.66052085,-104.3597905,6.362939453,2.5,ml,19,69,0.1204668656,0.3,tx,tx2021hsrv,2021-07-03T16:48:47.040Z,"57 km S of Whites City, New Mexico",earthquake,1.225736251,1.794131243,0.1,13,reviewed,tx,tx
2021-04-19T09:59:39.113Z,31.67232759,-104.3825011,7.391259766,2.9,ml,29,58,0.1008953731,0.3,tx,tx2021hqcc,2021-07-03T16:48:24.040Z,"western Texas",earthquake,1.296926292,1.793828025,0.1,15,reviewed,tx,tx
2021-04-18T20:54:48.061Z,32.86468506,-101.0045494,3.399210612,3.1,ml,32,37,0.07857102517,0.2,tx,tx2021hpcf,2021-07-03T16:48:16.040Z,"18 km NNW of Snyder, Texas",earthquake,0.9789793522,1.439736302,0.1,13,reviewed,tx,tx
2021-04-18T04:33:06.656Z,31.66435009,-104.2955002,7.468383789,2.8,ml,33,58,0.1100526934,0.2,tx,tx2021hnvv,2021-07-03T16:48:03.040Z,"57 km S of Whites City, New Mexico",earthquake,0.8798521842,1.349313281,0.2,20,reviewed,tx,tx
2021-04-18T00:33:36.828Z,31.64889419,-104.3058728,6.671435547,3.1,ml,31,59,0.1254755501,0.3,tx,tx2021hnny,2021-07-03T16:48:00.040Z,"58 km S of Whites City, New Mexico",earthquake,1.587018345,2.249719136,0.1,15,reviewed,tx,tx
2021-04-17T20:59:23.431Z,31.66273084,-104.2973713,7.288427734,3.1,ml,27,58,0.1116121611,0.3,tx,tx2021hngw,2021-07-03T16:47:57.040Z,"57 km S of Whites City, New Mexico",earthquake,1.021210668,1.581210779,0.1,13,reviewed,tx,tx
2021-04-17T01:01:37.621Z,31.65906653,-104.2951894,7.391259766,3,ml,37,58,0.1153518079,0.3,tx,tx2021hltj,2021-07-03T16:47:45.040Z,"57 km S of Whites City, New Mexico",earthquake,0.9106718275,1.443271908,0.1,18,reviewed,tx,tx
2021-04-16T04:59:46.119Z,31.59702031,-104.209716,6.157275391,2.6,ml,30,57,0.1467058657,0.3,tx,tx2021hkfs,2021-07-03T16:47:38.040Z,"50 km NW of Toyah, Texas",earthquake,1.372454352,1.56069451,0.1,14,reviewed,tx,tx
2021-04-15T22:25:49.667Z,31.1552793,-103.0473729,4.023510742,3.1,ml,33,49,0.0471371416,0.3,tx,tx2021hjss,2021-06-19T21:25:55.040Z,"9 km S of Coyanosa, Texas",earthquake,0.9706550381,0.7118875731,0.1,18,reviewed,tx,tx
2021-04-14T01:02:05.929Z,31.59224671,-104.2441051,6.671435547,3,ml,22,58,0.1720809673,0.2,tx,tx2021hggw,2021-06-19T21:25:30.040Z,"52 km NW of Toyah, Texas",earthquake,1.101250334,1.948643914,0.1,12,reviewed,tx,tx
2021-04-12T17:59:58.564Z,31.67503677,-104.3900617,7.494091797,2.7,ml,27,56,0.09459944122,0.3,tx,tx2021hdxl,2021-06-19T21:25:14.040Z,"55 km S of Whites City, New Mexico",earthquake,1.091982576,1.463561667,0.1,15,reviewed,tx,tx
2021-04-12T11:57:26.679Z,31.6667,-104.4994,6.1,2.5,ml,,67,0.002,0.16,us,us6000e0ze,2021-06-19T21:25:14.040Z,"57 km SSW of Whites City, New Mexico",earthquake,1.5,2.1,0.064,32,reviewed,us,us
2021-04-11T07:54:24.302Z,31.67754532,-104.3930449,6.080151367,2.6,ml,28,55,0.09227116476,0.3,tx,tx2021hbhy,2021-06-19T21:25:03.040Z,"55 km S of Whites City, New Mexico",earthquake,1.014210257,1.220069006,0.2,15,reviewed,tx,tx
2021-04-10T02:21:28.251Z,32.11761475,-102.1578458,6.529418945,2.6,ml,33,45,0.01432063531,0.2,tx,tx2021gzbm,2021-06-19T21:24:47.040Z,"15 km NNW of Midland, Texas",earthquake,0.6314240272,0.5137197492,0.1,12,reviewed,tx,tx
2021-04-09T21:26:33.356Z,31.66691464,-104.3663048,7.596923828,2.5,ml,18,60,0.1146495017,0.3,tx,tx2021gyrt,2021-06-19T21:24:46.040Z,"56 km S of Whites City, New Mexico",earthquake,1.187789492,1.351886306,0.2,7,reviewed,tx,tx
2021-04-09T06:48:21.222Z,31.68407166,-104.3026549,6.851391602,2.5,ml,27,52,0.09018729934,0.3,tx,tx2021gxot,2021-06-19T21:24:40.040Z,"54 km S of Whites City, New Mexico",earthquake,0.9789109661,1.236067739,0.2,11,reviewed,tx,tx
2021-04-08T16:32:04.700Z,31.68730286,-104.3764417,6.799975586,3.2,ml,36,50,0.1076270466,0.3,tx,tx2021gwmn,2021-06-12T21:38:44.040Z,"54 km S of Whites City, New Mexico",earthquake,0.8643319246,1.175828426,0.2,21,reviewed,tx,tx
2021-04-06T01:57:55.406Z,30.94624092,-103.2071498,4.383422852,2.5,ml,39,58,0.06937578874,0.3,tx,tx2021grsr,2021-06-12T21:37:33.040Z,"31 km W of Fort Stockton, Texas",earthquake,0.9158325197,0.8763979949,0.2,19,reviewed,tx,tx
2021-04-05T08:44:05.898Z,31.68122186,-104.3930778,6.28581543,2.5,ml,37,53,0.09267184738,0.3,tx,tx2021gqkp,2021-06-12T21:37:18.040Z,"54 km S of Whites City, New Mexico",earthquake,0.8758354001,1.103048871,0.1,25,reviewed,tx,tx
2021-04-03T18:14:54.013Z,31.6504539,-104.4579241,6.131567383,3,ml,37,66,0.04080311675,0.3,tx,tx2021gnmk,2021-06-12T21:36:53.040Z,"58 km S of Whites City, New Mexico",earthquake,1.047998372,1.002843494,0.1,18,reviewed,tx,tx
2021-04-02T11:33:39.476Z,32.10296631,-102.1149724,6.627237956,2.5,ml,41,53,0.05149754822,0.3,tx,tx2021gldr,2021-06-12T21:36:34.040Z,"12 km NNW of Midland, Texas",earthquake,1.352196255,0.8840612458,0.1,17,reviewed,tx,tx
2021-04-02T10:43:30.039Z,32.10662842,-102.104254,6.822875977,2.9,ml,35,53,0.05788972985,0.2,tx,tx2021glca,2021-06-12T21:36:32.040Z,"12 km NNW of Midland, Texas",earthquake,1.007307494,0.6697331395,0.1,19,reviewed,tx,tx
2021-04-01T23:00:41.889Z,31.68900664,-104.3974547,6.799975586,2.6,ml,27,68,0.09041177949,0.3,tx,tx2021gkev,2021-06-08T17:59:53.040Z,"54 km S of Whites City, New Mexico",earthquake,0.9711669594,1.268029057,0.2,13,reviewed,tx,tx
2021-04-01T19:49:55.427Z,31.67850253,-104.3871316,6.542895508,3.9,ml,52,54,0.09738215439,0.3,tx,tx2021gjyn,2021-06-08T17:59:51.040Z,"55 km S of Whites City, New Mexico",earthquake,0.7820318321,1.139841576,0.1,28,reviewed,tx,tx
2021-04-01T07:38:42.726Z,31.66676324,-104.3536538,6.645727539,2.7,ml,32,59,0.1163613008,0.3,tx,tx2021gjak,2021-06-08T17:59:32.040Z,"56 km S of Whites City, New Mexico",earthquake,0.8855406544,1.170789801,0.1,15,reviewed,tx,tx
2021-03-31T19:30:00.912Z,31.67159866,-104.3886853,6.697143555,2.7,ml,35,58,0.09560171171,0.3,tx,tx2021gici,2021-06-08T17:59:27.040Z,"55 km S of Whites City, New Mexico",earthquake,0.894530976,1.266905154,0.1,19,reviewed,tx,tx
2021-03-31T14:15:25.315Z,31.65753198,-104.360034,6.080151367,3,ml,36,61,0.1205001082,0.2,tx,tx2021ghrz,2021-06-08T17:59:25.040Z,"57 km S of Whites City, New Mexico",earthquake,0.8729087779,1.101949358,0.1,21,reviewed,tx,tx
2021-03-28T01:17:43.723Z,31.69089644,-104.185603,7.185595703,2.5,ml,18,60,0.1291707064,0.3,tx,tx2021gbfu,2021-06-08T17:58:51.040Z,"55 km W of Mentone, Texas",earthquake,1.285526095,1.327363032,0.2,13,reviewed,tx,tx
2021-03-27T12:00:28.783Z,31.67870638,-104.3911711,6.774267578,3,ml,29,54,0.09397880849,0.3,tx,tx2021gafn,2021-06-08T17:58:47.040Z,"55 km S of Whites City, New Mexico",earthquake,0.9737268405,1.194585964,0.1,16,reviewed,tx,tx
2021-03-27T10:00:26.628Z,31.65612652,-104.3643277,6.080151367,2.5,ml,41,62,0.1169981693,0.3,tx,tx2021gabo,2021-06-08T17:58:45.040Z,"57 km S of Whites City, New Mexico",earthquake,1.062240099,1.102166021,0.1,21,reviewed,tx,tx
2021-03-26T22:01:29.557Z,31.67856425,-104.3774418,7.262719727,3.3,ml,23,54,0.105608772,0.3,tx,tx2021fzdw,2021-06-08T17:58:39.040Z,"55 km S of Whites City, New Mexico",earthquake,1.071003411,1.346970649,0.1,13,reviewed,tx,tx
2021-03-26T07:46:36.254Z,32.73010254,-100.6733518,1.12491862,2.6,ml,23,39,0.07973584678,0.2,tx,tx2021fybr,2021-06-08T17:58:31.040Z,"13 km NE of Hermleigh, Texas",earthquake,0.9990580705,1.067958307,0.1,9,reviewed,tx,tx
2021-03-24T10:40:19.584Z,31.65823833,-104.2790359,6.774267578,2.8,ml,26,58,0.117617618,0.2,tx,tx2021fuqj,2021-06-02T15:22:33.040Z,"58 km S of Whites City, New Mexico",earthquake,1.212564572,1.630185041,0.1,14,reviewed,tx,tx
2021-03-24T08:01:29.318Z,31.68217217,-104.3882409,6.388647461,2.5,ml,31,52,0.09688676568,0.3,tx,tx2021fuld,2021-06-02T15:22:37.040Z,"54 km S of Whites City, New Mexico",earthquake,1.00290093,1.279482611,0.1,17,reviewed,tx,tx
2021-03-24T07:56:31.140Z,31.68123573,-104.3909245,6.080151367,3.1,ml,45,53,0.09449254722,0.3,tx,tx2021fukz,2021-06-02T15:22:31.040Z,"54 km S of Whites City, New Mexico",earthquake,0.8662939961,1.216908657,0.1,21,reviewed,tx,tx
2021-03-23T17:52:08.983Z,31.67938706,-104.392523,6.131567383,2.7,ml,25,54,0.09290957639,0.3,tx,tx2021ftjd,2021-06-02T15:22:24.040Z,"55 km S of Whites City, New Mexico",earthquake,1.230791289,1.537724346,0.1,13,reviewed,tx,tx
2021-03-23T16:31:25.427Z,31.68409495,-104.410601,6.157275391,2.5,ml,22,56,0.07841754221,0.3,tx,tx2021ftgk,2021-06-02T15:22:24.040Z,"54 km S of Whites City, New Mexico",earthquake,1.247623173,1.330949441,0.1,12,reviewed,tx,tx
2021-03-23T16:26:40.376Z,31.68041842,-104.4105675,6.774267578,2.6,ml,17,52,0.07780209659,0.3,tx,tx2021ftgg,2021-06-02T15:22:24.040Z,"55 km S of Whites City, New Mexico",earthquake,1.132645429,1.299386333,0.1,9,reviewed,tx,tx
2021-03-23T13:35:10.914Z,31.6643786,-104.3676285,7.314135742,2.8,ml,33,61,0.113588745,0.3,tx,tx2021ftaq,2021-06-02T15:22:21.040Z,"56 km S of Whites City, New Mexico",earthquake,1.011696969,1.374977983,0.1,18,reviewed,tx,tx
2021-03-23T13:10:37.508Z,31.66048739,-104.3651727,6.465771484,2.6,ml,26,61,0.1158913119,0.3,tx,tx2021fszw,2021-06-02T15:22:21.040Z,"57 km S of Whites City, New Mexico",earthquake,1.11747031,1.322857452,0.1,12,reviewed,tx,tx
2021-03-23T09:30:34.296Z,31.61426042,-104.2528741,7.185595703,2.5,ml,29,58,0.1653740124,0.2,tx,tx2021fsso,2021-06-02T15:22:20.040Z,"54 km NW of Toyah, Texas",earthquake,1.100720972,1.608057395,0.1,15,reviewed,tx,tx
2021-03-23T01:49:56.017Z,31.6709412,-104.3082024,6.260107422,3,ml,14,56,0.1034947771,0.3,tx,tx2021fsdk,2021-06-02T15:22:17.040Z,"56 km S of Whites City, New Mexico",earthquake,2.653655848,2.591583003,0.1,7,reviewed,tx,tx
2021-03-23T01:49:28.893Z,31.65999792,-104.2930438,6.877099609,3.1,ml,33,58,0.114519451,0.3,tx,tx2021fsdj,2021-06-02T15:22:16.040Z,"57 km S of Whites City, New Mexico",earthquake,1.185527032,1.60690017,0.1,21,reviewed,tx,tx
2021-03-22T11:52:14.764Z,31.67741526,-104.4129626,6.74855957,2.5,ml,25,54,0.07537446537,0.3,tx,tx2021frbt,2021-06-02T15:24:30.040Z,"55 km S of Whites City, New Mexico",earthquake,0.9826409989,1.230150136,0.1,15,reviewed,tx,tx
2021-03-22T02:54:02.237Z,31.67793496,-104.4038154,7.10847168,3.9,ml,48,54,0.08318040599,0.3,tx,tx2021fqka,2021-06-02T15:24:25.040Z,"55 km S of Whites City, New Mexico",earthquake,0.8102625542,1.079319721,0.2,27,reviewed,tx,tx
2021-03-21T18:23:10.088Z,31.65260175,-104.3005204,6.979931641,2.6,ml,20,59,0.1217072047,0.3,tx,tx2021fptd,2021-06-02T15:24:22.040Z,"58 km S of Whites City, New Mexico",earthquake,1.196747813,1.682253657,0.2,11,reviewed,tx,tx
2021-03-20T20:51:07.409Z,31.68394436,-104.2846181,7.288427734,2.5,ml,24,51,0.09143859003,0.3,tx,tx2021focn,2021-06-02T15:24:13.040Z,"55 km S of Whites City, New Mexico",earthquake,1.09944873,1.632296671,0.1,12,reviewed,tx,tx
2021-03-19T23:50:06.691Z,31.04786434,-103.3332388,3.689306641,2.5,ml,27,54,0.06490015819,0.3,tx,tx2021fmmx,2021-06-02T15:24:01.040Z,"33 km SW of Coyanosa, Texas",earthquake,1.105013751,1.122921718,0.1,14,reviewed,tx,tx
2021-03-19T14:18:19.185Z,32.03257678,-103.7655898,8.599536133,2.7,ml,23,58,0.09926626688,0.2,tx,tx2021flub,2021-06-02T15:23:57.040Z,"35 km SE of Malaga, New Mexico",earthquake,0.8949919445,1.329256388,0.2,16,reviewed,tx,tx
2021-03-19T02:43:27.388Z,32.02843613,-103.7682824,8.342456055,3.4,ml,25,91,0.09988412548,0.2,tx,tx2021fkxd,2021-06-02T15:23:52.040Z,"35 km SE of Malaga, New Mexico",earthquake,0.9402618334,1.343902641,0.1,13,reviewed,tx,tx
2021-03-18T22:39:47.563Z,31.67336737,-104.3994675,6.080151367,3.5,ml,49,57,0.08649364384,0.3,tx,tx2021fkpc,2021-05-26T22:09:07.040Z,"55 km S of Whites City, New Mexico",earthquake,0.9467165535,1.13223875,0.1,26,reviewed,tx,tx
2021-03-18T19:22:00.501Z,30.94071115,-103.2018289,3.715014648,2.5,ml,36,58,0.07064186146,0.3,tx,tx2021fkio,2021-05-26T22:09:01.040Z,"31 km W of Fort Stockton, Texas",earthquake,1.008125818,0.8268098652,0.1,16,reviewed,tx,tx
2021-03-17T06:51:59.606Z,31.06187186,-103.3275897,4.743334961,2.8,ml,27,52,0.05664235791,0.3,tx,tx2021fhoi,2021-05-26T22:08:25.040Z,"32 km SW of Coyanosa, Texas",earthquake,0.8039967314,0.936796027,0.2,12,reviewed,tx,tx
2021-03-17T04:19:28.359Z,31.65433164,-104.3573154,6.182983398,4.5,ml,53,61,0.1231410445,0.3,tx,tx2021fhjh,2021-05-26T22:08:23.040Z,"57 km S of Whites City, New Mexico",earthquake,0.8266925828,1.088730241,0.2,29,reviewed,tx,tx
2021-03-16T21:34:19.067Z,31.65796815,-104.3638053,6.080151367,3.1,ml,35,61,0.1172579559,0.3,tx,tx2021fgvy,2021-05-26T22:08:16.040Z,"57 km S of Whites City, New Mexico",earthquake,1.159965086,1.142682675,0.2,17,reviewed,tx,tx
2021-03-16T03:58:16.530Z,31.97662354,-102.3379144,7.947794596,3.1,ml,36,43,0.02515006461,0.2,tx,tx2021ffnc,2021-05-26T22:07:55.040Z,"6 km SE of Gardendale, Texas",earthquake,0.7030207515,0.521315271,0.2,14,reviewed,tx,tx
2021-03-16T03:32:52.442Z,31.97296143,-102.3357708,8.339070638,2.7,ml,33,43,0.0210618284,0.2,tx,tx2021ffmf,2021-05-26T22:07:54.040Z,"6 km SE of Gardendale, Texas",earthquake,0.7170995094,0.5242112462,0.2,14,reviewed,tx,tx
2021-03-15T22:00:14.659Z,31.59501554,-104.241974,6.465771484,2.5,ml,13,71,0.171320238,0.3,tx,tx2021ffbg,2021-05-26T22:07:50.040Z,"52 km NW of Toyah, Texas",earthquake,1.526491645,2.39233498,0.1,8,reviewed,tx,tx
2021-03-15T21:59:23.069Z,31.58671466,-104.2472915,6.877099609,2.7,ml,17,58,0.1729081933,0.3,tx,tx2021ffbe,2021-05-26T22:07:49.040Z,"52 km NW of Toyah, Texas",earthquake,1.104673784,1.928549897,0.1,10,reviewed,tx,tx
2021-03-14T12:38:10.794Z,30.93104487,-103.1965244,3.355102539,2.5,ml,38,58,0.07615518009,0.3,tx,tx2021fcng,2021-05-26T22:07:09.040Z,"30 km W of Fort Stockton, Texas",earthquake,0.8507384744,0.8534069387,0.2,18,reviewed,tx,tx
2021-03-14T01:46:25.503Z,31.64894365,-104.2972623,6.979931641,2.7,ml,17,59,0.125419451,0.3,tx,tx2021fbrt,2021-05-26T22:06:56.040Z,"58 km S of Whites City, New Mexico",earthquake,1.268242443,1.670366207,0.1,9,reviewed,tx,tx
2021-03-13T05:24:48.265Z,31.91802979,-102.2757479,6.773966471,3.2,ml,33,34,0.03025838517,0.2,tx,tx2021fadl,2021-08-20T05:57:27.056Z,"11 km NE of Odessa, Texas",earthquake,0.8574984436,0.5011572339,0.1,17,reviewed,tx,tx
2021-03-10T14:33:56.784Z,31.68941671,-104.2921984,6.979931641,2.7,ml,30,51,0.08519156997,0.3,tx,tx2021evjb,2021-05-21T19:49:05.040Z,"54 km S of Whites City, New Mexico",earthquake,1.293499707,1.437232634,0.1,17,reviewed,tx,tx
2021-03-08T19:21:55.017Z,31.69420696,-104.2984282,6.74855957,2.5,ml,24,52,0.08006984942,0.2,tx,tx2021esbn,2021-05-21T19:48:33.040Z,"53 km S of Whites City, New Mexico",earthquake,0.9661258015,1.183625173,0.1,11,reviewed,tx,tx
2021-03-08T15:48:47.957Z,31.76384748,-103.8196853,6.054443359,2.5,ml,22,44,0.1823664311,0.2,tx,tx2021erun,2021-05-21T19:48:31.040Z,"21 km WNW of Mentone, Texas",earthquake,0.9775799585,2.119079729,0.1,9,reviewed,tx,tx
2021-03-03T07:26:35.069Z,31.73288966,-104.0967372,6.697143555,3.2,ml,24,51,0.05639961953,0.3,tx,tx2021eial,2021-05-13T22:41:47.040Z,"47 km W of Mentone, Texas",earthquake,0.7656578377,0.8691572908,0.2,14,reviewed,tx,tx
2021-03-01T13:38:07.167Z,31.68148696,-104.4226906,6.799975586,3.1,ml,27,51,0.06780132049,0.3,tx,tx2021eevo,2021-05-13T22:39:23.040Z,"54 km S of Whites City, New Mexico",earthquake,0.9511493642,1.125656318,0.1,14,reviewed,tx,tx
2021-02-28T22:00:42.397Z,31.68844842,-104.3008053,6.568603516,3.2,ml,22,50,0.08579881403,0.3,tx,tx2021edqt,2021-05-13T22:38:21.040Z,"54 km S of Whites City, New Mexico",earthquake,1.09425564,1.415429221,0.2,12,reviewed,tx,tx
2021-02-28T20:56:22.890Z,32.06817627,-102.2414491,8.779256185,3.2,ml,34,89,0.08821655212,0.2,tx,tx2021edoq,2021-05-13T22:38:13.040Z,"14 km ENE of Gardendale, Texas",earthquake,0.6887711586,0.5827260772,0.1,14,reviewed,tx,tx
2021-02-28T12:42:21.802Z,32.27874756,-101.7762719,6.38269043,3,ml,27,59,0.070809028,0.3,tx,tx2021ecyi,2021-05-13T22:37:39.040Z,"16 km N of Stanton, Texas",earthquake,1.612108295,1.117979115,0.2,13,reviewed,tx,tx
2021-02-27T01:26:35.841Z,31.59670135,-104.2271947,7.314135742,2.5,ml,30,57,0.1886311043,0.2,tx,tx2021eagn,2021-05-13T22:35:54.040Z,"51 km NW of Toyah, Texas",earthquake,1.055628013,1.496676068,0.2,18,reviewed,tx,tx
2021-02-26T16:10:13.600Z,32.06634521,-102.2457365,8.436889648,2.5,ml,34,101,0.09210656973,0.2,tx,tx2021dzoe,2021-05-13T22:35:32.040Z,"13 km ENE of Gardendale, Texas",earthquake,0.6257256472,0.5987630647,0.2,11,reviewed,tx,tx
2021-02-25T12:57:39.342Z,31.68292293,-104.4140898,6.851391602,2.7,ml,27,69,0.07527248857,0.3,tx,tx2021dxmi,2021-05-04T14:17:16.040Z,"54 km S of Whites City, New Mexico",earthquake,0.9582198463,1.196048601,0.2,13,reviewed,tx,tx
2021-02-24T10:43:31.946Z,31.60274971,-104.1656473,6.157275391,2.7,ml,22,55,0.1735167416,0.2,tx,tx2021dvmk,2021-05-04T14:16:53.040Z,"47 km NW of Toyah, Texas",earthquake,1.101795044,1.982579391,0.2,12,reviewed,tx,tx
2021-02-22T01:54:44.002Z,31.6752,-104.425,5,2.7,mb_lg,,56,0.065,0.61,us,us6000djz8,2021-05-04T14:16:07.040Z,"55 km S of Whites City, New Mexico",earthquake,0.8,1.7,0.084,43,reviewed,us,us
2021-02-21T15:51:43.227Z,31.0494,-103.3324,5,2.8,ml,,53,0.129,0.62,us,us6000djx1,2021-05-04T14:15:55.040Z,"33 km SW of Coyanosa, Texas",earthquake,1.9,1.9,0.048,58,reviewed,us,us
2021-02-19T22:38:44.545Z,31.7057948,-104.1447769,7.494091797,2.5,ml,19,49,0.1008944229,0.2,tx,tx2021dngm,2021-05-04T14:15:05.040Z,"51 km W of Mentone, Texas",earthquake,1.122636915,1.356054316,0.2,11,reviewed,tx,tx
2021-02-19T13:13:24.399Z,31.6516,-104.318,5,2.5,ml,,63,0.123,0.63,us,us6000diwa,2021-05-04T14:14:58.040Z,"58 km S of Whites City, New Mexico",earthquake,1.4,1.9,0.115,46,reviewed,us,us
2021-02-18T23:52:30.504Z,31.6355,-104.3819,5,2.5,ml,,76,0.106,0.61,us,us6000dit9,2021-04-23T21:04:56.040Z,"59 km S of Whites City, New Mexico",earthquake,1.2,1.6,0.048,58,reviewed,us,us
2021-02-18T19:33:40.068Z,31.7099,-104.1431,5,2.7,ml,,48,0.098,0.46,us,us6000diqp,2021-04-23T21:04:56.040Z,"51 km W of Mentone, Texas",earthquake,1.1,2,0.053,46,reviewed,us,us
2021-02-15T09:28:44.232Z,32.27142334,-101.7869903,5.404500326,3.5,ml,19,57,0.07324308685,0.3,tx,tx2021deyk,2021-12-28T03:00:26.728Z,"15 km N of Stanton, Texas",earthquake,1.904529643,1.263448519,0.2,11,reviewed,tx,tx
2021-02-13T12:55:08.897Z,31.6683,-104.3593,5,2.8,ml,,59,0.116,0.42,us,us6000dhdi,2021-04-23T21:04:29.040Z,"56 km S of Whites City, New Mexico",earthquake,0.7,1.7,0.115,42,reviewed,us,us
2021-02-13T12:40:14.345Z,31.5819,-104.2247,5,2.6,ml,,57,0.153,0.47,us,us6000dhdf,2021-04-23T21:04:29.040Z,"50 km NW of Toyah, Texas",earthquake,1.3,1.3,0.055,43,reviewed,us,us
2021-02-12T23:34:03.563Z,31.578,-104.1972,5,2.5,ml,,69,0.129,0.42,us,us6000dh8e,2021-04-23T21:04:25.040Z,"48 km NW of Toyah, Texas",earthquake,1.1,1.4,0.045,66,reviewed,us,us
2021-02-12T08:07:16.652Z,31.6531,-104.2943,1.85,2.5,ml,,60,0.12,0.49,us,us6000dh4j,2021-04-23T21:04:22.040Z,"58 km S of Whites City, New Mexico",earthquake,0.9,2.9,0.069,28,reviewed,us,us
2021-02-11T11:04:50.487Z,32.955,-100.9056,5,2.9,mb_lg,,37,0.042,0.94,us,us6000dgmt,2021-04-22T21:53:26.040Z,"26 km N of Snyder, Texas",earthquake,1.1,1.7,0.057,82,reviewed,us,us
2021-02-09T09:21:13.383Z,31.663,-104.2765,5,3.7,mb_lg,,57,0.191,0.28,us,us6000dfwp,2021-04-22T21:51:57.040Z,"57 km S of Whites City, New Mexico",earthquake,0.9,1.6,0.052,139,reviewed,us,us
2021-02-08T13:53:11.172Z,31.6548,-104.3745,5,3.7,mb,,62,0.108,0.61,us,us6000dfl2,2021-04-22T21:51:31.040Z,"57 km S of Whites City, New Mexico",earthquake,1,1.8,0.252,4,reviewed,us,us
2021-02-08T10:39:29.720Z,31.7259,-104.3482,8.67,3.8,ml,,44,0.062,0.33,us,us6000dfk5,2021-04-22T21:51:28.040Z,"49 km S of Whites City, New Mexico",earthquake,1.1,5.5,0.041,78,reviewed,us,us
2021-02-08T10:27:07.091Z,31.6734,-104.3918,7,3.4,ml,,57,0.093,0.26,us,us6000dfjz,2021-04-22T21:51:28.040Z,"55 km S of Whites City, New Mexico",earthquake,1.3,3,0.041,78,reviewed,us,us
2021-02-07T19:19:24.405Z,31.6687,-104.4039,5,2.8,ml,,60,0.082,0.19,us,us6000dfer,2021-04-22T21:51:09.040Z,"56 km S of Whites City, New Mexico",earthquake,1,1.5,0.066,44,reviewed,us,us
2021-02-07T19:12:40.818Z,31.6708,-104.4031,5,2.8,ml,,59,0.083,0.29,us,us6000dfen,2021-04-22T21:51:09.040Z,"56 km S of Whites City, New Mexico",earthquake,1.2,1.7,0.06,52,reviewed,us,us
2021-02-07T13:06:41.456Z,32.9094,-100.8999,5,2.8,mb_lg,,33,0.027,0.48,us,us6000dfcl,2021-04-22T21:51:04.040Z,"21 km N of Snyder, Texas",earthquake,2,1.9,0.052,100,reviewed,us,us
2021-02-01T15:27:29.456Z,31.6679,-104.4023,5,3.4,mwr,,61,0.084,0.34,us,us6000ddnc,2021-04-16T19:02:51.040Z,"56 km S of Whites City, New Mexico",earthquake,0.8,1.7,,11,reviewed,us,slm
2021-02-01T04:52:38.738Z,32.946,-100.9149,5,2.7,mb_lg,,37,0.03,0.76,us,us6000ddka,2021-04-16T19:02:46.040Z,"25 km N of Snyder, Texas",earthquake,1.1,1.7,0.066,62,reviewed,us,us
2021-02-01T02:45:20.705Z,32.0979,-102.0928,5,2.6,mb_lg,,36,0.167,0.36,us,us6000ddjn,2021-09-07T03:15:21.061Z,"11 km N of Midland, Texas",earthquake,1,1.8,0.088,37,reviewed,us,us
2021-02-01T00:58:55.414Z,31.6735,-104.3788,6.88,3.1,ml,,57,0.104,0.34,us,us6000ddj9,2021-04-16T19:02:44.040Z,"55 km S of Whites City, New Mexico",earthquake,1.4,2.5,0.039,86,reviewed,us,us
2021-01-30T23:11:46.610Z,31.6687,-104.3849,6.04,2.5,mb_lg,,59,0.098,0.31,us,us6000ddb6,2021-04-16T19:02:33.040Z,"56 km S of Whites City, New Mexico",earthquake,1.1,1.9,0.124,24,reviewed,us,us
2021-01-30T22:47:39.780Z,31.6639,-104.3958,6.01,2.5,mb_lg,,62,0.089,0.33,us,us6000ddb2,2021-04-16T19:02:33.040Z,"56 km S of Whites City, New Mexico",earthquake,1.3,1.7,0.154,26,reviewed,us,us
2021-01-30T09:10:29.848Z,31.6682,-104.4117,5,3.4,ml,,61,0.075,0.52,us,us6000dd79,2021-04-16T19:02:27.040Z,"56 km S of Whites City, New Mexico",earthquake,0.6,1.7,0.055,64,reviewed,us,us
2021-01-30T07:13:46.193Z,31.6842,-104.3955,5,2.6,ml,,51,0.091,0.65,us,us6000dd6m,2021-04-16T19:02:25.040Z,"54 km S of Whites City, New Mexico",earthquake,1.4,1.6,0.052,48,reviewed,us,us
2021-01-29T16:23:07.357Z,31.5947,-103.9943,7.13,2.7,ml,,49,0.078,0.28,us,us6000dczu,2021-04-16T19:02:19.040Z,"36 km NNW of Toyah, Texas",earthquake,0.6,1.4,0.055,64,reviewed,us,us
2021-01-29T07:15:25.146Z,31.0836,-103.256,2.65,2.5,ml,,53,0.041,0.75,us,us6000dcu8,2021-04-16T19:02:12.040Z,"25 km SW of Coyanosa, Texas",earthquake,1.1,2.4,0.046,62,reviewed,us,us
2021-01-28T19:09:21.669Z,31.9315,-102.3073,2.48,2.5,mb_lg,,44,0.003,0.38,us,us6000dcqm,2021-04-13T17:06:08.040Z,"11 km NNE of Odessa, Texas",earthquake,1,1.6,0.117,19,reviewed,us,us
2021-01-27T22:05:02.636Z,31.6262,-104.3194,5,2.5,ml,,60,0.148,0.38,us,us6000dchx,2021-04-13T17:06:01.040Z,"60 km NW of Toyah, Texas",earthquake,1,1.4,0.066,48,reviewed,us,us
2021-01-25T14:28:40.659Z,31.5956,-104.0033,5,2.9,ml,,49,0.074,0.65,us,us7000d34v,2021-04-13T17:07:35.040Z,"36 km NNW of Toyah, Texas",earthquake,1.5,2,0.051,50,reviewed,us,us
2021-01-24T11:31:27.664Z,31.7045,-104.1423,5,2.5,ml,,48,0.099,0.5,us,us7000d2w7,2021-04-13T17:07:23.040Z,"51 km W of Mentone, Texas",earthquake,0.5,1.6,0.051,50,reviewed,us,us
2021-01-20T08:22:01.465Z,31.6781,-104.4285,6.39,3.3,ml,,53,0.062,0.24,us,us7000d1l0,2021-03-27T21:05:39.040Z,"55 km S of Whites City, New Mexico",earthquake,1.8,4,0.048,56,reviewed,us,us
2021-01-17T19:03:35.010Z,31.629,-104.2343,5,2.9,ml,,57,0.155,0.52,us,us7000d0y3,2021-03-27T21:05:09.040Z,"54 km NW of Toyah, Texas",earthquake,1.1,1.5,0.048,58,reviewed,us,us
2021-01-17T17:14:10.831Z,31.6732,-104.4106,5,2.6,ml,,57,0.077,0.33,us,us7000d0xt,2021-03-27T21:05:08.040Z,"55 km S of Whites City, New Mexico",earthquake,0.9,1.5,0.057,40,reviewed,us,us
2021-01-15T23:19:50.348Z,31.1198,-103.11,5,2.5,ml,,52,0.036,0.52,us,us7000d1dq,2021-03-27T21:05:31.040Z,"14 km SSW of Coyanosa, Texas",earthquake,1,1.1,0.091,16,reviewed,us,us
2021-01-14T23:30:11.147Z,35.2448,-101.5672,5,2.9,mb_lg,,77,0.113,0.77,us,us7000d056,2021-03-20T21:25:52.040Z,"20 km WSW of Panhandle, Texas",earthquake,1.1,1.9,0.046,126,reviewed,us,us
2021-01-13T12:08:25.245Z,31.6736,-104.4199,5,2.8,ml,,57,0.069,0.61,us,us6000d80e,2021-03-20T21:25:13.040Z,"55 km S of Whites City, New Mexico",earthquake,1.2,1.3,0.052,54,reviewed,us,us
2021-01-12T15:09:17.172Z,31.6678,-104.4102,5,2.5,ml,,61,0.077,0.47,us,us6000d7rj,2021-03-20T21:24:49.040Z,"56 km S of Whites City, New Mexico",earthquake,1.3,1.7,0.05,52,reviewed,us,us
2021-01-10T02:50:54.838Z,31.5828,-104.244,5,2.5,mb_lg,,58,0.169,0.26,us,us6000d74g,2021-03-20T21:23:31.040Z,"52 km NW of Toyah, Texas",earthquake,1.2,1.5,0.147,15,reviewed,us,us
2021-01-09T21:38:49.966Z,31.6393,-104.225,5,2.6,mb_lg,,56,0.149,0.45,us,us6000d73i,2021-03-20T21:23:27.040Z,"54 km NW of Toyah, Texas",earthquake,1.4,1.8,0.092,38,reviewed,us,us
2021-01-08T12:12:11.693Z,31.6606,-104.3679,5,2.6,ml,,61,0.113,0.26,us,us6000d6pp,2021-03-20T21:22:48.040Z,"57 km S of Whites City, New Mexico",earthquake,0.9,1.5,0.097,54,reviewed,us,us
2021-01-08T08:12:32.006Z,32.0431,-102.3051,2.93,2.5,mb_lg,,38,0.061,0.38,us,us6000d6nl,2021-03-20T21:22:44.040Z,"7 km ENE of Gardendale, Texas",earthquake,1,2.5,0.09,35,reviewed,us,us
2021-01-07T04:55:33.153Z,31.6621,-104.3053,5,3.1,ml,,58,0.111,0.42,us,us6000d6cf,2021-03-13T22:59:42.040Z,"57 km S of Whites City, New Mexico",earthquake,1.2,1.8,0.066,74,reviewed,us,us
2021-01-06T17:33:27.722Z,31.635,-104.4594,7.41,2.5,ml,,67,0.048,0.34,us,us6000d674,2021-03-13T22:59:36.040Z,"60 km S of Whites City, New Mexico",earthquake,1.9,2.9,0.064,32,reviewed,us,us
2021-01-06T13:50:19.057Z,31.6603,-104.3521,6.42,2.5,ml,,61,0.121,0.32,us,us6000d65q,2021-03-13T22:59:32.040Z,"57 km S of Whites City, New Mexico",earthquake,0.8,2.9,0.115,50,reviewed,us,us
2021-01-06T01:43:14.441Z,31.5984,-103.9934,8.49,2.5,mb_lg,,49,0.081,0.33,us,us6000d5yj,2021-03-13T22:59:28.040Z,"36 km NNW of Toyah, Texas",earthquake,0.8,7.7,0.111,37,reviewed,us,us
2021-01-03T17:07:28.529Z,31.6904,-104.1564,5,2.9,ml,,57,0.115,0.4,us,us6000d5a6,2021-03-13T22:59:02.040Z,"52 km W of Mentone, Texas",earthquake,1,1.6,0.056,56,reviewed,us,us
2021-01-01T19:58:52.080Z,31.6684,-104.367,7.03,2.7,ml,,59,0.114,0.35,us,us6000d4ul,2021-03-13T22:58:35.040Z,"56 km S of Whites City, New Mexico",earthquake,0.7,2.8,0.077,108,reviewed,us,us
2021-01-01T18:00:55.860Z,31.6617,-104.3746,5,2.7,ml,,62,0.107,0.59,us,us6000d4u1,2021-03-13T22:58:34.040Z,"56 km S of Whites City, New Mexico",earthquake,1.2,1.6,0.071,98,reviewed,us,us
2021-01-01T13:42:29.765Z,32.2906,-101.7862,5,3.4,mb_lg,,57,0.311,0.52,us,us6000d4t2,2021-03-13T22:58:32.040Z,"17 km N of Stanton, Texas",earthquake,1.3,1.8,0.042,149,reviewed,us,us
2021-01-01T04:49:35.388Z,32.2854,-101.8087,5,2.6,mb_lg,,34,0.306,0.33,us,us6000d4qr,2024-02-13T05:04:01.581Z,"17 km N of Stanton, Texas",earthquake,1.1,1.9,0.114,20,reviewed,us,us
2021-01-01T01:23:24.836Z,32.3019,-101.7982,5,3.1,mb_lg,,41,0.564,0.51,us,us6000d4pc,2021-03-13T22:58:25.040Z,"19 km N of Stanton, Texas",earthquake,1.7,2,0.048,115,reviewed,us,us
2020-12-31T20:44:20.034Z,32.2951,-101.7941,5,4,mwr,,35,0.316,0.41,us,us6000d4mj,2021-03-06T23:21:06.040Z,"18 km N of Stanton, Texas",earthquake,1.5,1.9,0.04,60,reviewed,us,us
2020-12-31T19:12:33.783Z,32.2909,-101.7932,7.98,3.6,mwr,,78,0.312,0.24,us,us6000d4la,2021-03-06T23:21:05.040Z,"17 km N of Stanton, Texas",earthquake,1.3,3,,31,reviewed,us,slm
2020-12-31T18:21:33.419Z,32.2963,-101.8003,5.82,3.3,mb_lg,,78,0.317,0.29,us,us6000d4l0,2021-03-06T23:21:04.040Z,"18 km N of Stanton, Texas",earthquake,1.2,3.1,0.045,129,reviewed,us,us
2020-12-31T15:43:46.913Z,31.7192,-104.1503,4.57,2.6,ml,,48,0.102,0.5,us,us6000d4k1,2021-03-06T23:21:01.040Z,"52 km W of Mentone, Texas",earthquake,1.1,0.9,0.071,106,reviewed,us,us
2020-12-27T19:01:52.007Z,31.6371,-104.2139,5,2.5,ml,,56,0.155,0.5,us,us6000d3hc,2021-03-06T23:19:35.040Z,"53 km NW of Toyah, Texas",earthquake,1,1.5,0.06,46,reviewed,us,us
2020-12-27T14:50:16.697Z,31.6173,-104.0977,5,2.5,ml,,52,0.09,0.33,us,us6000d3gb,2021-03-06T23:19:32.040Z,"44 km NW of Toyah, Texas",earthquake,0.6,1.6,0.055,44,reviewed,us,us
2020-12-24T10:53:52.865Z,31.6666,-104.3715,5,2.6,ml,,60,0.11,0.64,us,us6000d2j4,2021-03-06T23:18:17.040Z,"56 km S of Whites City, New Mexico",earthquake,1,1.8,0.053,46,reviewed,us,us
2020-12-23T18:38:47.424Z,31.618,-104.2466,5,2.5,ml,,61,0.162,0.46,us,us6000d29y,2021-03-06T23:18:01.040Z,"54 km NW of Toyah, Texas",earthquake,1,1.6,0.046,62,reviewed,us,us
2020-12-23T14:32:28.933Z,31.979,-102.3299,4.21,2.7,mb_lg,,42,0.024,0.32,us,us6000d28h,2021-03-06T23:17:58.040Z,"6 km SE of Gardendale, Texas",earthquake,1.2,2,0.124,18,reviewed,us,us
2020-12-23T10:57:39.240Z,32.2209,-104.5281,2.89,2.6,ml,,105,0.14,0.33,us,us6000d265,2021-03-06T23:17:56.040Z,"15 km WNW of Whites City, New Mexico",earthquake,1.6,5.5,0.059,38,reviewed,us,us
2020-12-18T04:45:32.301Z,31.6555,-104.31,5,2.7,ml,,59,0.118,0.25,us,us7000cs08,2021-02-27T23:25:22.040Z,"58 km S of Whites City, New Mexico",earthquake,0.8,1.6,0.077,54,reviewed,us,us
2020-12-17T10:23:54.286Z,31.1408,-103.2644,5,3.3,ml,,45,0.019,0.58,us,us7000crs3,2021-02-27T23:25:09.040Z,"22 km WSW of Coyanosa, Texas",earthquake,1,1.6,0.046,62,reviewed,us,us
2020-12-17T00:51:43.462Z,32.1082,-102.2024,3.11,3.3,mb_lg,,31,0.115,0.43,us,us7000crpw,2021-02-27T23:25:04.040Z,"17 km NW of Midland, Texas",earthquake,0.9,4.7,0.076,103,reviewed,us,us
2020-12-15T05:13:13.012Z,31.6502,-104.3714,5,2.5,mb_lg,,62,0.111,0.36,us,us7000cr6f,2021-02-20T16:12:10.040Z,"58 km S of Whites City, New Mexico",earthquake,0.9,1.8,0.136,21,reviewed,us,us
2020-12-12T03:52:31.014Z,31.6376,-104.3147,5,2.6,mb_lg,,60,0.136,0.32,us,us7000cr0s,2021-02-20T16:11:59.040Z,"59 km S of Whites City, New Mexico",earthquake,1.1,1.5,0.109,43,reviewed,us,us
2020-12-12T03:50:10.686Z,31.6549,-104.298,5,2.8,ml,,59,0.118,0.38,us,us7000cqgx,2021-02-20T16:11:25.040Z,"58 km S of Whites City, New Mexico",earthquake,0.9,2,0.077,74,reviewed,us,us
2020-12-08T09:24:10.099Z,31.6731,-104.42,10.08,2.5,ml,,57,0.069,0.39,us,us7000cp4b,2021-02-12T22:40:25.040Z,"55 km S of Whites City, New Mexico",earthquake,1.4,4.4,0.097,48,reviewed,us,us
2020-12-06T22:47:14.965Z,31.6532,-104.308,11.44,2.8,ml,,59,0.12,0.64,us,us7000cnql,2021-02-12T22:39:50.040Z,"58 km S of Whites City, New Mexico",earthquake,1.2,5.7,0.044,68,reviewed,us,us
2020-12-06T09:58:41.980Z,31.7059,-104.409,5,2.7,ml,,47,0.086,0.82,us,us7000cnlv,2021-02-12T22:39:40.040Z,"52 km S of Whites City, New Mexico",earthquake,1.3,1.8,0.053,46,reviewed,us,us
2020-12-05T01:27:01.184Z,31.7414,-104.1676,5,2.5,ml,,47,0.117,0.3,us,us7000cn9i,2021-02-12T22:39:16.040Z,"52 km SSE of Whites City, New Mexico",earthquake,1,1.1,0.097,62,reviewed,us,us
2020-12-04T19:21:04.913Z,31.6585,-104.3183,9.6,3.2,ml,,59,0.116,0.5,us,us7000cn4m,2021-02-12T22:39:10.040Z,"57 km S of Whites City, New Mexico",earthquake,1.5,6.9,0.074,98,reviewed,us,us
2020-12-02T20:58:29.322Z,31.652,-104.1954,9.47,2.5,ml,,59,0.151,0.25,us,us7000cm9w,2021-02-12T22:38:25.040Z,"53 km NW of Toyah, Texas",earthquake,1.3,2.1,0.056,42,reviewed,us,us
2020-12-01T12:27:29.562Z,31.6761,-104.4353,7.38,2.7,ml,,54,0.056,0.3,us,us7000clm3,2021-02-06T18:29:27.040Z,"55 km S of Whites City, New Mexico",earthquake,1.6,2.2,0.067,62,reviewed,us,us
2020-11-29T10:44:09.762Z,31.1577,-103.2435,5,2.5,mb_lg,,44,0.033,0.46,us,us7000ckv2,2021-02-06T18:28:56.040Z,"19 km WSW of Coyanosa, Texas",earthquake,1.1,1.6,0.12,20,reviewed,us,us
2020-11-29T09:26:01.579Z,31.1755,-103.2621,5,2.5,ml,,31,0.013,0.62,us,us7000claj,2021-02-06T18:29:21.040Z,"20 km WSW of Coyanosa, Texas",earthquake,1.1,1.6,0.057,40,reviewed,us,us
2020-11-29T09:20:38.678Z,31.1553,-103.257,5,3.6,ml,,35,0.03,0.55,us,us7000cktv,2021-02-06T18:28:55.040Z,"20 km WSW of Coyanosa, Texas",earthquake,1.4,2,0.04,86,reviewed,us,us
2020-11-28T16:56:12.637Z,31.7015,-104.4129,7.18,2.5,ml,,55,0.081,0.25,us,us7000cknf,2021-02-06T18:28:49.040Z,"52 km S of Whites City, New Mexico",earthquake,1,2,0.069,40,reviewed,us,us
2020-11-26T04:00:51.725Z,31.5669,-104.1876,5,2.5,ml,,63,0.118,0.87,us,us7000cjxr,2021-02-06T18:28:17.040Z,"46 km NW of Toyah, Texas",earthquake,1,1.8,0.045,64,reviewed,us,us
2020-11-25T18:58:53.437Z,32.0951,-102.1223,5,2.5,mb_lg,,49,0.145,0.21,us,us7000cjli,2021-02-06T18:28:11.040Z,"11 km NNW of Midland, Texas",earthquake,1.1,1.7,0.228,5,reviewed,us,us
2020-11-25T14:30:29.253Z,31.1466,-103.2735,3.05,2.9,mb_lg,,46,0.028,0.46,us,us6000cshd,2021-02-06T18:28:08.040Z,"22 km WSW of Coyanosa, Texas",earthquake,0.9,2.2,0.161,11,reviewed,us,us
2020-11-25T08:44:01.534Z,32.0982,-102.1292,4.98,3.3,mb_lg,,31,0.143,0.44,us,us6000csdd,2021-02-06T18:28:05.040Z,"12 km NNW of Midland, Texas",earthquake,1.6,7.2,0.06,75,reviewed,us,us
2020-11-19T00:40:07.957Z,31.6957,-104.3173,11.32,3.1,ml,,48,0.079,0.38,us,us6000cq5g,2021-02-03T17:50:59.040Z,"53 km S of Whites City, New Mexico",earthquake,1.3,4.3,0.06,64,reviewed,us,us
2020-11-15T15:44:53.845Z,31.7349,-104.0986,5,3.3,ml,,48,0.058,0.37,us,us7000cfb8,2021-01-27T17:29:42.040Z,"47 km W of Mentone, Texas",earthquake,0.8,1.1,0.039,88,reviewed,us,us
2020-11-15T04:27:02.281Z,32.9113,-100.8806,5,3.5,mwr,,36,0.015,0.89,us,us7000cf5p,2021-01-27T17:29:37.040Z,"21 km N of Snyder, Texas",earthquake,1.7,1.7,0.071,19,reviewed,us,us
2020-11-14T23:08:21.003Z,31.726,-104.1069,5,2.8,ml,,48,0.065,0.4,us,us7000cf3p,2021-01-27T17:29:35.040Z,"48 km W of Mentone, Texas",earthquake,0.7,1.8,0.062,60,reviewed,us,us
2020-11-14T23:06:44.906Z,31.7284,-104.0927,5,2.5,mb_lg,,48,0.053,0.53,us,us7000cf3m,2021-01-27T17:29:34.040Z,"46 km W of Mentone, Texas",earthquake,1,1.5,0.117,29,reviewed,us,us
2020-11-09T11:56:46.727Z,31.9343,-102.3165,3.6,3,mb_lg,,29,0.009,0.31,us,us7000ccgn,2021-03-16T03:38:37.767Z,"10 km NNE of Odessa, Texas",earthquake,0.9,2.3,0.052,98,reviewed,us,us
2020-11-08T21:19:55.122Z,31.8986,-103.4622,5.98,2.7,mb_lg,,24,0.207,0.39,us,us7000cc87,2021-01-23T22:25:37.040Z,"25 km NNE of Mentone, Texas",earthquake,1.2,0.9,0.106,36,reviewed,us,us
2020-11-06T21:06:37.714Z,31.0982,-103.2808,1.87,3.1,ml,,52,0.036,0.98,us,us7000cbkb,2021-01-23T22:25:32.040Z,"26 km SW of Coyanosa, Texas",earthquake,2.6,1.7,0.041,80,reviewed,us,us
2020-11-06T19:37:20.394Z,31.1021,-103.2514,2.64,3.2,mwr,,51,0.022,0.63,us,us7000cbi3,2021-01-23T22:25:32.040Z,"23 km SW of Coyanosa, Texas",earthquake,1.2,2.8,,8,reviewed,us,slm
2020-11-04T05:38:49.374Z,31.6174,-104.2485,5,2.7,ml,,66,0.162,0.4,us,us7000ca7d,2021-01-23T22:25:26.040Z,"54 km NW of Toyah, Texas",earthquake,1.1,1.5,0.091,16,reviewed,us,us
2020-11-04T05:38:16.382Z,31.6033,-104.2504,5,2.8,ml,,58,0.175,0.34,us,us7000ca76,2021-01-23T22:25:26.040Z,"53 km NW of Toyah, Texas",earthquake,1.3,1.9,0.048,58,reviewed,us,us
2020-11-03T01:41:59.572Z,31.2567,-103.4862,5,3,ml,,31,0.07,0.64,us,us7000c9jj,2021-01-18T23:02:05.040Z,"13 km SSE of Lindsay, Texas",earthquake,0.6,1.5,0.047,84,reviewed,us,us
2020-11-01T04:15:45.029Z,31.7229,-104.087,5,2.8,ml,,58,0.216,0.33,us,us7000c8vt,2021-01-18T23:01:55.040Z,"46 km W of Mentone, Texas",earthquake,1.6,1.9,0.059,88,reviewed,us,us
2020-11-01T01:50:56.968Z,31.6295,-104.4753,5,2.8,ml,,68,0.044,0.34,us,us7000c8u5,2021-01-18T23:01:55.040Z,"61 km S of Whites City, New Mexico",earthquake,1.2,1.7,0.066,72,reviewed,us,us
2020-11-01T00:47:37.474Z,31.6067,-104.2486,5,3,ml,,58,0.172,0.45,us,us7000c8t3,2021-01-18T23:01:54.040Z,"54 km NW of Toyah, Texas",earthquake,2.8,2,0.05,82,reviewed,us,us
2020-10-30T16:31:31.546Z,31.6423,-104.3215,5,2.8,ml,,66,0.132,0.39,us,us7000c81z,2021-01-18T23:01:48.040Z,"59 km S of Whites City, New Mexico",earthquake,1.2,1.2,0.049,82,reviewed,us,us
2020-10-30T15:43:15.320Z,31.6614,-104.3074,5,3.2,ml,,59,0.112,0.3,us,us7000c806,2021-01-18T23:01:48.040Z,"57 km S of Whites City, New Mexico",earthquake,1,1.5,0.048,86,reviewed,us,us
2020-10-30T12:45:56.849Z,31.6597,-104.3119,5,2.9,ml,,59,0.114,0.31,us,us7000c7y8,2021-01-18T23:01:48.040Z,"57 km S of Whites City, New Mexico",earthquake,0.9,1.7,0.049,71,reviewed,us,us
2020-10-30T03:43:48.892Z,31.6438,-104.3322,5,2.8,ml,,66,0.132,0.39,us,us7000c7ug,2021-01-18T23:01:44.040Z,"59 km S of Whites City, New Mexico",earthquake,1.3,1.6,0.064,80,reviewed,us,us
2020-10-29T01:40:07.164Z,31.6721,-104.322,5,3.6,mwr,,56,0.103,0.51,us,us7000c7c5,2021-01-18T23:01:39.040Z,"56 km S of Whites City, New Mexico",earthquake,1.2,1.3,0.08,15,reviewed,us,us
2020-10-28T14:07:37.662Z,31.7011,-104.1244,5,3.7,mwr,,49,0.085,0.42,us,us7000c6s7,2021-01-18T23:01:36.040Z,"49 km W of Mentone, Texas",earthquake,1.4,1.9,0.057,30,reviewed,us,us
2020-10-28T08:07:29.557Z,31.65,-104.2856,6.14,2.8,ml,,61,0.124,0.27,us,us7000c6nj,2021-01-18T23:01:34.040Z,"58 km S of Whites City, New Mexico",earthquake,1.6,6.9,0.047,60,reviewed,us,us
2020-10-28T07:42:44.956Z,31.0412,-103.2873,5,2.6,ml,,54,0.088,0.58,us,us7000c6ng,2021-01-18T23:01:34.040Z,"30 km SW of Coyanosa, Texas",earthquake,1.5,1.9,0.046,62,reviewed,us,us
2020-10-28T00:23:06.473Z,31.6483,-104.2908,5,2.5,ml,,62,0.125,0.35,us,us7000c6j9,2021-01-18T23:01:32.040Z,"59 km S of Whites City, New Mexico",earthquake,1.3,1.8,0.074,78,reviewed,us,us
2020-10-27T20:48:01.466Z,31.7123,-104.1225,5,2.7,ml,,48,0.08,0.51,us,us7000c6g4,2021-01-09T20:05:33.040Z,"49 km W of Mentone, Texas",earthquake,1.1,1.6,0.077,96,reviewed,us,us
2020-10-27T12:44:56.304Z,31.6892,-104.3727,4.9,2.8,ml,,49,0.104,0.29,us,us6000cdqh,2021-01-09T20:05:30.040Z,"53 km S of Whites City, New Mexico",earthquake,1.4,4.2,0.05,52,reviewed,us,us
2020-10-23T07:21:10.559Z,30.9235,-103.426,2.92,2.7,ml,,66,0.087,0.41,us,us6000cbxc,2021-01-09T20:05:21.040Z,"31 km ESE of Balmorhea, Texas",earthquake,1,1.9,0.069,36,reviewed,us,us
2020-10-21T09:58:49.091Z,31.5603,-104.1381,5,2.9,ml,,54,0.076,0.33,us,us6000cajp,2021-01-09T20:05:15.040Z,"42 km NW of Toyah, Texas",earthquake,0.9,1.8,0.077,34,reviewed,us,us
2020-10-19T16:18:27.209Z,31.6031,-104.2774,5,2.5,ml,,59,0.171,0.26,us,us6000c9g5,2020-12-29T23:07:43.040Z,"56 km NW of Toyah, Texas",earthquake,1,1.5,0.047,60,reviewed,us,us
2020-10-18T11:13:04.437Z,31.6583,-104.3056,5,2.8,ml,,59,0.115,0.5,us,us6000c969,2020-12-29T23:07:35.040Z,"57 km S of Whites City, New Mexico",earthquake,0.8,1.7,0.049,54,reviewed,us,us
2020-10-16T05:43:08.420Z,31.703,-104.1566,5,2.5,ml,,48,0.111,0.32,us,us6000c8pk,2020-12-29T23:07:26.040Z,"52 km W of Mentone, Texas",earthquake,0.6,1.6,0.061,58,reviewed,us,us
2020-10-15T04:29:31.959Z,31.7484,-104.1059,5,3,ml,,51,0.066,0.46,us,us6000c8f9,2020-12-29T23:07:22.040Z,"48 km W of Mentone, Texas",earthquake,1,1.2,0.042,74,reviewed,us,us
2020-10-13T08:25:45.704Z,31.9383,-102.3239,5.65,2.6,mb_lg,,35,0.016,0.32,us,us6000c7z0,2020-12-19T17:22:50.040Z,"10 km SSE of Gardendale, Texas",earthquake,1,1.8,0.067,61,reviewed,us,us
2020-10-11T12:16:21.930Z,32.4022,-101.5963,5,2.7,mb_lg,,30,0.315,0.62,us,us6000c7j4,2020-12-19T17:22:45.040Z,"17 km SE of Ackerly, Texas",earthquake,1.3,1.9,0.068,59,reviewed,us,us
2020-10-11T06:44:13.040Z,31.6068,-104.4247,5,2.8,ml,,65,0.089,0.51,us,us6000c7hl,2020-12-19T17:22:45.040Z,"63 km S of Whites City, New Mexico",earthquake,1.3,1.7,0.052,56,reviewed,us,us
2020-10-10T08:14:04.818Z,31.6727,-104.3975,5,2.5,ml,,58,0.088,0.57,us,us6000c79x,2020-12-19T17:22:43.040Z,"western Texas",earthquake,0.9,1.6,0.053,46,reviewed,us,us
2020-10-08T22:00:44.703Z,31.641,-103.9986,5,2.5,ml,,59,0.292,0.36,us,us6000c6vs,2020-12-19T17:22:40.040Z,"38 km W of Mentone, Texas",earthquake,1.2,1.7,0.053,56,reviewed,us,us
2020-10-07T12:25:11.694Z,32.1038,-102.14,5,2.6,mb_lg,,41,0.14,0.32,us,us6000c6el,2021-02-01T03:00:47.040Z,"13 km NNW of Midland, TX",earthquake,0.8,1.8,0.111,64,reviewed,us,us
2020-10-03T04:08:13.933Z,31.5801,-104.2395,5,2.5,ml,,58,0.164,0.14,us,us6000c53m,2020-12-12T22:28:36.040Z,"51 km NW of Toyah, Texas",earthquake,1.1,1.5,0.074,66,reviewed,us,us
2020-10-01T19:02:29.949Z,31.6668,-104.3562,5,3,ml,,59,0.116,0.74,us,us6000c451,2020-12-12T22:28:30.040Z,"56 km S of Whites City, New Mexico",earthquake,1.2,1.6,0.062,80,reviewed,us,us
2020-09-28T03:57:16.430Z,31.6383,-104.305,5,2.5,mb_lg,,59,0.135,0.36,us,us6000c21a,2020-12-05T21:03:03.040Z,"59 km S of Whites City, New Mexico",earthquake,1.2,1.6,0.128,22,reviewed,us,us
2020-09-25T16:10:50.095Z,31.6652,-104.3683,5,3.1,ml,,60,0.113,0.37,us,us6000c18w,2020-12-05T21:02:58.040Z,"56 km S of Whites City, New Mexico",earthquake,1,1.5,0.077,28,reviewed,us,us
2020-09-25T16:09:23.468Z,31.6634,-104.3847,5,2.9,ml,,62,0.099,0.31,us,us6000c18r,2020-12-05T21:02:58.040Z,"56 km S of Whites City, New Mexico",earthquake,0.6,1.6,0.062,42,reviewed,us,us
2020-09-25T07:46:03.592Z,31.6611,-104.4013,5,2.9,ml,,63,0.085,0.67,us,us6000c119,2020-12-05T21:02:57.040Z,"57 km S of Whites City, New Mexico",earthquake,1.4,1.6,0.047,60,reviewed,us,us
2020-09-24T23:14:13.822Z,31.6523,-104.3811,5,3.4,ml,,62,0.103,0.31,us,us6000c0x4,2020-12-05T21:02:57.040Z,"58 km S of Whites City, New Mexico",earthquake,1.2,1.7,0.059,50,reviewed,us,us
2020-09-24T22:19:59.605Z,31.6825,-104.3402,5,2.9,ml,,52,0.097,0.82,us,us6000c0wa,2020-12-05T21:02:57.040Z,"54 km S of Whites City, New Mexico",earthquake,1.2,1.8,0.052,80,reviewed,us,us
2020-09-24T17:10:13.248Z,31.6978,-104.1421,6.94,2.6,ml,,49,0.101,0.39,us,us6000c0ne,2020-12-05T21:02:56.040Z,"51 km W of Mentone, Texas",earthquake,0.9,2.2,0.055,44,reviewed,us,us
2020-09-23T06:04:39.927Z,32.1058,-102.1797,5,2.5,mb_lg,,42,0.121,0.37,us,us6000bzyu,2020-12-05T21:02:55.040Z,"15 km NW of Midland, Texas",earthquake,0.9,1.9,0.136,15,reviewed,us,us
2020-09-22T06:50:20.918Z,31.5764,-104.2137,5,2.7,ml,,63,0.261,0.38,us,us6000bzkm,2020-11-28T21:32:03.040Z,"49 km NW of Toyah, Texas",earthquake,1.1,1.8,0.044,68,reviewed,us,us
2020-09-18T21:48:27.469Z,31.7061,-104.1334,5,3.5,mwr,,49,0.091,0.44,us,us7000bq0y,2020-11-28T21:31:52.040Z,"50 km W of Mentone, Texas",earthquake,1.1,0.9,0.093,11,reviewed,us,us
2020-09-17T03:49:22.586Z,32.1003,-102.1074,5,3,mb_lg,,38,0.158,0.41,us,us7000bp8y,2021-08-04T05:04:33.649Z,"11 km NNW of Midland, Texas",earthquake,1.1,1.8,0.052,99,reviewed,us,us
2020-09-15T02:52:15.048Z,31.7253,-104.3219,6.83,3.1,ml,,61,0.051,0.9,us,us7000bncm,2020-11-21T20:10:43.040Z,"50 km S of Whites City, New Mexico",earthquake,1.3,1.7,0.064,82,reviewed,us,us
2020-09-14T22:40:48.419Z,31.7208,-104.3528,3.78,2.8,ml,,59,0.068,0.49,us,us7000bnap,2020-11-21T20:10:43.040Z,"50 km S of Whites City, New Mexico",earthquake,1.2,2.6,0.071,80,reviewed,us,us
2020-09-14T14:14:42.357Z,31.2731,-103.3649,3.72,3.2,ml,,28,0.036,0.65,us,us7000bn0p,2020-11-21T20:10:41.040Z,"19 km ESE of Lindsay, Texas",earthquake,0.8,2.4,0.039,86,reviewed,us,us
2020-09-14T14:06:31.911Z,31.7008,-104.1427,5,2.6,ml,,49,0.1,0.57,us,us7000bn0m,2020-11-21T20:10:41.040Z,"51 km W of Mentone, Texas",earthquake,0.7,1.4,0.043,72,reviewed,us,us
2020-09-14T06:05:13.153Z,31.6985,-104.1321,7.64,2.5,ml,,49,0.092,0.26,us,us7000bmwy,2020-11-21T20:10:41.040Z,"50 km W of Mentone, Texas",earthquake,1.2,3.9,0.074,76,reviewed,us,us
2020-09-10T03:29:25.594Z,31.6568,-104.3178,5,3.1,ml,,59,0.117,0.49,us,us7000bkv3,2020-11-21T20:10:34.040Z,"57 km S of Whites City, New Mexico",earthquake,0.8,1.7,0.064,82,reviewed,us,us
2020-09-07T16:49:03.814Z,31.6438,-104.3348,5,2.7,ml,,60,0.133,0.5,us,us7000bjbu,2020-11-17T19:44:52.040Z,"59 km S of Whites City, New Mexico",earthquake,1,1,0.046,62,reviewed,us,us
2020-09-07T01:18:59.524Z,31.5769,-104.2082,6.78,2.7,ml,,63,0.138,0.5,us,us7000bk2a,2020-11-17T19:44:49.040Z,"48 km NW of Toyah, Texas",earthquake,0.8,2.9,0.064,52,reviewed,us,us
2020-09-07T01:16:00.035Z,31.5807,-104.2151,5,3,ml,,57,0.144,0.43,us,us7000bj4a,2020-11-17T19:44:49.040Z,"49 km NW of Toyah, Texas",earthquake,0.9,1.7,0.064,84,reviewed,us,us
2020-09-06T21:13:48.719Z,31.6838,-104.3345,5,2.7,mb_lg,,57,0.094,0.7,us,us7000bj24,2020-11-17T19:44:48.040Z,"54 km S of Whites City, New Mexico",earthquake,0.9,1.7,0.098,46,reviewed,us,us
2020-09-06T12:04:12.121Z,31.6793,-104.3918,5,2.8,ml,,57,0.093,0.5,us,us7000biwv,2020-11-17T19:44:46.040Z,"55 km S of Whites City, New Mexico",earthquake,1,1.6,0.059,38,reviewed,us,us
2020-09-05T14:13:13.200Z,31.7388,-104.0963,6.8,2.8,ml,,49,0.056,0.31,us,us7000bkpg,2020-11-17T19:44:40.040Z,"47 km W of Mentone, Texas",earthquake,1.1,2,0.076,27,reviewed,us,us
2020-09-04T20:42:11.364Z,31.5901,-104.2335,9.75,2.7,ml,,57,0.162,0.61,us,us7000bi4j,2020-11-17T19:44:36.040Z,"51 km NW of Toyah, Texas",earthquake,0.8,7,0.057,81,reviewed,us,us
2020-09-04T13:26:58.136Z,31.6383,-104.4681,5.28,2.9,ml,,67,0.041,0.25,us,us7000bhti,2020-11-17T19:44:34.040Z,"60 km S of Whites City, New Mexico",earthquake,1,2.4,0.074,60,reviewed,us,us
2020-09-03T16:05:18.251Z,31.6671,-104.3723,5,2.5,ml,,60,0.109,0.62,us,us7000bh8l,2020-11-17T19:44:28.040Z,"56 km S of Whites City, New Mexico",earthquake,1.2,1.8,0.062,78,reviewed,us,us
2020-09-03T03:52:27.111Z,31.736,-104.1057,8.03,3,ml,,48,0.064,0.35,us,us7000bh0h,2020-11-17T19:44:25.040Z,"48 km W of Mentone, Texas",earthquake,1.1,6.3,0.067,101,reviewed,us,us
2020-09-02T14:13:18.582Z,31.7377,-104.1039,6.91,2.8,ml,,48,0.062,0.29,us,us7000bgj8,2020-11-17T19:44:22.040Z,"47 km W of Mentone, Texas",earthquake,0.6,3.4,0.069,82,reviewed,us,us
2020-09-02T05:18:35.195Z,31.7371,-104.0994,5.27,2.5,ml,,48,0.058,0.38,us,us7000bgbt,2020-11-17T19:44:21.040Z,"47 km W of Mentone, Texas",earthquake,1.1,3.9,0.05,52,reviewed,us,us
2020-09-02T04:52:49.510Z,31.76,-104.072,5,3.1,ml,,56,0.044,0.68,us,us7000bgb9,2020-11-17T19:44:21.040Z,"45 km W of Mentone, Texas",earthquake,0.8,1.3,0.085,46,reviewed,us,us
2020-09-02T04:51:46.611Z,31.7235,-104.099,8.58,3.3,ml,,48,0.059,0.47,us,us7000bgb8,2020-11-17T19:44:21.040Z,"47 km W of Mentone, Texas",earthquake,1.1,7.1,0.056,86,reviewed,us,us
2020-08-31T04:23:46.127Z,31.6533,-104.2456,5,2.8,ml,,57,0.129,0.41,us,us7000bf5n,2020-11-07T18:48:39.040Z,"57 km NW of Toyah, Texas",earthquake,1,1.4,0.066,66,reviewed,us,us
2020-08-25T11:45:23.877Z,31.0388,-103.3,5,2.5,ml,,54,0.089,0.47,us,us7000bckl,2020-10-31T19:06:26.040Z,"31 km SW of Coyanosa, Texas",earthquake,0.7,1.5,0.066,74,reviewed,us,us
2020-08-23T13:40:15.772Z,31.6776,-104.4025,5,2.8,ml,,113,0.522,0.26,us,us6000bje3,2020-10-31T19:06:20.040Z,"55 km S of Whites City, New Mexico",earthquake,2.9,2,0.085,18,reviewed,us,us
2020-08-22T03:06:43.697Z,31.6712,-104.4125,5,2.6,ml,,59,0.075,0.25,us,us6000biva,2020-10-31T19:06:15.040Z,"56 km S of Whites City, New Mexico",earthquake,1.5,1.9,0.074,58,reviewed,us,us
2020-08-21T19:49:34.362Z,31.7507,-103.9201,6.44,2.6,ml,,46,0.095,0.43,us,us6000bin4,2020-10-31T19:06:15.040Z,"30 km W of Mentone, Texas",earthquake,1.2,2.4,0.053,80,reviewed,us,us
2020-08-18T21:08:32.584Z,31.6541,-104.2124,5,2.6,ml,,55,0.141,0.58,us,us6000bgtw,2020-10-24T20:09:04.040Z,"54 km NW of Toyah, Texas",earthquake,1.1,1,0.057,68,reviewed,us,us
2020-08-18T03:12:35.876Z,31.4802,-103.9535,5.59,2.5,ml,,51,0.101,0.67,us,us6000bgcx,2020-10-24T20:09:01.040Z,"23 km NW of Toyah, Texas",earthquake,1,2.2,0.046,62,reviewed,us,us
2020-08-18T01:42:38.876Z,31.643,-104.2172,5,2.6,ml,,56,0.149,0.41,us,us6000bgcc,2020-10-24T20:09:01.040Z,"54 km NW of Toyah, Texas",earthquake,0.9,1.7,0.049,54,reviewed,us,us
2020-08-16T02:18:15.367Z,31.7352,-104.1042,5,2.5,ml,,57,0.062,0.28,us,us6000bfej,2020-10-24T20:08:54.040Z,"47 km W of Mentone, Texas",earthquake,0.9,1.3,0.074,82,reviewed,us,us
2020-08-15T07:15:05.540Z,31.6847,-104.2935,5,2.6,ml,,51,0.089,0.41,us,us6000bf3j,2020-10-24T20:08:53.040Z,"55 km S of Whites City, New Mexico",earthquake,0.9,1.6,0.055,44,reviewed,us,us
2020-08-07T11:30:19.670Z,31.5757,-104.2065,5,2.6,ml,,56,0.136,0.33,us,us6000baj1,2020-10-21T22:03:55.040Z,"48 km NW of Toyah, Texas",earthquake,1.1,1.3,0.077,62,reviewed,us,us
2020-08-06T18:23:17.220Z,31.7223,-104.3349,5,2.6,ml,,59,0.059,0.23,us,us6000ba8p,2020-10-21T22:03:54.040Z,"50 km S of Whites City, New Mexico",earthquake,0.8,1.4,0.071,26,reviewed,us,us
2020-08-06T14:02:38.144Z,31.1104,-103.2775,5,2.8,ml,,55,0.026,0.65,us,us6000ba3f,2020-10-21T22:03:54.040Z,"25 km SW of Coyanosa, Texas",earthquake,1.1,1.1,0.053,46,reviewed,us,us
2020-08-05T17:14:47.715Z,31.1373,-103.2384,4.99,3,ml,,51,0.016,0.56,us,us6000b9sl,2020-10-21T22:03:53.040Z,"20 km SW of Coyanosa, Texas",earthquake,1,1.4,0.059,80,reviewed,us,us
2020-08-05T07:40:20.754Z,31.6431,-104.2835,5,2.8,ml,,58,0.131,0.38,us,us6000b9k0,2020-10-21T22:03:52.040Z,"59 km NW of Toyah, Texas",earthquake,1.2,0.8,0.055,44,reviewed,us,us
2020-08-04T17:25:06.741Z,31.6556,-104.2971,5,2.9,ml,,59,0.118,0.61,us,us6000b9a4,2020-10-10T17:11:15.040Z,"58 km S of Whites City, New Mexico",earthquake,1.1,1.7,0.059,76,reviewed,us,us
2020-08-01T20:53:52.863Z,31.9325,-102.3062,6.25,2.7,mb_lg,,26,0.002,0.45,us,us6000b85p,2020-10-10T17:11:08.040Z,"11 km NNE of Odessa, Texas",earthquake,1.4,1.9,0.078,67,reviewed,us,us
2020-08-01T16:37:58.629Z,31.9344,-102.3124,5,2.9,mb_lg,,44,0.006,0.37,us,us6000b80c,2022-01-28T18:35:47.972Z,"11 km NNE of Odessa, Texas",earthquake,0.6,1.6,0.048,117,reviewed,us,us
2020-08-01T04:07:12.427Z,30.9286,-103.2165,5,2.5,ml,,58,0.087,0.48,us,us6000b7te,2020-10-10T17:11:06.040Z,"32 km W of Fort Stockton, Texas",earthquake,1.1,1.8,0.069,68,reviewed,us,us
2020-07-29T03:10:46.355Z,31.6852,-104.3762,5.21,2.5,ml,,56,0.107,0.64,us,us6000b5t8,2020-10-10T17:10:59.040Z,"54 km S of Whites City, New Mexico",earthquake,0.7,2.8,0.047,60,reviewed,us,us
2020-07-27T06:05:09.921Z,31.6506,-104.3014,5,2.6,ml,,59,0.123,0.26,us,us6000b4lb,2020-10-03T17:32:26.040Z,"58 km S of Whites City, New Mexico",earthquake,1.1,1.7,0.069,70,reviewed,us,us
2020-07-25T15:38:01.970Z,31.6387,-104.4666,5.23,2.9,ml,,67,0.041,0.28,us,us6000b41n,2020-10-03T17:32:22.040Z,"60 km S of Whites City, New Mexico",earthquake,1.2,1.9,0.048,58,reviewed,us,us
2020-07-22T17:01:32.948Z,31.1632,-103.2655,5,3.1,mwr,,35,0.023,0.43,us,us6000b219,2020-10-03T17:32:14.040Z,"21 km WSW of Coyanosa, Texas",earthquake,1,1.6,,12,reviewed,us,slm
2020-07-22T11:31:32.553Z,31.94,-102.3176,5,2.7,mb_lg,,40,0.011,0.35,us,us7000at0y,2020-10-03T17:32:41.040Z,"10 km SSE of Gardendale, Texas",earthquake,0.6,1.4,0.072,81,reviewed,us,us
2020-07-20T16:38:00.769Z,31.6677,-104.4149,5,3.2,ml,,61,0.073,0.28,us,us7000arnr,2020-09-26T16:58:41.040Z,"56 km S of Whites City, New Mexico",earthquake,1,1.6,0.052,48,reviewed,us,us
2020-07-19T09:18:30.998Z,31.6959,-104.2858,5,2.5,ml,,53,0.079,0.48,us,us7000ar6f,2020-09-26T16:58:38.040Z,"53 km S of Whites City, New Mexico",earthquake,1.2,1.6,0.081,48,reviewed,us,us
2020-07-18T15:29:55.564Z,31.1139,-103.1508,5,2.7,ml,,41,0.015,0.47,us,us7000aqw9,2020-09-26T16:58:36.040Z,"16 km SSW of Coyanosa, Texas",earthquake,1,1.3,0.081,20,reviewed,us,us
2020-07-18T07:45:40.707Z,31.9366,-102.323,5,3,mb_lg,,35,0.087,0.41,us,us7000aqsp,2020-09-26T16:58:36.040Z,"10 km SSE of Gardendale, Texas",earthquake,1.3,1.8,0.044,136,reviewed,us,us
2020-07-16T02:13:45.980Z,31.9343,-102.3067,2.5,2.5,mb_lg,,44,0.08,0.36,us,us7000apfq,2020-11-25T09:11:02.725Z,"11 km NNE of Odessa, Texas",earthquake,1.3,2.1,0.074,49,reviewed,us,us
2020-07-15T12:10:11.823Z,31.2968,-103.5946,5,2.6,ml,,43,0.113,0.61,us,us7000anvd,2020-09-26T16:58:30.040Z,"9 km SW of Lindsay, Texas",earthquake,1,1.2,0.055,66,reviewed,us,us
2020-07-14T04:44:04.089Z,32.0528,-103.7722,11.84,2.5,ml,,38,0.084,0.54,us,us7000an65,2020-09-19T20:58:20.040Z,"34 km SE of Malaga, New Mexico",earthquake,1.5,5.1,0.081,20,reviewed,us,us
2020-07-12T08:47:54.516Z,31.6019,-104.2184,5,3.1,ml,,56,0.185,0.41,us,us7000am8b,2020-09-30T02:38:09.350Z,"51 km NW of Toyah, Texas",earthquake,1,1.7,0.071,38,reviewed,us,us
2020-07-05T18:37:08.554Z,31.6632,-104.4339,5,2.6,ml,,64,0.057,0.26,us,us7000aicz,2020-09-11T22:14:16.040Z,"57 km S of Whites City, New Mexico",earthquake,1.3,1.4,0.052,48,reviewed,us,us
2020-07-05T17:57:40.967Z,31.6603,-104.3676,5,3.1,ml,,61,0.113,0.23,us,us7000aicn,2020-09-11T22:14:16.040Z,"57 km S of Whites City, New Mexico",earthquake,1.2,0.9,0.048,58,reviewed,us,us
2020-07-04T07:53:16.034Z,31.6644,-104.3304,5,2.8,mb_lg,,59,0.112,0.47,us,us7000ahu4,2020-09-11T22:14:10.040Z,"56 km S of Whites City, New Mexico",earthquake,1,1.7,0.068,76,reviewed,us,us
2020-07-01T06:55:41.587Z,31.6432,-104.2262,7.19,2.6,ml,,56,0.145,0.37,us,us7000afn2,2020-09-11T22:13:46.040Z,"western Texas",earthquake,1.2,4.6,0.066,30,reviewed,us,us
2020-07-01T00:13:12.276Z,31.6568,-104.477,5,2.5,mb_lg,,67,0.023,0.54,us,us7000afif,2020-09-11T22:13:45.040Z,"58 km S of Whites City, New Mexico",earthquake,0.8,1.6,0.089,36,reviewed,us,us
2020-06-30T23:06:21.348Z,32.7425,-103.4615,5,2.7,mb_lg,,75,0.389,0.34,us,us7000afi1,2020-09-05T17:35:38.040Z,"22 km NW of Monument, New Mexico",earthquake,0.9,2,0.072,50,reviewed,us,us
2020-06-29T19:57:11.102Z,32.7475,-103.4439,5,2.7,mb_lg,,76,0.393,0.36,us,us7000aeli,2020-09-05T17:35:34.040Z,"21 km NW of Monument, New Mexico",earthquake,1.7,1.8,0.089,33,reviewed,us,us
2020-06-29T18:01:34.420Z,32.7614,-103.4413,5,2.6,mb_lg,,78,0.406,0.71,us,us7000aeij,2020-09-05T17:35:33.040Z,"22 km SSW of Lovington, New Mexico",earthquake,1.6,1.9,0.117,19,reviewed,us,us
2020-06-29T15:19:38.191Z,32.7535,-103.4493,5,2.9,mb_lg,,77,0.399,0.25,us,us7000aed2,2020-09-05T17:35:33.040Z,"22 km NW of Monument, New Mexico",earthquake,1.1,2,0.059,79,reviewed,us,us
2020-06-29T10:04:52.463Z,32.7731,-103.4484,5,2.7,mb_lg,,79,0.418,0.72,us,us7000ae8f,2020-09-05T17:35:32.040Z,"21 km SSW of Lovington, New Mexico",earthquake,1.7,2,0.086,38,reviewed,us,us
2020-06-29T08:37:18.914Z,32.7578,-103.4623,5,2.8,mb_lg,,76,0.405,0.62,us,us7000ae6h,2020-09-05T17:35:32.040Z,"23 km SSW of Lovington, New Mexico",earthquake,1.2,2,0.147,30,reviewed,us,us
2020-06-28T17:09:25.561Z,32.7531,-103.4612,5,2.8,mb_lg,,76,0.4,0.42,us,us7000adt2,2020-09-05T17:35:30.040Z,"23 km NW of Monument, New Mexico",earthquake,1.5,1,0.061,71,reviewed,us,us
2020-06-28T12:51:49.385Z,32.756,-103.4626,6.37,2.6,mb_lg,,76,0.403,0.51,us,us7000adq9,2020-09-05T17:35:30.040Z,"23 km SSW of Lovington, New Mexico",earthquake,1.6,6.5,0.07,55,reviewed,us,us
2020-06-28T11:13:14.286Z,32.7375,-103.4374,5,2.7,mb_lg,,35,0.382,0.63,us,us7000adnj,2020-09-05T17:35:29.040Z,"20 km NW of Monument, New Mexico",earthquake,2,2,0.068,74,reviewed,us,us
2020-06-28T10:20:21.917Z,32.7653,-103.4448,3.46,2.6,mb_lg,,62,0.41,0.7,us,us7000admj,2020-09-05T17:35:29.040Z,"21 km SSW of Lovington, New Mexico",earthquake,1.8,6.7,0.082,61,reviewed,us,us
2020-06-28T10:10:41.007Z,32.7673,-103.4453,5,2.5,mb_lg,,78,0.412,0.45,us,us7000adm7,2020-09-05T17:35:29.040Z,"21 km SSW of Lovington, New Mexico",earthquake,2,2,0.08,57,reviewed,us,us
2020-06-28T08:19:06.232Z,32.7488,-103.4515,5,2.7,mb_lg,,76,0.395,0.27,us,us7000adjq,2020-09-05T17:35:29.040Z,"22 km NW of Monument, New Mexico",earthquake,0.8,2,0.072,79,reviewed,us,us
2020-06-28T08:14:44.753Z,32.7669,-103.4575,6.77,2.6,mb_lg,,78,0.413,0.6,us,us7000adjl,2020-09-05T17:35:29.040Z,"22 km SSW of Lovington, New Mexico",earthquake,1.5,3.9,0.072,71,reviewed,us,us
2020-06-28T07:26:43.452Z,32.7407,-103.4512,4.47,2.8,mb_lg,,75,0.387,0.43,us,us7000adi2,2020-09-05T17:35:28.040Z,"21 km NW of Monument, New Mexico",earthquake,1.1,4.4,0.058,113,reviewed,us,us
2020-06-28T07:17:03.930Z,32.7443,-103.454,5,2.5,mb_lg,,75,0.391,0.43,us,us7000adhs,2020-09-05T17:35:28.040Z,"22 km NW of Monument, New Mexico",earthquake,1,1.9,0.092,54,reviewed,us,us
2020-06-28T06:09:35.533Z,32.7623,-103.4601,4.84,2.7,mb_lg,,77,0.409,0.66,us,us7000adg0,2020-09-05T17:35:28.040Z,"22 km SSW of Lovington, New Mexico",earthquake,1.6,4.7,0.063,86,reviewed,us,us
2020-06-28T04:33:52.758Z,32.7488,-103.4568,5,2.7,mb_lg,,76,0.395,0.52,us,us7000addx,2020-09-05T17:35:27.040Z,"22 km NW of Monument, New Mexico",earthquake,1.3,2,0.061,91,reviewed,us,us
2020-06-28T02:23:23.971Z,32.748,-103.4622,5,2.8,mb_lg,,75,0.395,0.52,us,us7000adc1,2020-09-05T17:35:27.040Z,"23 km NW of Monument, New Mexico",earthquake,1.5,2,0.058,104,reviewed,us,us
2020-06-26T22:51:33.570Z,31.1246,-103.1524,5,2.8,ml,,42,0.004,0.82,us,us7000acqy,2020-09-05T17:35:24.040Z,"15 km SSW of Coyanosa, Texas",earthquake,1.1,1.4,0.091,20,reviewed,us,us
2020-06-24T12:27:11.724Z,31.6695,-104.3637,5,2.9,ml,,58,0.116,0.55,us,us6000ahs0,2020-09-05T17:35:15.040Z,"56 km S of Whites City, New Mexico",earthquake,0.8,1.7,0.061,54,reviewed,us,us
2020-06-23T08:01:33.401Z,31.5763,-104.1239,5,2.7,ml,,53,0.174,0.69,us,us6000ah27,2020-08-30T00:01:07.040Z,"42 km NW of Toyah, Texas",earthquake,1,1,0.085,62,reviewed,us,us
2020-06-23T06:49:02.246Z,31.6279,-104.3955,5,2.6,ml,,64,0.098,0.46,us,us6000ah1d,2020-08-30T00:01:07.040Z,"60 km S of Whites City, New Mexico",earthquake,1.5,1.8,0.091,58,reviewed,us,us
2020-06-17T03:43:22.510Z,31.6497,-104.3176,5,2.7,ml,,60,0.124,0.69,us,us6000ad91,2020-08-30T00:00:40.040Z,"58 km S of Whites City, New Mexico",earthquake,1.3,1.2,0.05,52,reviewed,us,us
2020-06-12T06:26:54.370Z,31.6047,-104.1929,5,2.6,ml,,56,0.188,0.57,us,us6000aagq,2020-08-22T19:14:46.040Z,"49 km NW of Toyah, Texas",earthquake,1.1,1.7,0.057,40,reviewed,us,us
2020-06-11T07:15:56.301Z,31.5748,-104.1906,5,2.9,ml,,55,0.28,0.44,us,us6000a9rn,2020-08-22T19:14:43.040Z,"47 km NW of Toyah, Texas",earthquake,0.8,1.9,0.044,68,reviewed,us,us
2020-06-10T15:24:23.380Z,32.0361,-102.7072,5,2.5,mb_lg,,43,0.158,0.56,us,us6000a9c3,2020-08-22T19:14:42.040Z,"10 km NW of Goldsmith, Texas",earthquake,1.3,1.8,0.09,32,reviewed,us,us
2020-06-09T22:00:20.872Z,31.6343,-104.2714,5,2.5,ml,,58,0.141,0.87,us,us6000a8yi,2020-08-18T17:59:11.040Z,"57 km NW of Toyah, Texas",earthquake,1.1,1.6,0.069,38,reviewed,us,us
2020-06-06T00:16:27.031Z,32.1174,-102.1941,5,2.6,mb_lg,,36,0.126,0.78,us,us6000a6xz,2020-08-18T17:58:55.040Z,"17 km NW of Midland, Texas",earthquake,1.3,1.8,0.088,59,reviewed,us,us
2020-06-05T23:49:38.307Z,31.5622,-104.2681,5,2.6,ml,,60,0.213,0.83,us,us6000a6xp,2020-08-18T17:58:55.040Z,"52 km WNW of Toyah, Texas",earthquake,2.2,1.9,0.048,56,reviewed,us,us
2020-06-05T02:41:39.504Z,31.0118,-103.6267,5,3.2,ml,,62,0.12,0.32,us,us6000a6b3,2020-08-18T17:58:52.040Z,"western Texas",earthquake,1,1.6,0.062,84,reviewed,us,us
2020-06-01T10:45:36.727Z,31.9743,-102.2884,5,3.2,mb_lg,,37,0.04,0.49,us,us6000a3kf,2020-08-15T20:20:00.040Z,"10 km ESE of Gardendale, Texas",earthquake,1.3,1.9,0.044,135,reviewed,us,us
2020-05-31T13:29:09.089Z,31.6778,-104.4131,5,2.7,ml,,54,0.075,0.42,us,us6000a36f,2020-08-15T20:19:57.040Z,"55 km S of Whites City, New Mexico",earthquake,1.3,1.4,0.06,36,reviewed,us,us
2020-05-26T21:21:53.657Z,31.6772,-104.4222,5,3,ml,,54,0.067,0.75,us,us60009zjr,2020-08-08T18:17:33.040Z,"55 km S of Whites City, New Mexico",earthquake,1.3,1.6,0.069,48,reviewed,us,us
2020-05-26T20:07:48.764Z,31.6854,-104.3454,5,2.8,ml,,51,0.096,0.85,us,us60009zhk,2020-08-08T18:17:33.040Z,"54 km S of Whites City, New Mexico",earthquake,1.2,1.7,0.042,74,reviewed,us,us
2020-05-22T10:48:26.308Z,31.6665,-104.3315,5.73,2.9,ml,,58,0.11,0.41,us,us70009n93,2020-08-08T18:17:49.040Z,"56 km S of Whites City, New Mexico",earthquake,1.3,3,0.074,74,reviewed,us,us
2020-05-22T05:08:18.799Z,31.6799,-104.3982,5,2.7,ml,,53,0.088,0.55,us,us70009n14,2020-08-08T18:17:48.040Z,"55 km S of Whites City, New Mexico",earthquake,0.9,1.7,0.049,54,reviewed,us,us
2020-05-21T20:47:45.493Z,31.6647,-104.3921,5,3,ml,,62,0.092,0.27,us,us70009mse,2020-08-08T18:17:47.040Z,"56 km S of Whites City, New Mexico",earthquake,1.2,1.8,0.047,60,reviewed,us,us
2020-05-21T11:50:18.213Z,31.0854,-103.2207,5,3,ml,,46,0.047,0.6,us,us70009meb,2020-08-08T18:17:46.040Z,"22 km SW of Coyanosa, Texas",earthquake,1.3,2,0.048,57,reviewed,us,us
2020-05-18T13:15:40.737Z,31.2777,-103.3605,6.24,2.5,ml,,27,0.032,0.53,us,us70009jpe,2020-08-02T00:28:48.040Z,"19 km ESE of Lindsay, Texas",earthquake,1,2.2,0.047,60,reviewed,us,us
2020-05-13T20:39:45.714Z,31.7034,-104.0538,5,3,ml,,51,0.222,0.54,us,us70009fl8,2020-08-02T00:32:15.040Z,"43 km W of Mentone, Texas",earthquake,1.1,1.6,0.045,64,reviewed,us,us
2020-05-13T11:52:03.798Z,31.655,-104.3103,5,3.5,mwr,,59,0.119,0.55,us,us70009f9i,2020-08-02T00:32:24.040Z,"58 km S of Whites City, New Mexico",earthquake,1.2,1.7,0.052,35,reviewed,us,us
2020-05-12T17:38:02.818Z,31.6749,-104.392,7.81,2.8,ml,,56,0.093,0.64,us,us70009etd,2020-07-29T22:14:40.040Z,"55 km S of Whites City, New Mexico",earthquake,1.2,2.7,0.044,68,reviewed,us,us
2020-05-11T21:28:29.811Z,31.6581,-104.325,5,3.2,ml,,60,0.117,0.63,us,us70009ecm,2020-07-29T22:14:34.040Z,"57 km S of Whites City, New Mexico",earthquake,1.2,1.7,0.059,72,reviewed,us,us
2020-05-08T22:57:24.386Z,31.6386,-104.3052,5,2.8,mb_lg,,61,0.169,0.59,us,us70009cwa,2020-07-29T22:14:22.040Z,"59 km S of Whites City, New Mexico",earthquake,1.1,1.8,0.089,48,reviewed,us,us
2020-05-07T10:59:38.219Z,31.683,-104.38,5,3.1,ml,,52,0.104,0.44,us,us70009bmu,2020-07-29T22:14:14.040Z,"54 km S of Whites City, New Mexico",earthquake,3.5,1.9,0.049,54,reviewed,us,us
2020-05-06T09:50:12.131Z,31.6568,-104.2395,5,2.6,ml,,56,0.128,0.46,us,us70009ayp,2020-07-29T22:14:09.040Z,"56 km NW of Toyah, Texas",earthquake,1.3,1.8,0.06,54,reviewed,us,us
2020-05-01T06:33:18.765Z,31.6482,-104.2384,5,2.5,ml,,56,0.224,0.43,us,us7000983r,2020-07-18T21:57:08.040Z,"56 km NW of Toyah, Texas",earthquake,0.9,1.9,0.064,50,reviewed,us,us
2020-05-01T05:49:14.775Z,31.6511,-104.3846,5,2.6,ml,,62,0.1,0.48,us,us7000988x,2020-07-18T21:57:08.040Z,"58 km S of Whites City, New Mexico",earthquake,0.8,1.9,0.074,26,reviewed,us,us
2020-05-01T05:46:43.868Z,31.6517,-104.3996,5,2.7,ml,,63,0.087,0.8,us,us70009837,2020-07-18T21:57:07.040Z,"58 km S of Whites City, New Mexico",earthquake,1.8,1.9,0.074,58,reviewed,us,us
2020-04-30T06:27:57.730Z,31.6717,-104.3851,5,2.6,ml,,58,0.098,0.37,us,us700097c5,2020-07-18T21:57:05.040Z,"55 km S of Whites City, New Mexico",earthquake,0.6,1.7,0.06,56,reviewed,us,us
2020-04-30T05:24:04.601Z,31.6637,-104.4016,5,3.3,ml,,63,0.084,0.29,us,us700097bn,2020-07-18T21:57:05.040Z,"56 km S of Whites City, New Mexico",earthquake,0.6,1.6,0.06,64,reviewed,us,us
2020-04-23T04:34:53.105Z,32.0439,-103.765,9.81,2.6,ml,,51,0.179,0.18,us,us60009ab7,2020-07-11T22:18:53.040Z,"35 km SE of Malaga, New Mexico",earthquake,1.2,9.1,0.081,20,reviewed,us,us
2020-04-21T06:29:45.266Z,31.9256,-102.3016,5,3.1,mb_lg,,35,0.085,0.6,us,us700090vx,2020-08-02T15:30:01.801Z,"10 km NE of Odessa, Texas",earthquake,0.8,1.9,0.048,113,reviewed,us,us
2020-04-17T22:11:27.940Z,31.6464,-104.3621,5,2.5,ml,,63,0.12,0.88,us,us70008yy9,2022-08-08T22:00:04.408Z,"58 km S of Whites City, New Mexico",earthquake,1.4,1.8,0.062,62,reviewed,us,us
2020-04-16T13:01:20.491Z,31.6687,-104.3805,5,3.2,ml,,59,0.102,0.45,us,us70008xix,2020-07-09T14:31:12.040Z,"56 km S of Whites City, New Mexico",earthquake,0.9,1.7,0.048,56,reviewed,us,us
2020-04-16T03:58:40.533Z,31.0834,-103.3289,5,3,ml,,50,0.077,0.47,us,us70008xb9,2020-07-09T14:31:10.040Z,"30 km SW of Coyanosa, Texas",earthquake,1.2,1.6,0.039,86,reviewed,us,us
2020-04-14T10:17:39.407Z,31.6982,-104.026,5,3.1,ml,,49,0.21,0.21,us,us70008vyg,2020-06-30T14:03:09.040Z,"40 km W of Mentone, Texas",earthquake,0.7,1.9,0.081,68,reviewed,us,us
2020-04-13T21:54:25.260Z,31.6738,-104.3632,5,2.7,ml,,56,0.113,0.44,us,us70008vpx,2020-06-30T14:03:06.040Z,"55 km S of Whites City, New Mexico",earthquake,1.2,1.7,0.062,70,reviewed,us,us
2020-04-12T05:57:25.883Z,31.6727,-104.3856,5,2.8,ml,,57,0.098,0.34,us,us70008ulj,2020-06-30T14:03:01.040Z,"55 km S of Whites City, New Mexico",earthquake,0.9,1.7,0.06,56,reviewed,us,us
2020-04-12T03:11:51.101Z,31.6631,-104.3782,5,3.4,ml,,62,0.104,0.3,us,us70008uin,2020-06-30T14:03:00.040Z,"56 km S of Whites City, New Mexico",earthquake,1.2,1.8,0.074,72,reviewed,us,us
2020-04-04T18:01:17.899Z,30.8658,-103.4787,5,3.3,ml,,71,0.142,0.59,us,us70008nrc,2020-06-21T00:54:59.040Z,"28 km ESE of Balmorhea, Texas",earthquake,1.6,1.8,0.04,84,reviewed,us,us
2020-04-03T19:57:27.654Z,31.6762,-104.3639,5,2.8,ml,,55,0.111,0.57,us,us70008mz3,2020-06-21T00:54:52.040Z,"55 km S of Whites City, New Mexico",earthquake,1.3,1.7,0.043,72,reviewed,us,us
2020-04-02T13:32:56.025Z,31.3571,-103.5063,5,2.6,ml,,42,0.037,0.69,us,us70008lkn,2020-06-21T00:54:42.040Z,"3 km ESE of Lindsay, Texas",earthquake,0.9,0.5,0.056,42,reviewed,us,us
2020-04-01T14:29:23.340Z,31.6938,-104.4454,8.58,2.9,ml,,43,0.053,0.59,us,us70008kgw,2020-06-21T00:54:32.040Z,"53 km S of Whites City, New Mexico",earthquake,1.5,5.7,0.115,40,reviewed,us,us
2020-03-29T01:27:06.255Z,31.7029,-104.0288,5,3.5,mwr,,49,0.215,0.72,us,us70008i15,2020-06-13T18:44:33.040Z,"40 km W of Mentone, Texas",earthquake,1.4,1.9,0.063,24,reviewed,us,us
2020-03-28T01:22:07.641Z,31.7043,-104.0476,5,3.1,ml,,50,0.227,0.5,us,us70008hmq,2020-06-13T18:44:33.040Z,"42 km W of Mentone, Texas",earthquake,0.9,2,0.081,68,reviewed,us,us
2020-03-27T21:36:20.279Z,31.6969,-104.0642,5.83,3.5,mwr,,50,0.216,0.33,us,us70008hjq,2020-06-13T18:44:33.040Z,"44 km W of Mentone, Texas",earthquake,0.7,4.9,,20,reviewed,us,slm
2020-03-27T19:47:23.320Z,31.6987,-104.0244,5.27,2.7,ml,,49,0.209,0.32,us,us70008hf4,2020-06-13T18:44:33.040Z,"40 km W of Mentone, Texas",earthquake,1,3.4,0.042,76,reviewed,us,us
2020-03-27T09:53:13.819Z,31.709,-104.0574,2,2.7,ml,,49,0.217,0.37,us,us70008h73,2020-06-13T18:44:33.040Z,"43 km W of Mentone, Texas",earthquake,1,0.8,0.071,82,reviewed,us,us
2020-03-26T18:52:26.169Z,31.7012,-104.0307,6.68,3.1,ml,,49,0.215,0.28,us,us70008gnh,2020-06-13T18:44:33.040Z,"40 km W of Mentone, Texas",earthquake,1.3,0.8,0.071,78,reviewed,us,us
2020-03-26T18:29:00.393Z,31.7054,-104.0516,5,3,ml,,49,0.223,0.27,us,us70008gmr,2020-06-13T18:44:33.040Z,"42 km W of Mentone, Texas",earthquake,1,1.4,0.074,66,reviewed,us,us
2020-03-26T16:16:16.853Z,31.718,-104.0339,5,3.2,ml,,49,0.216,0.63,us,us70008giv,2020-06-13T18:44:33.040Z,"41 km W of Mentone, Texas",earthquake,1,1,0.041,80,reviewed,us,us
2020-03-26T15:16:27.940Z,31.7168,-104.0419,9.51,5,mww,,25,0.218,0.64,us,us70008ggn,2025-12-22T18:31:47.684Z,"41 km W of Mentone, Texas",earthquake,2.4,3.3,0.034,81,reviewed,us,us
2020-03-26T08:52:41.840Z,31.7065,-104.0237,5,3.8,mwr,,49,0.214,0.38,us,us70008gas,2020-06-13T18:44:33.040Z,"40 km W of Mentone, Texas",earthquake,1.2,1.7,0.046,45,reviewed,us,us
2020-03-23T23:10:05.034Z,31.0975,-103.3611,5,3,ml,,49,0.097,0.58,us,us70008ev2,2020-06-06T20:54:12.040Z,"32 km WSW of Coyanosa, Texas",earthquake,1,1.5,0.043,70,reviewed,us,us
2020-03-23T09:04:05.139Z,31.0893,-103.3515,5,2.9,ml,,52,0.092,0.45,us,us70008efl,2020-06-06T20:54:10.040Z,"32 km WSW of Coyanosa, Texas",earthquake,0.8,1.7,0.048,56,reviewed,us,us
2020-03-22T06:19:26.082Z,31.983,-102.3043,5,3,mb_lg,,69,0.047,0.35,us,us70008dy6,2020-06-06T20:54:05.040Z,"8 km ESE of Gardendale, Texas",earthquake,1.4,1.6,0.072,67,reviewed,us,us
2020-03-22T01:21:34.251Z,31.6044,-103.9864,5,2.7,ml,,50,0.13,0.27,us,us70008dua,2020-06-06T20:54:04.040Z,"36 km NNW of Toyah, Texas",earthquake,1,1.4,0.081,72,reviewed,us,us
2020-03-21T11:12:55.846Z,31.6532,-104.3079,5,3,ml,,68,0.12,0.2,us,us70008dib,2020-06-06T20:54:02.040Z,"58 km S of Whites City, New Mexico",earthquake,1,1.9,0.088,58,reviewed,us,us
2020-03-20T02:36:59.126Z,31.6544,-104.3097,5,2.6,mb_lg,,67,0.119,0.23,us,us70008cma,2020-06-06T20:53:55.040Z,"58 km S of Whites City, New Mexico",earthquake,0.9,1.7,0.089,37,reviewed,us,us
2020-03-20T02:09:34.820Z,31.615,-103.9505,5,2.6,ml,,47,0.108,0.37,us,us70008cm2,2020-06-06T20:53:55.040Z,"western Texas",earthquake,0.8,1.8,0.057,64,reviewed,us,us
2020-03-19T09:25:46.288Z,31.6581,-104.364,5,2.8,ml,,61,0.117,0.47,us,us70008c1q,2020-09-01T17:08:44.259Z,"57 km S of Whites City, New Mexico",earthquake,1.2,1.5,0.057,40,reviewed,us,us
2020-03-14T01:09:41.544Z,32.877,-100.9283,5,3,mb_lg,,32,0.019,1.06,us,us60008fga,2020-11-15T17:42:15.164Z,"17 km N of Snyder, Texas",earthquake,1.7,1.7,0.048,112,reviewed,us,us
2020-03-13T06:07:33.269Z,31.7484,-103.8129,5,2.7,ml,,40,0.195,0.39,us,us60008eva,2020-05-30T22:17:05.040Z,"20 km WNW of Mentone, Texas",earthquake,1,1.6,0.062,54,reviewed,us,us
2020-03-11T10:17:53.664Z,31.6878,-104.2955,5,2.7,ml,,50,0.086,0.36,us,us60008dl7,2020-05-30T22:17:01.040Z,"54 km S of Whites City, New Mexico",earthquake,1.1,1.8,0.064,44,reviewed,us,us
2020-03-09T08:44:52.033Z,31.9384,-102.3012,3.84,2.6,mb_lg,,39,0.074,0.37,us,us60008cd9,2020-05-23T22:03:30.040Z,"11 km SE of Gardendale, Texas",earthquake,1.3,3.1,0.142,25,reviewed,us,us
2020-03-05T13:10:53.535Z,31.093,-103.2315,5,2.7,ml,,53,0.036,0.68,us,us60008a79,2020-05-23T22:03:30.040Z,"23 km SW of Coyanosa, Texas",earthquake,1,1.3,0.052,48,reviewed,us,us
2020-03-05T09:26:05.322Z,31.076,-103.2618,5,2.5,ml,,53,0.049,0.74,us,us60008a2f,2020-05-23T22:03:30.040Z,"26 km SW of Coyanosa, Texas",earthquake,1.4,1.9,0.055,44,reviewed,us,us
2020-03-02T12:34:29.049Z,31.3386,-103.519,5,2.8,mb_lg,,37,0.07,0.62,us,us600087uk,2020-09-19T01:20:13.059Z,"3 km SSE of Lindsay, Texas",earthquake,0.7,1.7,0.089,54,reviewed,us,us
2020-03-02T11:40:15.288Z,31.933,-102.2971,5,2.5,mb_lg,,36,0.077,0.39,us,us600087ty,2020-05-19T22:14:18.040Z,"11 km NE of Odessa, Texas",earthquake,1.4,1.8,0.082,40,reviewed,us,us
2020-03-02T05:58:18.118Z,31.9357,-102.3086,5,3,mb_lg,,40,0.08,0.44,us,us600087r0,2020-06-01T11:09:55.617Z,"11 km NNE of Odessa, Texas",earthquake,1.2,1.7,0.059,96,reviewed,us,us
2020-02-26T18:11:53.855Z,31.6486,-104.483,7.62,3.4,ml,,75,0.477,0.65,us,us600084r6,2020-05-19T22:13:58.040Z,"59 km S of Whites City, New Mexico",earthquake,1.2,5.2,0.047,60,reviewed,us,us
2020-02-23T05:43:44.067Z,31.6616,-104.3762,5,2.6,ml,,71,0.129,0.3,us,us70007v26,2020-05-09T21:41:13.040Z,"57 km S of Whites City, New Mexico",earthquake,1,1.2,0.101,48,reviewed,us,us
2020-02-20T10:30:13.471Z,31.1926,-103.3549,4.99,2.6,ml,,36,0.073,0.45,us,us70007thh,2020-05-09T21:41:03.040Z,"26 km SE of Lindsay, Texas",earthquake,1.5,4.2,0.052,48,reviewed,us,us
2020-02-20T04:47:42.377Z,32.8791,-100.9266,5,2.6,mb_lg,,36,0.019,0.55,us,us70007tec,2020-05-09T21:41:03.040Z,"17 km N of Snyder, Texas",earthquake,1.3,1.5,0.068,57,reviewed,us,us
2020-02-20T02:37:57.394Z,31.1667,-103.3129,5,2.6,ml,,43,0.042,0.64,us,us70007tcp,2020-05-09T21:41:02.040Z,"25 km WSW of Coyanosa, Texas",earthquake,1,1.7,0.091,60,reviewed,us,us
2020-02-19T20:54:44.840Z,31.9804,-102.3078,6.9,3.3,mb_lg,,75,0.05,0.42,us,us70007t7l,2020-05-09T21:41:01.040Z,"8 km ESE of Gardendale, Texas",earthquake,1.2,3.5,0.045,127,reviewed,us,us
2020-02-18T13:28:06.682Z,31.7299,-104.0257,5,3.9,mwr,,48,0.205,0.66,us,us70007scn,2020-05-02T22:10:20.040Z,"40 km W of Mentone, Texas",earthquake,4.4,1.9,0.061,26,reviewed,us,us
2020-02-18T13:22:35.083Z,31.6689,-104.3732,5,3.2,ml,,70,0.121,0.44,us,us70007scg,2020-05-02T22:10:20.040Z,"56 km S of Whites City, New Mexico",earthquake,1.2,1.8,0.074,62,reviewed,us,us
2020-02-16T17:41:48.964Z,31.6058,-103.9826,5,2.9,ml,,54,0.127,0.14,us,us70007re5,2020-05-02T22:10:00.040Z,"36 km NNW of Toyah, Texas",earthquake,1.1,1.2,0.056,42,reviewed,us,us
2020-02-15T22:37:57.610Z,31.671,-104.3535,5,3.1,ml,,60,0.112,0.54,us,us70007r1l,2020-05-02T22:09:55.040Z,"56 km S of Whites City, New Mexico",earthquake,0.9,1.9,0.06,66,reviewed,us,us
2020-02-15T04:45:39.086Z,31.6697,-104.3897,5,2.5,ml,,72,0.128,0.38,us,us70007qpl,2020-05-02T22:09:51.040Z,"56 km S of Whites City, New Mexico",earthquake,1.1,1.8,0.074,30,reviewed,us,us
2020-02-12T17:18:53.317Z,31.1997,-103.2841,7.69,2.7,ml,,39,0.017,1.11,us,us70007nw9,2020-05-02T22:09:42.040Z,"21 km WSW of Coyanosa, Texas",earthquake,1.4,6.4,0.049,54,reviewed,us,us
2020-02-12T15:26:31.128Z,31.5684,-103.5037,5,2.8,ml,,34,0.14,0.78,us,us70007nu1,2020-05-02T22:09:41.040Z,"15 km NW of Barstow, Texas",earthquake,0.7,1.6,0.115,10,reviewed,us,us
2020-02-11T09:47:52.498Z,31.6052,-104.4564,5,2.5,mb_lg,,72,0.487,0.34,us,us70007n1n,2020-04-25T22:19:21.040Z,"63 km S of Whites City, New Mexico",earthquake,1.3,1.9,0.109,27,reviewed,us,us
2020-02-10T11:20:43.277Z,31.6845,-104.3304,5,2.7,ml,,70,0.355,0.44,us,us70007mhx,2020-04-25T22:19:09.040Z,"54 km S of Whites City, New Mexico",earthquake,1.3,1.2,0.055,44,reviewed,us,us
2020-02-09T07:34:42.661Z,31.6665,-104.385,5,2.5,mb_lg,,72,0.128,0.5,us,us70007lym,2020-04-25T22:18:56.040Z,"56 km S of Whites City, New Mexico",earthquake,1,1.9,0.132,17,reviewed,us,us
2020-02-08T13:22:30.778Z,31.6565,-104.397,4.23,2.6,ml,,63,0.142,0.45,us,us70007li8,2020-04-25T22:18:45.040Z,"western Texas",earthquake,1,3,0.062,34,reviewed,us,us
2020-02-06T14:04:43.084Z,31.658,-104.3234,5,2.6,ml,,60,0.117,0.46,us,us70007jyq,2020-04-25T22:18:11.040Z,"57 km S of Whites City, New Mexico",earthquake,1.1,1.4,0.097,34,reviewed,us,us
2020-02-06T07:32:07.847Z,31.6823,-104.3898,5,2.7,ml,,71,0.118,0.44,us,us70007jqt,2020-04-25T22:18:04.040Z,"54 km S of Whites City, New Mexico",earthquake,1.4,1.8,0.074,42,reviewed,us,us
2020-02-02T10:10:47.214Z,31.65,-104.3224,5,2.7,ml,,67,0.375,0.5,us,us60007mpp,2020-04-18T22:10:15.040Z,"58 km S of Whites City, New Mexico",earthquake,1.2,1.9,0.051,50,reviewed,us,us
2020-02-01T11:52:33.699Z,31.1798,-103.2715,5,2.8,ml,,40,0.007,0.67,us,us60007m3h,2020-04-18T22:10:09.040Z,"20 km WSW of Coyanosa, Texas",earthquake,0.8,1.3,0.066,82,reviewed,us,us
2020-01-31T06:41:16.190Z,31.6723,-104.3842,5,2.7,ml,,72,0.123,0.53,us,us60007l44,2020-04-18T22:10:00.040Z,"55 km S of Whites City, New Mexico",earthquake,1.4,1.8,0.05,52,reviewed,us,us
2020-01-31T06:19:31.203Z,31.6595,-104.38,8.56,2.8,ml,,62,0.132,0.45,us,us60007l3l,2020-04-18T22:10:00.040Z,"57 km S of Whites City, New Mexico",earthquake,2,8.5,0.048,56,reviewed,us,us
2020-01-31T03:29:22.143Z,31.701,-104.025,7.8943,2.7,ml,19,94,0,0.3,tx,tx2020cdiswh,2024-11-19T20:26:33.927Z,"40 km W of Mentone, Texas",earthquake,1.0600968031695,0.97673333986067,0.1,7,reviewed,tx,tx
2020-01-31T03:27:37.381Z,31.7132,-104.0271,5,3.6,mwr,,49,0.221,0.4,us,us60007l03,2020-04-18T22:09:59.040Z,"40 km W of Mentone, Texas",earthquake,0.8,1.5,0.06,27,reviewed,us,us
2020-01-31T03:25:51.533Z,31.7083,-104.0187,5,3.6,mwr,,48,0.213,0.43,us,us60007kzz,2020-04-18T22:09:59.040Z,"39 km W of Mentone, Texas",earthquake,2.6,1.9,0.127,6,reviewed,us,us
2020-01-30T15:58:50.050Z,31.1216,-103.2815,5,3.4,ml,,51,0.204,0.86,us,us60007k4d,2020-04-18T22:09:57.040Z,"western Texas",earthquake,0.9,1.9,0.039,87,reviewed,us,us
2020-01-30T00:04:15.123Z,31.1188,-103.2393,2.57,2.8,mb_lg,,52,0.012,0.38,us,us60007jn0,2020-04-18T22:09:54.040Z,"21 km SW of Coyanosa, Texas",earthquake,2.3,6.7,0.076,56,reviewed,us,us
2020-01-29T08:57:21.899Z,31.6583,-104.3209,5,2.9,ml,,67,0.368,0.32,us,us60007iy0,2020-04-18T22:09:52.040Z,"57 km S of Whites City, New Mexico",earthquake,1.1,1.9,0.051,50,reviewed,us,us
2020-01-25T11:37:07.672Z,31.6404,-104.3174,5,3.1,ml,,67,0.134,0.46,us,us60007fnn,2020-04-11T18:20:49.040Z,"59 km S of Whites City, New Mexico",earthquake,1.2,1.6,0.064,66,reviewed,us,us
2020-01-24T07:20:24.850Z,31.1677,-103.1669,5,2.6,ml,,50,0.281,0.72,us,us60007ei9,2020-04-11T18:20:43.040Z,"12 km SW of Coyanosa, Texas",earthquake,1.2,1.8,0.097,14,reviewed,us,us
2020-01-24T03:14:31.306Z,31.653,-104.3131,5,3,ml,,59,0.121,0.29,us,us60007edu,2020-04-11T18:20:42.040Z,"58 km S of Whites City, New Mexico",earthquake,1.8,1.9,0.071,66,reviewed,us,us
2020-01-23T11:41:33.446Z,31.6566,-104.3228,5,2.9,ml,,67,0.118,0.32,us,us60007dsn,2020-04-11T18:20:40.040Z,"57 km S of Whites City, New Mexico",earthquake,1.1,1.7,0.05,52,reviewed,us,us
2020-01-21T02:29:02.116Z,31.6586,-104.3334,5,2.7,ml,,69,0.118,0.53,us,us60007btp,2020-04-08T19:39:46.040Z,"57 km S of Whites City, New Mexico",earthquake,1.3,1.7,0.069,68,reviewed,us,us
2020-01-20T16:59:01.454Z,31.6477,-104.3179,5,3.2,ml,,67,0.126,0.45,us,us60007beh,2020-04-08T19:39:44.040Z,"58 km S of Whites City, New Mexico",earthquake,1.3,1.7,0.06,68,reviewed,us,us
2020-01-11T19:46:09.838Z,31.9759,-102.3305,4.36,2.5,mb_lg,,42,0.07,0.42,us,us70006yi5,2020-04-02T21:28:17.040Z,"6 km SE of Gardendale, Texas",earthquake,0.7,4.4,0.136,14,reviewed,us,us
2020-01-04T18:23:33.716Z,31.1327,-103.2357,5,2.9,ml,,51,0.015,0.57,us,us70006uqn,2020-03-21T17:13:03.040Z,"20 km SW of Coyanosa, Texas",earthquake,1.3,1.5,0.071,110,reviewed,us,us
2020-01-02T16:03:51.348Z,31.7438,-104.1629,5,2.9,ml,,64,0.22,0.26,us,us70006tll,2020-03-21T17:13:03.040Z,"51 km SSE of Whites City, New Mexico",earthquake,1,1.7,0.091,74,reviewed,us,us
2019-12-30T03:01:14.283Z,32.0402,-103.7668,5,2.5,ml,,33,0.242,0.17,us,us70006sbn,2020-03-14T22:23:20.040Z,"35 km SE of Malaga, New Mexico",earthquake,0.9,1.9,0.105,12,reviewed,us,us
2019-12-29T16:29:20.601Z,31.7491,-104.1652,5,2.8,ml,,51,0.118,0.42,us,us70006s7r,2020-03-14T22:23:28.040Z,"51 km SSE of Whites City, New Mexico",earthquake,0.9,1.8,0.064,66,reviewed,us,us
2019-12-29T06:08:46.844Z,31.6439,-104.3129,5,2.9,mb_lg,,67,0.375,0.29,us,us70006s47,2020-03-14T22:23:39.040Z,"59 km S of Whites City, New Mexico",earthquake,1,1.9,0.079,61,reviewed,us,us
2019-12-28T10:54:42.576Z,31.1461,-103.2453,5,3,mb_lg,,51,0.021,0.55,us,us70006rvb,2020-03-14T22:23:58.040Z,"20 km WSW of Coyanosa, Texas",earthquake,1.5,1.5,0.079,61,reviewed,us,us
2019-12-26T20:39:03.010Z,31.0074,-103.546,4.21,2.6,ml,,69,0.081,0.46,us,us70006rbt,2020-03-14T22:24:23.040Z,"19 km E of Balmorhea, Texas",earthquake,1.5,4.5,0.056,42,reviewed,us,us
2019-12-21T17:06:51.563Z,31.6578,-104.2234,7.44,2.8,ml,,56,0.32,0.4,us,us70006pgj,2020-03-07T17:47:42.040Z,"55 km NW of Toyah, Texas",earthquake,1.7,1.6,0.097,80,reviewed,us,us
2019-12-20T19:00:25.476Z,31.1426,-103.217,5,2.8,ml,,51,0.034,0.78,us,us70006p74,2020-03-07T17:47:39.040Z,"18 km SW of Coyanosa, Texas",earthquake,0.8,1.6,0.085,92,reviewed,us,us
2019-12-20T09:29:09.346Z,31.1513,-103.2357,5,2.5,mb_lg,,51,0.029,0.54,us,us70006nzz,2020-03-07T17:47:37.040Z,"19 km WSW of Coyanosa, Texas",earthquake,1.1,1.1,0.128,18,reviewed,us,us
2019-12-20T04:16:26.544Z,31.9775,-102.3308,5,2.5,mb_lg,,42,0.07,0.37,us,us70006nx0,2020-03-07T17:47:36.040Z,"6 km SE of Gardendale, Texas",earthquake,1.2,1.7,0.111,21,reviewed,us,us
2019-12-17T21:13:13.843Z,31.1401,-103.044,5,2.9,mb_lg,,42,0.079,0.64,us,us60006suh,2020-03-07T17:47:28.040Z,"11 km S of Coyanosa, Texas",earthquake,0.7,1.5,0.117,23,reviewed,us,us
2019-12-17T11:16:58.266Z,31.6189,-104.1943,5,3.8,ml,,55,0.179,0.25,us,us60006sme,2020-03-07T17:47:26.040Z,"50 km NW of Toyah, Texas",earthquake,1.1,1.8,0.062,82,reviewed,us,us
2019-12-10T05:15:01.244Z,30.984,-103.6215,5,3,ml,,72,0.135,0.69,us,us60006pnh,2020-04-07T01:30:57.157Z,"11 km E of Balmorhea, Texas",earthquake,0.6,1.4,0.06,80,reviewed,us,us
2019-12-02T19:07:07.914Z,31.9693,-102.3236,5,2.8,mb_lg,,65,0.067,0.33,us,us70006fbe,2020-02-20T14:15:20.611Z,"7 km SE of Gardendale, Texas",earthquake,0.6,1.5,0.081,40,reviewed,us,us
2019-11-28T12:52:41.831Z,32.0263,-103.7789,9.65,2.7,ml,,37,0.094,0.53,us,us70006e5x,2020-02-19T18:58:17.040Z,"35 km SE of Malaga, New Mexico",earthquake,1.9,8.4,0.097,14,reviewed,us,us
2019-11-25T17:22:46.952Z,31.686,-104.3124,5,3.1,ml,,67,0.088,0.45,us,us70006csf,2020-02-14T22:02:21.040Z,"54 km S of Whites City, New Mexico",earthquake,1.2,1.7,0.061,75,reviewed,us,us
2019-11-22T22:49:08.130Z,31.6464,-104.2019,5,2.9,ml,,62,0.321,0.33,us,us70006bzr,2020-02-14T22:02:13.040Z,"53 km NW of Toyah, Texas",earthquake,1.1,1.8,0.066,70,reviewed,us,us
2019-11-16T18:32:47.358Z,31.6441,-104.3342,5,2.6,ml,,68,0.132,0.84,us,us700068w5,2020-02-07T20:21:48.040Z,"59 km S of Whites City, New Mexico",earthquake,1.3,1.9,0.085,80,reviewed,us,us
2019-11-10T14:24:05.309Z,31.1053,-103.2751,5,2.5,mb_lg,,54,0.027,0.49,us,us600069ze,2020-02-01T23:22:17.040Z,"25 km SW of Coyanosa, Texas",earthquake,0.7,1.4,0.136,20,reviewed,us,us
2019-11-07T07:51:21.430Z,31.6564,-104.3072,5,2.8,mb_lg,,67,0.117,0.45,us,us600068ke,2020-02-01T23:21:47.040Z,"57 km S of Whites City, New Mexico",earthquake,1.3,1.9,0.085,57,reviewed,us,us
2019-11-07T04:04:40.076Z,31.6461,-104.3221,5,3.6,mwr,,60,0.128,0.87,us,us600068iu,2020-02-01T23:21:45.040Z,"58 km S of Whites City, New Mexico",earthquake,1.5,1.9,0.08,15,reviewed,us,us
2019-11-05T21:14:10.954Z,31.0739,-103.2653,2.59,2.5,mb_lg,,53,0.052,0.78,us,us700063my,2020-02-01T23:21:38.040Z,"26 km SW of Coyanosa, Texas",earthquake,0.9,2.7,0.12,24,reviewed,us,us
2019-11-01T23:28:15.382Z,31.646,-104.2812,5,2.5,ml,,66,0.357,0.8,us,us7000626z,2020-01-18T20:00:54.040Z,"59 km NW of Toyah, Texas",earthquake,1.4,1.9,0.071,50,reviewed,us,us
2019-10-28T10:13:39.698Z,31.1189,-103.1187,2,2.6,mb_lg,,52,0.029,0.54,us,us600063we,2020-01-11T21:26:51.040Z,"14 km SSW of Coyanosa, Texas",earthquake,1.1,4.9,0.092,31,reviewed,us,us
2019-10-25T13:35:39.674Z,31.222,-103.5909,5,3,ml,,40,0.152,0.45,us,us600062wa,2020-01-11T21:26:38.040Z,"17 km SSW of Lindsay, Texas",earthquake,1,1.7,0.097,48,reviewed,us,us
2019-10-21T11:58:56.634Z,32.2659,-103.407,5,2.7,mb_lg,,31,0.089,0.42,us,us70005wpi,2020-01-03T16:09:43.040Z,"26 km NW of Jal, New Mexico",earthquake,2.5,1.9,0.117,26,reviewed,us,us
2019-10-20T19:30:37.905Z,31.2232,-103.8071,5,2.8,ml,,71,0.075,0.64,us,us70005wf1,2020-01-03T16:09:40.040Z,"10 km S of Toyah, Texas",earthquake,1.3,2,0.057,40,reviewed,us,us
2019-10-20T15:39:00.456Z,31.2854,-103.5816,5,2.5,mb_lg,,41,0.137,0.39,us,us70005wde,2020-01-03T16:09:39.040Z,"10 km SSW of Lindsay, Texas",earthquake,0.6,1.5,0.147,16,reviewed,us,us
2019-10-20T13:05:41.908Z,31.644,-104.2934,5,2.5,ml,,59,0.455,0.37,us,us70005wc4,2020-01-03T16:09:39.040Z,"59 km S of Whites City, New Mexico",earthquake,1.7,1.9,0.059,38,reviewed,us,us
2019-10-19T12:53:35.321Z,31.6472,-104.3008,5,2.8,mb_lg,,67,0.126,0.31,us,us70005vyy,2020-01-03T16:09:35.040Z,"western Texas",earthquake,0.7,1.7,0.104,33,reviewed,us,us
2019-10-19T12:13:02.621Z,31.6503,-104.2848,5,2.5,ml,,58,0.124,0.4,us,us70005vy8,2020-01-03T16:09:35.040Z,"58 km S of Whites City, New Mexico",earthquake,1.3,1.9,0.115,40,reviewed,us,us
2019-10-13T09:26:32.135Z,31.0729,-103.3317,3.44,2.8,mb_lg,,51,0.085,0.47,us,us70005tuu,2019-12-28T20:45:51.040Z,"31 km SW of Coyanosa, Texas",earthquake,1.1,2.5,0.082,50,reviewed,us,us
2019-10-12T00:30:01.811Z,31.6864,-104.2769,5,2.5,ml,,66,0.089,0.62,us,us70005tkx,2019-12-28T20:45:53.040Z,"55 km S of Whites City, New Mexico",earthquake,1.2,1.2,0.097,54,reviewed,us,us
2019-10-07T02:35:05.362Z,31.693,-104.3129,5,2.8,mb_lg,,67,0.081,0.36,us,us70005rhi,2019-12-27T15:51:02.040Z,"53 km S of Whites City, New Mexico",earthquake,1.1,1.9,0.095,32,reviewed,us,us
2019-10-07T02:31:41.277Z,31.6943,-104.3059,5,2.8,mb_lg,,67,0.079,0.47,us,us70005rhh,2019-12-27T15:51:02.040Z,"53 km S of Whites City, New Mexico",earthquake,1.1,1.9,0.083,42,reviewed,us,us
2019-10-02T17:08:15.784Z,32.9204,-100.8948,5,2.6,mb_lg,,38,0.039,0.46,us,us70005pvs,2019-12-27T15:49:57.040Z,"22 km N of Snyder, Texas",earthquake,1.2,1.7,0.096,28,reviewed,us,us
2019-10-01T11:20:08.757Z,32.9082,-100.8799,5,2.5,mb_lg,,37,0.182,0.46,us,us70005pam,2019-12-27T15:49:39.040Z,"21 km N of Snyder, Texas",earthquake,1.1,2,0.074,47,reviewed,us,us
2019-10-01T07:14:44.211Z,32.8939,-100.8895,5,3.8,mwr,,36,0.034,0.85,us,us70005p8j,2019-12-27T15:49:36.040Z,"19 km N of Snyder, Texas",earthquake,1.9,1.8,0.04,60,reviewed,us,us
2019-09-30T21:47:13.102Z,32.9236,-100.8619,5,4,mwr,,30,0.066,0.99,us,us70005p48,2019-12-20T19:04:08.040Z,"23 km NNE of Snyder, Texas",earthquake,3.4,2,0.037,71,reviewed,us,us
2019-09-25T19:34:15.546Z,31.1793,-103.5902,4.86,2.9,ml,,37,0.115,0.62,us,us70005l9v,2019-12-20T19:02:36.040Z,"21 km SSW of Lindsay, Texas",earthquake,1.2,2.1,0.045,64,reviewed,us,us
2019-09-16T17:14:17.345Z,31.3579,-103.1147,5,2.5,ml,,26,0.056,0.66,us,us70005h5l,2019-12-05T18:31:11.040Z,"13 km NNW of Coyanosa, Texas",earthquake,1,1.9,0.105,12,reviewed,us,us
2019-09-15T02:29:14.995Z,31.0607,-103.2469,5,2.7,ml,,54,0.064,0.49,us,us70005gjv,2019-12-05T18:31:06.040Z,"26 km SW of Coyanosa, Texas",earthquake,1,2,0.081,62,reviewed,us,us
2019-09-06T16:10:47.436Z,31.3531,-103.0896,5,2.8,ml,,45,0.141,0.55,us,us70005cut,2019-11-30T19:37:03.040Z,"12 km N of Coyanosa, Texas",earthquake,0.7,1.8,0.085,18,reviewed,us,us
2019-09-06T15:55:09.119Z,31.3451,-103.0878,5,3.2,ml,,45,0.133,0.56,us,us70005cul,2019-11-30T19:37:03.040Z,"11 km N of Coyanosa, Texas",earthquake,1,1.7,0.091,16,reviewed,us,us
2019-08-31T13:37:57.076Z,31.3514,-103.0888,5,2.8,mb_lg,,25,0.139,0.81,us,us70005ala,2019-11-15T17:20:59.040Z,"12 km N of Coyanosa, Texas",earthquake,0.6,1.7,0.072,61,reviewed,us,us
2019-08-31T13:09:58.787Z,31.3448,-103.0857,4.28,2.5,ml,,25,0.133,0.91,us,us70005al9,2019-11-15T17:20:58.040Z,"11 km N of Coyanosa, Texas",earthquake,1,2.3,0.115,19,reviewed,us,us
2019-08-25T23:00:17.930Z,31.65,-104.3,5,2.9,ml,,66,0.123,0.35,us,us70005840,2022-08-08T15:49:14.538Z,"58 km S of Whites City, New Mexico",earthquake,1.3,1.7,0.047,60,reviewed,us,us
2019-08-25T09:32:06.426Z,31.0993,-103.2717,5,2.9,ml,,133,0.184,0.41,us,us700057yu,2019-11-08T22:13:47.040Z,"25 km SW of Coyanosa, Texas",earthquake,1.2,2,0.085,64,reviewed,us,us
2019-08-23T06:52:37.216Z,31.6508,-104.3169,5,2.7,mb_lg,,59,0.123,0.95,us,us700057ge,2019-11-08T22:13:43.040Z,"58 km S of Whites City, New Mexico",earthquake,1,1.9,0.098,40,reviewed,us,us
2019-08-19T03:10:31.419Z,31.6468,-104.3172,5,2.6,ml,,67,0.127,0.53,us,us600056v5,2019-11-02T15:26:16.040Z,"58 km S of Whites City, New Mexico",earthquake,1.1,1.9,0.066,66,reviewed,us,us
2019-08-18T21:29:10.555Z,31.3877,-103.6607,5,2.6,ml,,42,0.13,0.89,us,us600056t4,2019-11-02T15:26:15.040Z,"11 km W of Lindsay, Texas",earthquake,0.8,1.7,0.091,46,reviewed,us,us
2019-08-16T09:35:19.579Z,31.6606,-104.2985,5,2.8,ml,,66,0.113,0.63,us,us600055v0,2019-11-02T15:26:09.040Z,"57 km S of Whites City, New Mexico",earthquake,1.4,1.9,0.081,48,reviewed,us,us
2019-08-15T01:57:22.930Z,31.6457,-104.3163,11.93,2.6,ml,,68,0.128,0.59,us,us60005593,2019-11-02T15:26:06.040Z,"59 km S of Whites City, New Mexico",earthquake,0.9,7.2,0.115,50,reviewed,us,us
2019-08-13T13:02:06.058Z,31.6858,-104.3045,5,2.7,ml,,69,0.088,0.38,us,us600054he,2019-11-02T15:26:04.040Z,"54 km S of Whites City, New Mexico",earthquake,1.1,1.8,0.052,48,reviewed,us,us
2019-08-11T21:55:56.646Z,31.6695,-104.3039,5,2.7,ml,,67,0.35,0.94,us,us600053t8,2019-10-29T20:34:01.040Z,"56 km S of Whites City, New Mexico",earthquake,0.8,1.9,0.059,38,reviewed,us,us
2019-08-03T03:05:08.932Z,31.1531,-103.243,5,3.1,ml,,51,0.029,0.49,us,us6000501m,2019-10-19T21:42:06.040Z,"19 km WSW of Coyanosa, Texas",earthquake,1.6,2,0.077,84,reviewed,us,us
2019-07-31T01:14:17.437Z,31.3251,-103.0739,5,3.3,mwr,,25,0.031,0.54,us,us60004xq1,2020-05-05T18:01:43.804Z,"9 km N of Coyanosa, Texas",earthquake,1,1.8,,18,reviewed,us,slm
2019-07-27T16:41:52.819Z,32.9405,-100.8754,5,2.5,mb_lg,,38,0.057,0.85,us,us60004wii,2019-10-11T20:12:41.040Z,"25 km N of Snyder, Texas",earthquake,1.2,1.6,0.089,59,reviewed,us,us
2019-07-27T00:35:04.910Z,32.9502,-100.9006,5,2.8,mb_lg,,38,0.042,0.93,us,us60004wal,2019-10-11T20:12:38.040Z,"25 km N of Snyder, Texas",earthquake,1.6,1.6,0.059,75,reviewed,us,us
2019-07-23T10:42:57.234Z,31.6896,-104.3116,5,2.6,ml,,67,0.084,0.49,us,us70004r4j,2019-10-11T20:12:23.040Z,"54 km S of Whites City, New Mexico",earthquake,1,1.9,0.115,44,reviewed,us,us
2019-07-22T10:44:16.990Z,31.6481,-104.3206,5,2.7,mb_lg,,67,0.126,0.42,us,us70004qf5,2019-10-04T16:37:37.040Z,"58 km S of Whites City, New Mexico",earthquake,0.9,1.7,0.075,62,reviewed,us,us
2019-07-22T00:38:51.158Z,31.3245,-103.0739,5,2.6,ml,,43,0.03,0.61,us,us70004qa0,2019-10-04T16:37:35.040Z,"9 km N of Coyanosa, Texas",earthquake,1.2,1.6,0.091,16,reviewed,us,us
2019-07-21T09:06:13.807Z,31.1722,-103.2628,5,2.6,ml,,54,0.257,0.52,us,us70004pzs,2019-10-04T16:37:30.040Z,"20 km WSW of Coyanosa, Texas",earthquake,1.1,1.9,0.053,46,reviewed,us,us
2019-07-18T19:23:41.196Z,31.1953,-103.4751,5,2.6,mb_lg,,63,0.303,0.48,us,us70004nd9,2019-10-04T16:37:16.040Z,"20 km SSE of Lindsay, Texas",earthquake,1.8,1.9,0.161,10,reviewed,us,us
2019-07-18T05:35:04.004Z,31.2823,-103.3695,5,2.9,ml,,27,0.128,0.58,us,us70004mw3,2019-10-04T16:37:13.040Z,"18 km ESE of Lindsay, Texas",earthquake,0.6,1.8,0.07,63,reviewed,us,us
2019-06-30T21:03:45.789Z,32.9038,-100.8908,3.63,2.6,ml,,36,0.025,0.46,us,us700047s6,2019-09-14T16:08:24.040Z,"20 km N of Snyder, Texas",earthquake,1.4,2,0.115,10,reviewed,us,us
2019-06-28T04:20:11.399Z,31.6402,-104.2811,5,2.7,mb_lg,,58,0.361,0.54,us,us700046dz,2019-09-14T16:08:15.040Z,"58 km NW of Toyah, Texas",earthquake,3.4,2,0.085,61,reviewed,us,us
2019-06-17T09:28:38.003Z,31.183,-103.3544,5,2.7,mb_lg,,37,0.073,0.43,us,us600041nu,2019-09-06T14:25:16.040Z,"27 km SE of Lindsay, Texas",earthquake,1.1,1.7,0.072,66,reviewed,us,us
2019-06-15T17:23:21.435Z,31.9809,-102.3064,5,2.7,mb_lg,,43,0.248,0.49,us,us60004162,2019-12-03T00:19:29.279Z,"8 km ESE of Gardendale, Texas",earthquake,1.6,1.9,0.106,38,reviewed,us,us
2019-06-07T02:26:59.698Z,31.6393,-104.3258,5,2.6,mb_lg,,60,0.136,0.48,us,us70003wjp,2019-08-27T17:47:44.040Z,"59 km S of Whites City, New Mexico",earthquake,2.3,1.9,0.106,34,reviewed,us,us
2019-05-29T03:45:55.235Z,31.6735,-104.3445,5,2.5,ml,,70,0.106,0.74,us,us60003tgb,2019-08-24T21:17:30.040Z,"55 km S of Whites City, New Mexico",earthquake,1.5,1.9,0.074,24,reviewed,us,us
2019-05-18T16:29:59.786Z,31.6603,-104.3219,5,2.6,mb_lg,,69,0.367,0.2,us,us70003n1e,2019-08-07T22:03:49.040Z,"57 km S of Whites City, New Mexico",earthquake,1.1,1.9,0.102,37,reviewed,us,us
2019-05-12T02:48:07.213Z,31.1178,-103.2116,5,2.9,ml,,52,0.22,0.35,us,us70003jxk,2019-08-01T17:15:12.040Z,"19 km SW of Coyanosa, Texas",earthquake,1.7,2,0.097,64,reviewed,us,us
2019-05-09T18:16:52.764Z,31.6579,-104.3494,5,2.6,mb_lg,,70,0.385,0.2,us,us70003iz7,2019-08-01T17:15:07.040Z,"57 km S of Whites City, New Mexico",earthquake,1.8,1.9,0.092,42,reviewed,us,us
2019-05-09T16:19:27.312Z,31.1491,-103.2776,4.96,2.7,ml,,55,0.232,0.54,us,us70003ivq,2019-08-01T17:15:07.040Z,"22 km WSW of Coyanosa, Texas",earthquake,1.4,3.5,0.097,80,reviewed,us,us
2019-05-07T20:27:17.274Z,32.8643,-100.9152,2.03,2.9,mb_lg,,36,0.029,0.46,us,us70003i1i,2019-08-01T17:15:04.040Z,"16 km N of Snyder, Texas",earthquake,1.5,6.5,0.052,95,reviewed,us,us
2019-05-04T17:23:47.154Z,31.655,-104.2932,5,2.8,ml,,67,0.356,0.44,us,us70003gps,2019-07-25T18:54:16.040Z,"58 km S of Whites City, New Mexico",earthquake,1.3,1.9,0.074,85,reviewed,us,us
2019-05-03T23:40:06.919Z,31.1092,-103.2475,5.29,3,ml,,54,0.2,0.44,us,us70003ght,2019-07-25T18:54:14.040Z,"22 km SW of Coyanosa, Texas",earthquake,1.1,3.5,0.071,86,reviewed,us,us
2019-04-30T06:53:20.310Z,32.1547,-102.6226,1.01,2.9,ml,,46,0.071,0.25,us,us70003egd,2019-07-25T18:54:01.040Z,"18 km SSW of McKinney Acres, Texas",earthquake,1.3,0.5,0.085,18,reviewed,us,us
2019-04-27T17:40:45.442Z,31.2855,-103.4097,4.53,2.7,mb_lg,,58,0.371,0.5,us,us70003d1f,2019-07-13T18:42:44.040Z,"15 km SE of Lindsay, Texas",earthquake,0.7,5,0.088,39,reviewed,us,us
2019-04-08T08:20:39.647Z,31.1849,-103.2911,1.85,2.6,ml,,55,0.265,0.65,us,us2000kc70,2019-06-18T15:50:52.040Z,"22 km WSW of Coyanosa, Texas",earthquake,0.9,4.4,0.097,62,reviewed,us,us
2019-04-04T23:57:41.309Z,31.1998,-103.3443,5.91,2.6,mb_lg,,37,0.065,0.65,us,us2000kajq,2019-06-18T15:50:22.040Z,"26 km SE of Lindsay, Texas",earthquake,1.3,1.6,0.12,23,reviewed,us,us
2019-03-26T05:44:40.337Z,31.1433,-103.4758,5,2.5,ml,,36,0.067,0.48,us,us1000jlmm,2019-06-08T20:51:13.040Z,"25 km SSE of Lindsay, Texas",earthquake,1,0.7,0.067,29,reviewed,us,us
2019-03-24T01:03:09.440Z,31.6262,-104.391,5,2.9,mb_lg,,64,0.433,0.55,us,us1000jkut,2019-06-06T18:54:21.040Z,"western Texas",earthquake,1.8,1.9,0.086,47,reviewed,us,us
2019-03-23T14:04:59.515Z,31.1591,-103.4766,5,2.6,mb_lg,,34,0.081,0.46,us,us1000jkpm,2019-06-06T18:54:19.040Z,"24 km SSE of Lindsay, Texas",earthquake,1.1,1.5,0.104,28,reviewed,us,us
2019-03-22T12:44:38.903Z,31.6566,-104.3401,6.16,3,ml,,68,0.381,0.51,us,us1000jk8t,2019-06-06T18:54:14.040Z,"57 km S of Whites City, New Mexico",earthquake,0.8,5.3,0.069,50,reviewed,us,us
2019-03-21T16:16:23.182Z,31.6625,-104.3569,5,3,ml,,61,0.386,0.53,us,us1000jju7,2019-06-06T18:54:11.040Z,"56 km S of Whites City, New Mexico",earthquake,0.7,1.9,0.097,86,reviewed,us,us
2019-03-21T10:53:16.022Z,31.1035,-103.2471,5,3.1,ml,,52,0.021,0.46,us,us1000jjpx,2019-06-06T18:54:10.040Z,"23 km SW of Coyanosa, Texas",earthquake,1.2,1.7,0.097,62,reviewed,us,us
2019-03-20T20:22:46.031Z,31.0967,-103.2443,5,3.1,mb_lg,,53,0.029,0.62,us,us1000jjh5,2019-06-06T18:54:07.040Z,"23 km SW of Coyanosa, Texas",earthquake,1.2,2,0.07,69,reviewed,us,us
2019-03-19T11:30:09.473Z,31.1016,-103.2515,5,2.8,ml,,54,0.191,0.31,us,us1000jigx,2019-06-06T18:54:02.040Z,"23 km SW of Coyanosa, Texas",earthquake,0.8,1.8,0.091,56,reviewed,us,us
2019-03-06T09:43:04.102Z,31.3036,-103.6128,6.05,2.5,ml,,45,0.123,0.57,us,us1000jb6t,2019-05-24T21:21:08.040Z,"10 km SW of Lindsay, Texas",earthquake,1.3,4,0.105,58,reviewed,us,us
2019-03-04T09:11:00.500Z,31.1132,-103.2555,5,2.5,mb_lg,,54,0.201,0.37,us,us1000jaam,2019-05-14T18:36:20.040Z,"23 km SW of Coyanosa, Texas",earthquake,1.6,1.6,0.142,13,reviewed,us,us
2019-02-20T22:32:00.280Z,31.6514,-104.2071,5,2.8,ml,,69,0.319,0.31,us,us2000jkvr,2019-05-11T17:40:42.040Z,"54 km NW of Toyah, Texas",earthquake,1.3,1.4,0.091,18,reviewed,us,us
2019-02-20T11:51:00.520Z,31.6494,-104.3558,5,3.2,ml,,131,0.395,0.17,us,us2000jklt,2019-05-11T17:40:42.040Z,"58 km S of Whites City, New Mexico",earthquake,1.5,1.8,0.062,34,reviewed,us,us
2019-02-16T14:59:42.963Z,31.3553,-103.4747,5,2.5,ml,,59,0.335,0.63,us,us2000jivj,2019-05-01T22:00:52.040Z,"6 km ESE of Lindsay, Texas",earthquake,1.6,1.9,0.094,38,reviewed,us,us
2019-02-16T13:58:58.810Z,31.6567,-104.3298,5,3,ml,,68,0.375,0.26,us,us2000jiv9,2019-05-01T22:00:52.040Z,"57 km S of Whites City, New Mexico",earthquake,2.3,1.9,0.081,20,reviewed,us,us
2019-02-08T12:38:56.130Z,32.0045,-102.3197,9.98,2.5,mb_lg,,39,0.226,0.66,us,us2000jfl6,2019-04-25T15:31:55.040Z,"5 km ESE of Gardendale, Texas",earthquake,2.2,8.2,0.132,15,reviewed,us,us
2019-02-07T17:05:03.090Z,31.2081,-103.2314,5,2.8,ml,,52,0.298,0.99,us,us2000jety,2019-04-25T15:31:51.040Z,"16 km WSW of Coyanosa, Texas",earthquake,4.2,2,0.091,16,reviewed,us,us
2019-02-07T07:08:53.530Z,31.6514,-104.373,5,2.9,mb_lg,,63,0.404,0.63,us,us2000jemn,2019-04-25T15:31:49.040Z,"58 km S of Whites City, New Mexico",earthquake,2.1,2,0.08,50,reviewed,us,us
2019-02-02T11:07:44.240Z,31.414,-103.4706,2.44,2.6,ml,,57,0.317,0.51,us,us2000jccv,2019-04-18T19:09:32.040Z,"2 km ESE of Pecos, Texas",earthquake,4.7,4.5,0.051,48,reviewed,us,us
2019-01-29T12:32:22.230Z,31.3272,-103.4848,5.05,2.6,mb_lg,,60,0.329,0.56,us,us2000ja1e,2019-04-18T19:09:24.040Z,"western Texas",earthquake,1.7,5.4,0.114,24,reviewed,us,us
2019-01-25T12:05:47.690Z,31.1153,-103.7391,5.23,2.6,ml,,78,0.277,0.56,us,us2000j8r5,2019-04-12T17:14:59.040Z,"14 km N of Balmorhea, Texas",earthquake,0.9,2.6,0.128,16,reviewed,us,us
2019-01-24T14:04:39.470Z,31.6629,-104.3344,5,2.6,ml,,75,0.373,0.32,us,us2000j892,2019-04-12T17:14:37.040Z,"56 km S of Whites City, New Mexico",earthquake,2,1.8,0.097,14,reviewed,us,us
2019-01-20T15:40:31.650Z,31.3163,-103.4508,5,2.7,ml,,93,0.36,0.37,us,us2000j6mp,2019-04-05T21:41:01.040Z,"10 km SE of Lindsay, Texas",earthquake,2.7,1.3,0.053,46,reviewed,us,us
2019-01-18T10:20:28.290Z,32.909,-100.8893,5,2.8,ml,,46,0.03,0.67,us,us2000j5p3,2019-04-05T21:41:00.040Z,"21 km N of Snyder, Texas",earthquake,4.8,2,0.077,48,reviewed,us,us
2019-01-07T02:45:20.230Z,31.1653,-103.2513,5,2.5,mb_lg,,53,0.252,0.74,us,us2000j0ym,2019-03-08T17:50:18.040Z,"19 km WSW of Coyanosa, Texas",earthquake,1.1,1.8,0.124,19,reviewed,us,us
2019-01-03T06:09:09.260Z,31.6514,-104.2926,5,2.7,ml,,53,0.358,0.7,us,us2000j006,2022-08-08T11:10:04.080Z,"58 km S of Whites City, New Mexico",earthquake,1.8,2,0.097,20,reviewed,us,us
2018-12-26T04:23:59.290Z,32.9543,-100.9086,1.15,3.3,ml,,57,0.078,0.38,us,us2000ixly,2019-03-05T17:46:34.040Z,"26 km N of Snyder, Texas",earthquake,1.8,8.2,0.148,6,reviewed,us,us
2018-12-22T10:58:03.550Z,31.156,-103.259,5,3.4,mwr,,54,0.242,0.59,us,us2000iw9m,2019-02-23T20:22:26.040Z,"20 km WSW of Coyanosa, Texas",earthquake,1.8,1.9,0.098,10,reviewed,us,us
2018-12-21T18:47:45.290Z,31.2308,-103.3811,5,2.7,ml,,58,0.313,0.42,us,us2000iw0w,2019-02-23T20:22:12.040Z,"21 km SE of Lindsay, Texas",earthquake,3.4,1.6,0.077,60,reviewed,us,us
2018-12-11T15:45:07.900Z,31.0848,-103.3199,1.28,2.5,mb_lg,,67,0.164,0.54,us,us2000isiz,2019-02-16T22:29:04.040Z,"29 km SW of Coyanosa, Texas",earthquake,2.4,2.8,0.132,15,reviewed,us,us
2018-11-25T10:32:11.210Z,31.2288,-103.3251,3.05,2.5,mb_lg,,56,0.307,0.79,us,us1000hwcb,2019-02-02T20:02:30.040Z,"24 km W of Coyanosa, Texas",earthquake,5.4,6.1,0.142,13,reviewed,us,us
2018-11-23T14:43:09.270Z,31.0586,-103.3193,5,3.1,mb_lg,,58,0.138,0.72,us,us1000hvsq,2019-02-02T20:02:29.040Z,"31 km SW of Coyanosa, Texas",earthquake,1.4,1.8,0.089,41,reviewed,us,us
2018-11-02T03:56:20.310Z,30.957,-103.4725,7.27,3.1,ml,,69,0.132,0.45,us,us2000i5r8,2019-01-21T14:29:43.040Z,"26 km E of Balmorhea, Texas",earthquake,1.7,1,0.059,38,reviewed,us,us
2018-10-31T23:50:49.970Z,32.8871,-100.9162,5,3,mb_lg,,39,0.017,1.03,us,us2000i503,2019-01-21T14:29:41.040Z,"18 km N of Snyder, Texas",earthquake,2.4,2,0.055,106,reviewed,us,us
2018-10-28T14:21:14.740Z,32.9043,-100.9065,4.87,3.1,mb_lg,,52,0.031,0.43,us,us1000hi86,2019-01-10T17:18:41.040Z,"20 km N of Snyder, Texas",earthquake,2.9,6.2,0.061,71,reviewed,us,us
2018-10-27T07:49:10.980Z,31.0968,-103.1135,5,2.9,ml,,53,0.253,0.79,us,us1000hhwu,2019-01-10T17:18:39.040Z,"16 km SSW of Coyanosa, Texas",earthquake,4.1,1.8,0.06,64,reviewed,us,us
2018-10-26T19:31:21.050Z,31.3372,-103.4886,5,2.9,ml,,60,0.325,0.47,us,us1000hhpk,2019-01-10T17:18:39.040Z,"5 km SE of Lindsay, Texas",earthquake,1.1,1.9,0.073,72,reviewed,us,us
2018-10-20T13:04:29.620Z,35.3091,-101.7607,5,3.7,mwr,,54,0.429,0.71,us,us1000heyv,2020-03-20T02:24:07.787Z,"11 km NNE of Amarillo, Texas",earthquake,3.4,1.9,,24,reviewed,us,slm
2018-10-16T06:48:26.410Z,31.0635,-103.2166,1.88,2.7,mb_lg,,54,0.17,0.55,us,us1000hcrk,2018-12-21T22:27:01.040Z,"24 km SW of Coyanosa, Texas",earthquake,1.4,4.3,0.104,34,reviewed,us,us
2018-10-07T06:14:18.720Z,31.1823,-103.2924,5,2.9,ml,,55,0.263,0.94,us,us1000h8cj,2018-12-14T20:32:43.040Z,"22 km WSW of Coyanosa, Texas",earthquake,1.9,1.2,0.081,50,reviewed,us,us
2018-09-16T22:31:03.610Z,31.3166,-103.0986,2.03,2.6,mb_lg,,46,0.289,0.4,us,us2000hflc,2018-11-21T18:19:13.040Z,"8 km NNW of Coyanosa, Texas",earthquake,1.3,6.7,0.114,20,reviewed,us,us
2018-09-16T16:56:32.930Z,32.8688,-100.9073,5,2.8,mb_lg,,40,0.021,0.21,us,us2000hfht,2018-11-21T18:19:13.040Z,"16 km N of Snyder, Texas",earthquake,3.2,2,0.074,72,reviewed,us,us
2018-09-14T08:30:47.240Z,31.34,-103.4947,2.31,2.6,mb_lg,,60,0.319,0.33,us,us2000hejd,2018-11-21T18:19:11.040Z,"5 km SE of Lindsay, Texas",earthquake,3.4,6.2,0.114,26,reviewed,us,us
2018-09-03T23:50:18.380Z,31.1244,-103.2168,5,2.6,mb_lg,,52,0.223,0.32,us,us2000h7eg,2018-11-09T21:54:18.040Z,"19 km SW of Coyanosa, Texas",earthquake,1.1,1.8,0.161,11,reviewed,us,us
2018-09-03T23:48:18.460Z,31.1359,-103.2309,5,2.9,mb_lg,,53,0.229,0.36,us,us2000h7ef,2018-11-09T21:54:18.040Z,"19 km SW of Coyanosa, Texas",earthquake,1.4,1.8,0.295,4,reviewed,us,us
2018-09-03T23:46:49.930Z,31.1396,-103.2517,5,3,mb_lg,,53,0.227,0.64,us,us2000h7e7,2018-11-09T21:54:17.040Z,"21 km WSW of Coyanosa, Texas",earthquake,1.2,1.8,0.07,67,reviewed,us,us
2018-08-07T10:02:04.670Z,32.9493,-100.9012,2.22,2.5,mb_lg,,33,0.072,0.58,us,us1000g4pv,2018-10-17T18:11:57.040Z,"25 km N of Snyder, Texas",earthquake,2.2,7.5,0.069,76,reviewed,us,us
2018-08-05T20:17:39.720Z,32.8811,-100.9044,5,2.9,ml,,49,0.017,0.68,us,us1000g3x2,2018-10-16T15:34:16.040Z,"18 km N of Snyder, Texas",earthquake,3.5,2,0.148,6,reviewed,us,us
2018-08-04T14:52:43.310Z,30.9438,-103.4988,5,2.7,mb_lg,,71,0.151,0.6,us,us1000g3gs,2018-10-16T15:34:16.040Z,"23 km E of Balmorhea, Texas",earthquake,2.8,1.7,0.088,39,reviewed,us,us
2018-08-03T12:09:52.080Z,30.9845,-103.483,5,2.5,ml,,69,0.15,0.56,us,us1000g2ih,2022-08-08T06:48:40.856Z,"24 km E of Balmorhea, Texas",earthquake,1.8,2,0.115,28,reviewed,us,us
2018-08-02T01:24:12.840Z,31.6675,-104.4311,5,2.6,ml,,79,0.43,1.07,us,us1000g1h4,2018-10-16T15:34:16.040Z,"56 km S of Whites City, New Mexico",earthquake,2.9,1.9,0.128,32,reviewed,us,us
2018-07-23T13:41:32.760Z,31.2993,-103.4021,3.8,2.6,ml,,57,0.38,0.35,us,us2000gbsp,2018-10-09T16:43:32.040Z,"15 km ESE of Lindsay, Texas",earthquake,1.7,1.6,0.074,36,reviewed,us,us
2018-07-20T11:38:45.900Z,30.923,-103.466,5,2.5,ml,,69,0.121,0.99,us,us2000g9ni,2018-10-04T14:15:35.040Z,"27 km ESE of Balmorhea, Texas",earthquake,0.9,1.9,0.148,24,reviewed,us,us
2018-07-19T16:38:20.030Z,30.9518,-103.4656,7.91,2.5,ml,,69,0.125,0.41,us,us2000g8yq,2018-10-04T14:15:35.040Z,"26 km E of Balmorhea, Texas",earthquake,1.4,1.2,0.115,26,reviewed,us,us
2018-07-14T23:48:37.820Z,31.6928,-104.5025,5,2.6,ml,,62,0.466,0.67,us,us2000g596,2018-10-02T16:40:41.040Z,"54 km SSW of Whites City, New Mexico",earthquake,3.6,2,0.091,24,reviewed,us,us
2018-07-13T21:00:06.490Z,31.2377,-103.5585,2.67,3,ml,,66,0.295,0.39,us,us2000g4kt,2018-10-02T16:40:40.040Z,"14 km S of Lindsay, Texas",earthquake,3.1,6.5,0.091,66,reviewed,us,us
2018-07-13T10:45:22.330Z,31.3707,-103.4763,2.86,2.7,ml,,58,0.334,0.8,us,us2000g3w6,2018-10-02T16:40:37.040Z,"5 km E of Lindsay, Texas",earthquake,1.8,5.3,0.048,58,reviewed,us,us
2018-07-13T09:33:20.630Z,31.3834,-103.503,5,2.9,ml,,59,0.311,0.63,us,us2000g3uf,2018-10-02T16:40:37.040Z,"3 km ENE of Lindsay, Texas",earthquake,2,1.1,0.046,62,reviewed,us,us
2018-07-09T02:53:46.410Z,31.6852,-104.492,5,2.9,ml,,68,0.462,0.24,us,us2000g01a,2018-10-02T16:40:30.040Z,"55 km SSW of Whites City, New Mexico",earthquake,1.3,1.9,0.074,60,reviewed,us,us
2018-06-29T15:53:49.910Z,31.6637,-104.4899,5,2.9,ml,,67,0.607,0.38,us,us2000frfq,2018-09-21T16:25:59.040Z,"57 km S of Whites City, New Mexico",earthquake,1.7,1.9,0.105,22,reviewed,us,us
2018-06-28T23:37:30.120Z,31.1924,-103.3209,5,2.7,mb_lg,,56,0.271,1.07,us,us2000fqqz,2018-09-21T16:25:59.040Z,"25 km WSW of Coyanosa, Texas",earthquake,1,1.8,0.089,41,reviewed,us,us
2018-06-28T06:51:40.790Z,31.4449,-103.5143,5,2.8,ml,,57,0.31,0.58,us,us2000fpxp,2018-09-21T16:25:59.040Z,"3 km NW of Pecos, Texas",earthquake,4.2,2,0.091,60,reviewed,us,us
2018-06-28T03:42:12.070Z,31.432,-103.4706,7.06,2.5,ml,,56,0.304,0.59,us,us2000fptx,2018-09-21T16:25:59.040Z,"2 km ENE of Pecos, Texas",earthquake,6.7,3.5,0.115,52,reviewed,us,us
2018-06-15T05:22:30.820Z,32.8872,-100.9806,5,2.5,mb_lg,,57,0.081,0.81,us,us1000es0m,2018-09-07T17:47:04.040Z,"19 km NNW of Snyder, Texas",earthquake,2.2,1.7,0.078,43,reviewed,us,us
2018-06-04T02:41:06.580Z,31.159,-103.2503,5,2.7,mb_lg,,71,0.246,0.34,us,us1000eibw,2018-08-29T16:33:28.040Z,"19 km WSW of Coyanosa, Texas",earthquake,1.4,1.9,0.096,35,reviewed,us,us
2018-06-03T10:57:20.490Z,31.1606,-103.2473,3.61,3.1,ml,,71,0.249,0.43,us,us1000ehtw,2018-08-28T16:30:47.040Z,"19 km WSW of Coyanosa, Texas",earthquake,3.1,5.6,0.07,68,reviewed,us,us
2018-06-03T07:44:31.540Z,31.1197,-103.2372,6.77,3.1,ml,,53,0.212,0.57,us,us1000ehr0,2018-08-28T16:30:40.040Z,"21 km SW of Coyanosa, Texas",earthquake,1.9,6.2,0.115,62,reviewed,us,us
2018-05-28T20:15:46.000Z,31.1319,-103.2235,5,3,ml,,67,0.228,0.34,us,us1000edj5,2018-08-28T16:27:55.040Z,"19 km SW of Coyanosa, Texas",earthquake,1.3,1.8,0.085,70,reviewed,us,us
2018-05-25T22:34:30.580Z,31.632,-104.0002,5,2.7,ml,,95,0.284,0.91,us,us1000ecgq,2018-08-21T21:23:52.040Z,"38 km WSW of Mentone, Texas",earthquake,1.7,2,0.077,22,reviewed,us,us
2018-05-14T01:17:45.320Z,31.2661,-103.7265,5,2.8,mb_lg,,68,0.159,0.21,us,us1000e4ep,2018-08-15T19:46:49.040Z,"8 km SE of Toyah, Texas",earthquake,1.5,1.9,0.098,41,reviewed,us,us
2018-05-13T07:45:24.190Z,31.269,-103.7065,5,2.8,ml,,103,0.17,0.54,us,us1000e40s,2018-08-08T15:21:32.040Z,"9 km ESE of Toyah, Texas",earthquake,1.6,1.9,0.081,20,reviewed,us,us
2018-05-12T21:04:24.860Z,31.2926,-103.7133,5,2.9,ml,,67,0.152,0.69,us,us1000e3sw,2018-08-08T15:21:17.040Z,"8 km ESE of Toyah, Texas",earthquake,2.7,1.9,0.085,56,reviewed,us,us
2018-05-03T11:20:29.040Z,31.317,-103.0805,1.98,2.6,mb_lg,,66,0.274,0.33,us,us1000dwlm,2018-07-27T20:20:38.040Z,"8 km N of Coyanosa, Texas",earthquake,1.6,6.9,0.102,33,reviewed,us,us
2018-04-29T08:28:30.350Z,32.9542,-100.8944,5,2.8,ml,,59,0.076,0.41,us,us1000du7z,2018-07-25T21:37:56.040Z,"26 km N of Snyder, Texas",earthquake,1.5,1.8,0.148,6,reviewed,us,us
2018-04-09T02:37:45.740Z,30.7584,-103.6691,5,2.7,ml,,118,0.337,0.69,us,us2000dwqe,2018-07-07T02:25:14.040Z,"26 km SSE of Balmorhea, Texas",earthquake,1.8,1.9,0.128,20,reviewed,us,us
2018-04-07T20:05:21.890Z,30.7477,-103.6431,5,2.6,ml,,91,0.323,0.43,us,us2000dw58,2018-06-30T01:11:33.040Z,"27 km SSE of Balmorhea, Texas",earthquake,1.6,1.8,0.105,16,reviewed,us,us
2018-03-29T03:31:21.460Z,31.2622,-103.4706,5,2.9,ml,,61,0.356,0.58,us,us1000dalg,2018-06-22T21:32:13.040Z,"13 km SSE of Lindsay, Texas",earthquake,1.6,1.9,0.048,56,reviewed,us,us
2018-03-22T00:09:11.150Z,31.2737,-103.5897,5.19,2.6,mb_lg,,66,0.256,0.54,us,us1000d7bq,2018-06-19T01:35:47.040Z,"11 km SSW of Lindsay, Texas",earthquake,3.8,6.2,0.124,20,reviewed,us,us
2018-03-15T17:47:01.970Z,31.151,-103.2466,5,3,ml,,70,0.24,0.41,us,us1000d4us,2018-06-11T21:53:46.040Z,"20 km WSW of Coyanosa, Texas",earthquake,1.7,2,0.088,58,reviewed,us,us
2018-03-09T04:53:24.850Z,31.5245,-103.4113,4.89,2.5,ml,,124,0.205,0.41,us,us1000d204,2018-06-08T05:12:16.040Z,"7 km NNW of Barstow, Texas",earthquake,1.8,3.4,0.181,6,reviewed,us,us
2018-03-08T17:41:32.740Z,31.2118,-103.2415,5,2.5,mb_lg,,52,0.299,1.08,us,us1000d1ks,2022-08-08T01:07:15.208Z,"17 km WSW of Coyanosa, Texas",earthquake,2,2,0.154,12,reviewed,us,us
2018-03-04T13:57:52.960Z,31.1496,-103.2977,6.92,2.7,mb_lg,,73,0.23,0.32,us,us2000dc22,2018-05-27T01:06:12.040Z,"24 km WSW of Coyanosa, Texas",earthquake,1.5,5.2,0.1,29,reviewed,us,us
2018-03-02T05:42:02.640Z,31.0454,-103.2743,2,2.9,ml,,62,0.132,0.85,us,us2000daup,2018-05-27T01:06:08.040Z,"29 km SW of Coyanosa, Texas",earthquake,4.4,6,0.097,66,reviewed,us,us
2018-02-26T07:08:51.400Z,31.1306,-103.4341,5,2.7,ml,,68,0.23,0.39,us,us2000d7zw,2022-08-08T00:42:24.026Z,"28 km SSE of Lindsay, Texas",earthquake,1.4,1.9,0.091,58,reviewed,us,us
2018-02-22T10:17:38.010Z,32.916,-100.871,4.66,2.9,mb_lg,,45,0.039,0.33,us,us2000d6bk,2018-05-22T02:00:22.040Z,"22 km NNE of Snyder, Texas",earthquake,4.8,6.7,0.057,107,reviewed,us,us
2018-02-14T15:53:55.840Z,32.8712,-100.9426,5,2.6,mb_lg,,39,0.045,0.4,us,us2000d21v,2018-05-15T06:29:06.040Z,"17 km N of Snyder, Texas",earthquake,3.1,2,0.096,48,reviewed,us,us
2018-02-11T21:39:05.160Z,31.1738,-103.2893,5,3,ml,,47,0.212,0.71,us,us2000d0n2,2018-05-03T22:15:10.040Z,"22 km WSW of Coyanosa, Texas",earthquake,1.6,1.9,0.091,62,reviewed,us,us
2018-01-31T05:37:34.310Z,32.8366,-100.9478,5,2.7,mb_lg,,54,0.054,0.92,us,us2000crmb,2018-04-25T01:39:38.040Z,"13 km NNW of Snyder, Texas",earthquake,3.9,2,0.079,42,reviewed,us,us
2018-01-25T13:28:22.630Z,32.8533,-100.9216,3.99,2.7,mb_lg,,51,0.027,0.79,us,us2000cp8r,2018-04-20T07:05:22.040Z,"15 km N of Snyder, Texas",earthquake,1.8,5.9,0.078,43,reviewed,us,us
2018-01-02T13:42:52.000Z,31.2227,-103.5728,5,3.1,ml,,50,0.147,0.42,us,us1000bz0l,2018-03-23T23:16:48.040Z,"16 km SSW of Lindsay, Texas",earthquake,0.9,1.9,0.07,64,reviewed,us,us
2017-12-27T23:50:37.560Z,31.1834,-103.3311,5,2.7,mb_lg,,57,0.495,0.68,us,us1000bwx0,2018-03-17T01:54:36.040Z,"26 km WSW of Coyanosa, Texas",earthquake,1.6,2,0.17,9,reviewed,us,us
2017-12-19T04:59:37.350Z,31.1514,-103.2392,5,2.5,mb_lg,,51,0.242,0.7,us,us1000bsxn,2018-03-14T00:58:22.040Z,"19 km WSW of Coyanosa, Texas",earthquake,1.7,2,0.109,23,reviewed,us,us
2017-12-17T05:27:15.470Z,31.0396,-103.3588,1.19,3,mb_lg,,62,0.122,0.78,us,us2000c5cs,2018-03-14T00:58:20.040Z,"35 km SW of Coyanosa, Texas",earthquake,1.6,2,0.089,39,reviewed,us,us
2017-12-15T09:53:41.180Z,31.1384,-103.2814,5,3.3,ml,,60,0.488,0.81,us,us2000c4sj,2018-03-06T00:49:42.040Z,"23 km WSW of Coyanosa, Texas",earthquake,1.5,2,0.045,64,reviewed,us,us
2017-11-28T14:19:50.590Z,32.944,-100.8859,4.48,2.6,mb_lg,,54,0.082,0.44,us,us2000bvd7,2018-02-20T09:06:06.040Z,"25 km N of Snyder, Texas",earthquake,1.3,6,0.128,16,reviewed,us,us
2017-11-27T07:48:11.520Z,31.107,-103.5266,5,2.6,mb_lg,,87,0.392,0.76,us,us2000burs,2022-08-07T21:36:33.859Z,"24 km ENE of Balmorhea, Texas",earthquake,2.1,1.9,0.117,25,reviewed,us,us
2017-11-20T13:27:52.570Z,30.8993,-103.873,5.35,2.9,ml,,97,0.469,0.33,us,us2000brth,2018-02-14T02:01:06.040Z,"15 km SW of Balmorhea, Texas",earthquake,1.9,6.6,0.115,20,reviewed,us,us
2017-11-19T14:53:24.390Z,30.8961,-103.8945,6.8,2.5,ml,,99,0.473,0.7,us,us2000brg6,2018-02-14T02:01:03.040Z,"17 km SW of Balmorhea, Texas",earthquake,1.8,7.3,0.128,8,reviewed,us,us
2017-11-18T19:29:07.640Z,30.9155,-103.8636,10.2,2.8,ml,,89,0.453,0.32,us,us2000br4n,2018-02-06T02:45:42.040Z,"13 km SW of Balmorhea, Texas",earthquake,1.9,6.8,0.115,18,reviewed,us,us
2017-11-10T14:44:55.650Z,31.1647,-103.3065,1.15,3,mb_lg,,76,0.498,0.44,us,us2000blfb,2022-08-07T21:02:22.406Z,"24 km WSW of Coyanosa, Texas",earthquake,1.1,7.8,0.088,41,reviewed,us,us
2017-10-30T02:23:44.340Z,31.1543,-103.2331,2.21,2.6,mb_lg,,52,0.444,0.73,us,us1000ayf4,2018-01-24T01:24:59.040Z,"18 km WSW of Coyanosa, Texas",earthquake,2.1,7.5,0.114,27,reviewed,us,us
2017-10-24T23:54:52.380Z,31.1957,-103.3131,5,2.6,mb_lg,,56,0.493,0.36,us,us1000awi8,2018-01-17T21:50:32.040Z,"24 km WSW of Coyanosa, Texas",earthquake,2.6,2,0.117,21,reviewed,us,us
2017-10-22T02:53:14.690Z,31.1785,-103.3354,5,3.3,mb_lg,,57,0.493,0.66,us,us1000aveu,2018-01-17T21:50:29.040Z,"26 km WSW of Coyanosa, Texas",earthquake,3.3,2,0.077,51,reviewed,us,us
2017-10-22T01:57:19.770Z,31.1699,-103.356,5,2.7,mb_lg,,58,0.481,0.58,us,us1000aved,2018-01-17T21:50:29.040Z,"28 km SE of Lindsay, Texas",earthquake,3.1,2,0.147,15,reviewed,us,us
2017-10-21T21:50:34.700Z,31.1485,-103.2981,1.2,3.1,mb_lg,,74,0.497,0.22,us,us1000avcx,2018-01-11T02:22:11.040Z,"24 km WSW of Coyanosa, Texas",earthquake,2.6,4.8,0.074,47,reviewed,us,us
2017-09-27T10:57:32.110Z,31.1698,-103.2798,5,2.6,mb_lg,,77,0.541,0.23,us,us2000avaw,2017-12-22T21:56:24.040Z,"22 km WSW of Coyanosa, Texas",earthquake,2.2,1.9,0.106,25,reviewed,us,us
2017-09-27T09:16:23.100Z,31.1808,-103.2141,5,2.8,mb_lg,,161,0.59,0.28,us,us1000av65,2017-12-22T21:56:24.040Z,"15 km WSW of Coyanosa, Texas",earthquake,1.7,1.9,0.18,10,reviewed,us,us
2017-09-27T09:15:12.300Z,31.1485,-103.2711,5,3,mb_lg,,75,0.556,0.5,us,us2000av9q,2017-12-22T21:56:24.040Z,"22 km WSW of Coyanosa, Texas",earthquake,1.8,1.9,0.114,25,reviewed,us,us
2017-09-27T04:09:33.540Z,31.1219,-103.2019,5,2.8,mb_lg,,52,0.621,0.46,us,us2000av7x,2017-12-22T21:56:24.040Z,"18 km SW of Coyanosa, Texas",earthquake,1.6,2,0.117,26,reviewed,us,us
2017-09-14T20:11:54.220Z,31.1684,-103.2947,5,3.2,ml,,55,0.529,0.69,us,us2000amr0,2017-12-13T02:29:44.040Z,"23 km WSW of Coyanosa, Texas",earthquake,2.8,2,0.052,48,reviewed,us,us
2017-09-06T08:02:47.860Z,32.8738,-100.8718,5,2.8,mb_lg,,46,0.019,0.45,us,us2000agne,2017-12-07T20:00:16.040Z,"17 km NNE of Snyder, Texas",earthquake,2.6,1.9,0.147,14,reviewed,us,us
2017-09-05T21:37:42.200Z,32.8313,-100.924,1.49,2.5,mb_lg,,41,0.041,0.4,us,us2000agcu,2017-12-07T20:00:14.040Z,"12 km N of Snyder, Texas",earthquake,2,8.2,0.088,39,reviewed,us,us
2017-09-04T16:36:02.890Z,31.1188,-103.5486,5,2.8,ml,,69,0.37,0.65,us,us2000afky,2017-12-07T20:00:10.040Z,"23 km NE of Balmorhea, Texas",earthquake,4.2,2,0.059,38,reviewed,us,us
2017-09-03T06:27:39.030Z,31.1731,-103.2636,5,3.1,mb_lg,,77,0.552,0.41,us,us2000aevi,2017-12-07T20:00:06.040Z,"20 km WSW of Coyanosa, Texas",earthquake,1.3,1.9,0.064,86,reviewed,us,us
2017-09-03T06:24:36.060Z,31.1217,-103.3225,5,2.7,mb_lg,,57,0.528,1.15,us,us2000aevc,2017-12-07T20:00:06.040Z,"28 km WSW of Coyanosa, Texas",earthquake,3.2,1.9,0.093,39,reviewed,us,us
2017-09-01T16:44:50.590Z,31.1544,-103.7795,5,2.8,mb_lg,,74,0.228,0.84,us,us2000advq,2017-11-28T18:33:56.040Z,"17 km S of Toyah, Texas",earthquake,1.9,2,0.104,37,reviewed,us,us
2017-08-24T02:12:22.100Z,31.1872,-103.389,1.85,3,mb_lg,,59,0.448,0.51,us,us2000ab6z,2017-11-22T03:43:30.040Z,"24 km SE of Lindsay, Texas",earthquake,2.8,7.6,0.076,58,reviewed,us,us
2017-08-21T09:44:02.880Z,31.1248,-103.2556,4.11,2.8,mb_lg,,54,0.578,0.77,us,us2000aa4g,2018-02-15T06:21:00.304Z,"22 km SW of Coyanosa, Texas",earthquake,2.7,1.7,0.076,55,reviewed,us,us
2017-08-20T20:54:31.440Z,31.1533,-103.2654,5,2.8,mb_lg,,99,0.558,0.64,us,us2000a9zw,2017-11-22T03:43:26.040Z,"21 km WSW of Coyanosa, Texas",earthquake,2.6,2,0.098,39,reviewed,us,us
2017-08-20T20:48:34.740Z,31.1194,-103.2693,5,2.8,mb_lg,,72,0.569,0.54,us,us2000a9zt,2017-11-22T03:43:26.040Z,"23 km SW of Coyanosa, Texas",earthquake,1.5,2,0.089,50,reviewed,us,us
2017-08-17T20:42:59.770Z,31.1626,-103.2656,5,2.7,mb_lg,,54,0.555,0.93,us,us2000a95w,2017-11-14T01:42:12.040Z,"21 km WSW of Coyanosa, Texas",earthquake,2.5,2,0.104,28,reviewed,us,us
2017-08-13T14:45:39.600Z,32.8843,-100.8946,4.67,2.7,mb_lg,,48,0.023,0.66,us,us2000a7sv,2017-11-14T01:42:05.040Z,"18 km N of Snyder, Texas",earthquake,1.8,2.1,0.056,84,reviewed,us,us
2017-08-10T00:41:00.740Z,30.8578,-103.3998,5,2.6,ml,,64,0.523,0.44,us,us2000a6r7,2017-10-25T00:38:06.040Z,"35 km ESE of Balmorhea, Texas",earthquake,3.3,2,0.091,46,reviewed,us,us
2017-08-04T17:05:36.030Z,31.161,-103.2706,2.75,2.8,mb_lg,,76,0.551,0.86,us,us2000a4kd,2022-08-07T13:53:55.650Z,"21 km WSW of Coyanosa, Texas",earthquake,1.3,5.4,0.075,46,reviewed,us,us
2017-06-15T03:54:16.040Z,31.1111,-103.4911,5,2.6,ml,,66,0.413,0.75,us,us20009mkd,2017-08-18T23:13:28.040Z,"27 km ENE of Balmorhea, Texas",earthquake,3.8,1.2,0.091,16,reviewed,us,us
2017-06-05T22:57:29.450Z,31.3418,-103.1325,1.88,3.2,mb_lg,,47,0.629,0.61,us,us20009kuh,2017-08-16T02:42:17.040Z,"12 km NNW of Coyanosa, Texas",earthquake,3.3,7.6,0.069,64,reviewed,us,us
2017-05-06T07:46:57.200Z,32.9568,-100.8647,1.3,2.5,mb_lg,,48,0.545,0.94,us,us10008q1j,2017-07-29T03:16:25.040Z,"26 km N of Snyder, Texas",earthquake,1.8,8,0.093,30,reviewed,us,us
2017-05-06T01:51:33.300Z,32.963,-100.8965,1.59,2.7,mb_lg,,28,0.518,0.69,us,us10008pzn,2017-07-29T03:16:24.040Z,"27 km N of Snyder, Texas",earthquake,3.1,8,0.077,44,reviewed,us,us
2017-05-03T17:47:21.480Z,32.0819,-103.0226,5,2.6,ml,,43,0.403,0.44,us,us10008nxe,2017-07-29T03:16:18.040Z,"16 km ESE of Jal, New Mexico",earthquake,2.6,1.1,0.181,4,reviewed,us,us
2017-05-01T21:52:47.620Z,31.1426,-103.3201,1.76,3.2,mb_lg,,51,0.52,0.5,us,us10008mt4,2020-03-20T01:43:33.951Z,"26 km WSW of Coyanosa, Texas",earthquake,4.8,7.6,0.064,71,reviewed,us,us
2017-04-19T12:18:06.650Z,31.0925,-103.4868,2.86,3,ml,,67,0.427,0.69,us,us10008iyf,2017-07-11T01:48:37.040Z,"27 km ENE of Balmorhea, Texas",earthquake,2.1,7.3,0.059,38,reviewed,us,us
2017-04-10T01:18:41.890Z,31.1608,-103.2568,5,3,mb_lg,,51,0.562,0.74,us,us10008g52,2017-07-05T18:09:54.040Z,"20 km WSW of Coyanosa, Texas",earthquake,3.5,2,0.085,41,reviewed,us,us
2017-03-18T03:03:13.310Z,31.4135,-103.4413,3.52,3,ml,,86,0.926,0.33,us,us20008tee,2017-06-07T00:33:43.040Z,"western Texas",earthquake,3.9,7.6,0.128,28,reviewed,us,us
2017-03-13T07:32:47.020Z,32.169,-102.3041,5,2.8,mb_lg,,93,0.213,0.42,us,us100088m0,2017-06-07T00:33:37.040Z,"17 km NNE of Gardendale, Texas",earthquake,4.2,2,0.124,17,reviewed,us,us
2017-02-17T12:39:52.110Z,31.4267,-103.5215,2.95,2.6,ml,,134,0.888,0.56,us,us20008la8,2017-05-13T01:03:23.040Z,"2 km W of Pecos, Texas",earthquake,1.9,6,0.105,12,reviewed,us,us
2017-01-26T03:46:04.860Z,31.4157,-103.5358,5,2.7,ml,,97,0.894,0.33,us,us10007vgw,2017-04-19T18:31:00.040Z,"4 km W of Pecos, Texas",earthquake,2.6,2,0.091,16,reviewed,us,us
2016-10-29T12:51:35.950Z,31.0693,-103.3243,5,3,mb_lg,,102,1.281,0.61,us,us100072yp,2017-01-24T02:02:09.040Z,"31 km SW of Coyanosa, Texas",earthquake,3.3,2,0.109,32,reviewed,us,us
2016-10-27T08:02:21.070Z,32.8822,-100.9053,3.51,2.9,mb_lg,,51,1.094,0.71,us,us100072ah,2017-01-20T00:31:09.040Z,"18 km N of Snyder, Texas",earthquake,2.9,7.8,0.059,76,reviewed,us,us
2016-09-07T08:03:42.160Z,31.1762,-103.334,1.51,3.1,ml,,67,1.297,0.86,us,us10006mmh,2016-12-03T02:54:46.040Z,"26 km WSW of Coyanosa, Texas",earthquake,5,7.9,0.128,23,reviewed,us,us
2016-09-06T20:15:04.450Z,31.194,-103.2924,2.17,3.6,ml,,67,1.161,0.95,us,us10006mi7,2016-12-03T02:54:46.040Z,"22 km WSW of Coyanosa, Texas",earthquake,4.1,6,0.105,31,reviewed,us,us
2016-08-13T02:21:36.110Z,32.9711,-100.7839,3.89,2.5,mb_lg,,54,1.021,0.48,us,us10006di6,2016-11-15T02:21:47.040Z,"30 km NNE of Snyder, Texas",earthquake,5.1,8.1,0.09,32,reviewed,us,us
2016-06-16T03:08:49.100Z,31.1405,-103.2365,2,3.3,mb_lg,,80,1.838,0.39,us,us200064pt,2016-08-25T01:22:58.040Z,"19 km SW of Coyanosa, Texas",earthquake,5.4,7,0.056,85,reviewed,us,us
2016-05-29T11:37:13.100Z,32.8935,-100.8648,2.22,2.6,mb_lg,,90,1.064,0.66,us,us20005z0h,2016-08-10T22:30:26.040Z,"20 km NNE of Snyder, Texas",earthquake,2.9,7.2,0.071,52,reviewed,us,us
2016-05-09T11:33:09.900Z,31.0353,-103.2396,2.2,2.5,mb_lg,,98,1.735,0.63,us,us10005g0x,2016-07-20T18:10:50.040Z,"28 km SW of Coyanosa, Texas",earthquake,6.1,8,0.132,15,reviewed,us,us
2016-04-07T10:12:17.560Z,32.8915,-100.8987,2.81,2.6,mb_lg,,76,1.091,0.73,us,us20005g3d,2016-06-17T21:45:53.040Z,"19 km N of Snyder, Texas",earthquake,3.9,6,0.079,42,reviewed,us,us
2016-02-20T07:53:53.210Z,31.2258,-103.3279,3.19,3.3,mb_lg,,67,1.817,0.98,us,us10004raw,2016-05-03T23:44:13.040Z,"25 km W of Coyanosa, Texas",earthquake,5,3.9,0.059,76,reviewed,us,us
2016-01-17T09:32:03.190Z,32.8689,-100.8623,2.06,3.5,mb_lg,,51,1.056,0.79,us,us10004f5y,2022-08-02T05:40:10.152Z,"17 km NNE of Snyder, Texas",earthquake,2.7,7.5,0.054,89,reviewed,us,us
2016-01-10T02:03:31.930Z,32.9383,-100.8358,2.7,3.6,mwr,,50,1.918,0.73,us,us10004d82,2020-03-20T00:59:24.658Z,"25 km NNE of Snyder, Texas",earthquake,5.3,7.5,0.073,18,reviewed,us,us
2015-12-26T18:25:21.120Z,35.3762,-101.2043,4.99,2.7,mb_lg,,66,1.907,0.66,us,us100049qd,2022-08-02T01:04:39.593Z,"7 km SSW of White Deer, Texas",earthquake,6.1,3.3,0.088,34,reviewed,us,us
2015-11-10T21:43:03.730Z,31.3198,-103.0504,2.17,3.2,mb_lg,,89,2.027,0.55,us,us10003x5f,2016-02-05T03:16:42.040Z,"8 km N of Coyanosa, Texas",earthquake,4.8,5.2,0.071,52,reviewed,us,us
2015-11-07T05:18:20.090Z,31.3221,-103.0913,1.37,3,mb_lg,,89,1.992,0.59,us,us10003vfx,2016-02-05T03:16:33.040Z,"9 km NNW of Coyanosa, Texas",earthquake,3.9,7.2,0.083,38,reviewed,us,us
2015-08-23T07:04:12.460Z,31.3226,-103.1368,5,2.7,mb_lg,,88,1.954,0.37,us,us100034af,2015-11-24T02:09:29.040Z,"11 km NW of Coyanosa, Texas",earthquake,3.1,2,0.093,31,reviewed,us,us
2015-08-20T15:34:10.970Z,31.0414,-103.1354,1.89,2.6,mb_lg,,95,1.762,0.96,us,us100033q1,2015-11-24T02:09:25.040Z,"23 km SSW of Coyanosa, Texas",earthquake,2.3,7.2,0.12,19,reviewed,us,us
2015-08-12T20:49:21.860Z,31.0455,-103.1619,5,3,mb_lg,,94,1.76,0.61,us,us100031pj,2015-11-06T18:06:27.040Z,"23 km SSW of Coyanosa, Texas",earthquake,3.8,2,0.083,39,reviewed,us,us
2015-08-04T15:06:31.690Z,31.1674,-103.2781,5,3.3,mb_lg,,89,1.858,0.24,us,us10002xuw,2015-10-30T02:47:48.040Z,"22 km WSW of Coyanosa, Texas",earthquake,4.1,2,0.066,60,reviewed,us,us
2015-07-29T01:47:27.560Z,32.9109,-100.8861,2.8,2.8,mb_lg,,56,1.085,0.45,us,us2000314m,2015-10-22T20:05:12.040Z,"21 km N of Snyder, Texas",earthquake,2.4,8,0.062,68,reviewed,us,us
2015-05-20T00:10:30.350Z,30.9522,-102.9746,5,2.9,mb_lg,,102,1.72,0.65,us,us10002anp,2015-07-23T01:04:12.040Z,"11 km NW of Fort Stockton, Texas",earthquake,4.4,1.8,0.09,33,reviewed,us,us
2015-05-17T22:15:13.640Z,31.0512,-103.1931,5,3.1,mb_lg,,93,1.519,0.63,us,us10002a1s,2022-07-31T07:39:19.406Z,"24 km SSW of Coyanosa, Texas",earthquake,5.1,2,0.071,52,reviewed,us,us
2015-04-17T15:03:58.600Z,31.2556,-103.6501,5,2.7,mb_lg,,107,1.121,1.29,us,us200027bl,2015-06-26T23:15:55.040Z,"15 km ESE of Toyah, Texas",earthquake,5.3,2,0.136,15,reviewed,us,us
2015-04-04T00:16:33.890Z,31.1566,-103.2372,5,3.3,mb_lg,,95,1.416,0.63,us,us10001trl,2015-06-16T01:00:26.040Z,"19 km WSW of Coyanosa, Texas",earthquake,2,2,0.09,40,reviewed,us,us
2015-03-28T15:39:01.180Z,31.0239,-103.0543,1.81,2.9,mb_lg,,97,1.619,0.8,us,us10001rhs,2015-06-12T01:53:26.040Z,"22 km NW of Fort Stockton, Texas",earthquake,5.2,3.1,0.12,19,reviewed,us,us
2015-03-21T05:52:51.320Z,31.076,-103.1729,1.9,2.8,mb_lg,,93,1.512,0.27,us,us10001pcg,2015-06-09T21:30:00.040Z,"21 km SSW of Coyanosa, Texas",earthquake,3.1,7.2,0.208,12,reviewed,us,us
2015-02-02T00:39:27.420Z,35.2975,-101.6908,4.14,3.1,mb_lg,,35,0.412,0.78,us,usc000tkus,2018-10-20T13:47:08.738Z,"15 km ENE of Amarillo, Texas",earthquake,3.7,7.9,0.057,92,reviewed,us,us
2015-01-06T21:55:19.120Z,32.8662,-100.8647,3.95,3.5,mb_lg,,90,1.057,0.64,us,usc000tc8i,2022-08-07T07:04:29.097Z,"western Texas",earthquake,4.1,7.9,0.056,99,reviewed,us,us
2014-12-31T22:06:21.010Z,32.9414,-100.8872,2.51,2.8,mb_lg,,62,1.094,0.76,us,usc000tb1r,2015-03-17T02:38:31.040Z,"24 km N of Snyder, Texas",earthquake,4.9,7.2,0.111,26,reviewed,us,us
2014-12-31T18:31:39.990Z,32.9473,-100.8401,5,3.2,mb_lg,,50,1.058,0.84,us,usc000tazd,2022-07-27T12:12:24.766Z,"26 km NNE of Snyder, Texas",earthquake,4.3,2,0.057,95,reviewed,us,us
2014-12-29T06:28:21.550Z,34.7446,-100.3593,5,2.6,mb_lg,,88,1.096,1.18,us,usc000tahx,2015-03-17T02:37:51.040Z,"16 km E of Memphis, Texas",earthquake,4.5,2,0.255,5,reviewed,us,us
2014-12-25T16:32:59.090Z,32.9924,-100.7992,2.41,2.9,mb_lg,,50,1.04,0.85,us,usc000t9z0,2015-03-17T02:37:07.040Z,"32 km NNE of Snyder, Texas",earthquake,3.8,6.4,0.089,38,reviewed,us,us
2014-12-06T07:17:15.190Z,31.0306,-103.3135,5,2.9,mb_lg,,91,1.32,0.71,us,usc000t48d,2015-02-28T02:16:10.040Z,"33 km SW of Coyanosa, Texas",earthquake,3.5,2,0.136,26,reviewed,us,us
2014-09-14T09:18:59.920Z,32.9083,-100.8184,3.09,3.2,mb_lg,,51,1.03,0.78,us,usb000sc9j,2014-12-08T23:31:00.040Z,"23 km NNE of Snyder, Texas",earthquake,4.8,2.9,0.059,83,reviewed,us,us
2014-06-28T13:01:15.230Z,31.2001,-103.2524,5,2.9,mb_lg,,95,1.187,1.2,us,usc000rn9z,2014-09-26T11:49:42.000Z,"18 km WSW of Coyanosa, Texas",earthquake,,2,0.074,55,reviewed,us,us
2014-05-19T02:39:21.460Z,32.927,-100.9119,4.69,2.7,mb_lg,,56,1.11,1.07,us,usb000qu93,2014-08-09T02:53:49.000Z,"23 km N of Snyder, Texas",earthquake,,6.1,0.085,39,reviewed,us,us
2014-05-18T04:47:09.810Z,32.9252,-100.8292,5,2.5,mb_lg,,94,1.043,0.76,us,usb000qt87,2014-08-09T02:53:48.000Z,"24 km NNE of Snyder, Texas",earthquake,,2,0.109,25,reviewed,us,us
2014-05-14T21:55:03.600Z,32.9017,-100.7349,4.38,2.8,mb_lg,,63,0.96,0.86,us,usb000qqw6,2014-08-09T02:53:42.000Z,"25 km WNW of Rotan, Texas",earthquake,,7.8,0.361,2,reviewed,us,us
2014-05-14T15:52:17.910Z,32.7823,-100.8802,4.54,3.1,mb_lg,,97,1.054,0.3,us,usb000qmf3,2014-08-09T02:53:42.000Z,"7 km NNE of Snyder, Texas",earthquake,,5.9,0.255,5,reviewed,us,us
2014-02-24T23:34:44.130Z,32.9448,-100.8731,3.19,2.7,mb_lg,,60,1.084,0.76,us,usc000mxly,2014-05-07T00:03:10.000Z,"25 km N of Snyder, Texas",earthquake,,3.3,0.09,37,reviewed,us,us
2014-02-12T00:41:41.110Z,32.9027,-100.8406,4.92,2.8,mb_lg,,55,1.046,0.68,us,usc000mnm8,2022-07-26T07:03:17.573Z,"21 km NNE of Snyder, Texas",earthquake,,1.2,0.106,26,reviewed,us,us
2014-02-03T11:16:27.510Z,32.8994,-100.85,5,2.7,mb_lg,,51,1.053,0.7,us,usc000mg4w,2014-04-08T01:43:25.000Z,"21 km NNE of Snyder, Texas",earthquake,,1.2,0.111,25,reviewed,us,us
2014-01-28T01:17:38.980Z,32.88,-100.8535,3.78,2.9,mb_lg,,61,1.051,0.48,us,usb000m9f4,2014-03-27T18:15:45.000Z,"18 km NNE of Snyder, Texas",earthquake,,7,0.088,38,reviewed,us,us
2014-01-20T15:04:38.050Z,32.9209,-100.8535,3.15,2.7,mb_lg,,62,1.061,0.45,us,usb000m4u7,2022-07-26T05:40:55.608Z,"23 km NNE of Snyder, Texas",earthquake,,4.5,0.147,15,reviewed,us,us
2013-12-09T09:23:14.340Z,32.9576,-98.0594,5,3.7,mb_lg,,35,1.09,0.85,us,usb000ldzh,2022-08-06T20:16:14.926Z,"8 km S of Perrin, Texas",earthquake,,2,0.065,,reviewed,us,us
2013-11-28T08:41:07.600Z,33.0291,-98.2141,4.99,2.8,mb_lg,,85,1.217,0.44,us,usb000l7m9,2014-02-12T01:08:35.000Z,"10 km NNE of Graford, Texas",earthquake,,2,0.128,,reviewed,us,us
2013-11-28T07:58:35.690Z,32.9735,-98.0894,5,3.7,mb,,35,1.116,1.33,us,usb000l7lw,2022-07-26T02:37:14.315Z,"6 km SSW of Perrin, Texas",earthquake,,1.9,0.355,,reviewed,us,us
2013-05-24T11:01:33.770Z,32.973,-100.886,5,2.7,mblg,14,89,,0.68,us,us2013qpfm,2014-11-07T01:50:53.890Z,"28 km N of Snyder, Texas",earthquake,,,,,reviewed,us,us
2013-05-08T07:58:11.960Z,32.945,-100.825,10,2.5,mblg,16,63,,0.68,us,usc000gqtl,2014-11-07T01:50:45.631Z,"26 km NNE of Snyder, Texas",earthquake,,0,,,reviewed,us,us
2013-05-06T23:11:59.260Z,32.971,-100.846,5.6,3,mblg,6,142,,1.38,us,usa000hjmj,2014-11-07T01:50:45.259Z,"28 km NNE of Snyder, Texas",earthquake,,8.8,,,reviewed,us,us
2013-05-06T13:08:04.170Z,32.946,-100.795,5,2.6,mblg,14,65.1,,0.55,us,us2013pwam,2014-11-07T01:50:45.119Z,"27 km NNE of Snyder, Texas",earthquake,,,,,reviewed,us,us
2012-12-08T06:16:49.000Z,32.947,-100.799,5,2.8,mblg,30,50.2,,1.13,us,usp000jwns,2014-11-07T01:49:34.292Z,"27 km NNE of Snyder, Texas",earthquake,,,,,reviewed,us,us
2012-08-12T00:36:05.150Z,35.372,-101.905,5,3.3,mblg,9,131,,1.39,us,usp000jq6x,2014-11-07T01:48:33.338Z,"13 km NNE of Bishop Hills, Texas",earthquake,,,,,reviewed,us,us
2012-03-18T10:57:22.430Z,32.281,-103.892,5,3.1,mblg,15,99.4,,1.07,us,usp000jgeg,2014-11-07T01:47:16.446Z,"18 km ENE of Malaga, New Mexico",earthquake,,,,,reviewed,us,us
2012-01-15T09:29:01.680Z,31.225,-103.614,5,2.7,mblg,12,79.9,,0.79,us,usp000jdhj,2015-03-24T01:24:49.649Z,"17 km SSW of Lindsay, Texas",earthquake,,,,,reviewed,us,us
2012-01-03T17:04:27.980Z,35.377,-101.766,5,2.8,mblg,39,54.9,,0.91,us,usp000jczx,2014-11-07T01:46:42.819Z,"18 km NNE of Amarillo, Texas",earthquake,,,,,reviewed,us,us
2011-12-29T11:48:08.280Z,32.88,-100.835,5,2.5,mblg,16,61.3,,1.1,us,usp000jct1,2014-11-07T01:46:38.501Z,"19 km NNE of Snyder, Texas",earthquake,,,,,reviewed,us,us
2011-12-29T06:19:07.640Z,32.815,-100.907,5,2.5,mblg,7,97.1,,0.44,us,usp000jcsv,2014-11-07T01:46:38.488Z,"10 km N of Snyder, Texas",earthquake,,,,,reviewed,us,us
2011-12-17T14:46:58.460Z,32.814,-100.852,5,3.2,mblg,32,56.9,,0.75,us,usp000jcba,2022-08-08T20:24:34.011Z,"12 km NNE of Snyder, Texas",earthquake,,,,,reviewed,us,us
2011-12-09T18:47:33.240Z,32.935,-100.865,5,3.5,mblg,80,43.6,,1.17,us,usp000jc09,2015-03-24T02:11:20.898Z,"24 km NNE of Snyder, Texas",earthquake,,,,,reviewed,us,us
2011-11-24T23:15:49.010Z,32.945,-100.845,5,3.1,mblg,17,56.2,,1.27,us,usp000jbc2,2015-03-24T02:42:19.790Z,"26 km NNE of Snyder, Texas",earthquake,,,,,reviewed,us,us
2011-11-24T06:49:59.990Z,32.954,-100.812,5,2.8,mblg,15,63.3,,0.59,us,usp000jbb4,2014-11-07T01:46:24.474Z,"27 km NNE of Snyder, Texas",earthquake,,,,,reviewed,us,us
2011-09-28T21:46:37.550Z,32.521,-104.659,5,2.7,mblg,8,102.1,,0.83,us,usp000j8pv,2014-11-07T01:45:57.965Z,"32 km SSE of Hope, New Mexico",earthquake,,,,,reviewed,us,us
2011-09-13T07:21:35.000Z,32.818,-100.789,5,2.6,mblg,13,60.4,,0.72,us,usp000j7zw,2015-03-24T02:18:09.545Z,"16 km NE of Snyder, Texas",earthquake,,,,,reviewed,us,us
2011-09-12T14:18:34.050Z,32.822,-100.871,7.9,3.5,mwr,30,53.3,,0.71,us,usp000j7yp,2022-08-08T19:32:26.116Z,"12 km NNE of Snyder, Texas",earthquake,,11.3,,,reviewed,us,slm
2011-09-12T09:26:12.900Z,32.766,-100.841,5,2.7,mblg,12,58.6,,1.37,us,usp000j7yd,2015-03-24T02:25:41.024Z,"8 km NE of Snyder, Texas",earthquake,,,,,reviewed,us,us
2011-09-12T09:19:46.710Z,32.847,-100.854,5,2.6,mblg,10,60.4,,0.8,us,usp000j7yc,2014-11-07T01:45:53.016Z,"15 km NNE of Snyder, Texas",earthquake,,,,,reviewed,us,us
2011-09-12T02:29:31.340Z,32.73,-100.848,5,2.5,mblg,11,58.3,,1.13,us,usp000j7xz,2014-11-07T01:45:52.953Z,"6 km ENE of Snyder, Texas",earthquake,,,,,reviewed,us,us
2011-09-12T00:31:49.110Z,32.804,-100.878,5,2.7,mblg,11,59.2,,1.09,us,usp000j7xw,2015-03-24T02:12:12.483Z,"10 km NNE of Snyder, Texas",earthquake,,,,,reviewed,us,us
2011-09-11T20:31:58.110Z,32.892,-100.848,5,2.8,mblg,12,61.5,,1.19,us,usp000j7xm,2022-08-08T19:30:37.418Z,"20 km NNE of Snyder, Texas",earthquake,,,,,reviewed,us,us
2011-09-11T18:36:35.110Z,32.741,-100.836,5,2.5,mblg,12,58.1,,1.05,us,usp000j7xf,2015-03-24T02:16:25.769Z,"8 km ENE of Snyder, Texas",earthquake,,,,,reviewed,us,us
2011-09-11T12:27:44.320Z,32.848,-100.769,5,4.3,mwr,261,26.7,,1.15,us,usp000j7x7,2022-08-08T19:29:34.711Z,"20 km NE of Snyder, Texas",earthquake,,,,,reviewed,us,us
2011-07-14T10:29:13.600Z,32.928,-100.806,5,2.5,mblg,10,93.3,,0.61,us,usp000j4vs,2014-11-07T01:45:21.839Z,"25 km NNE of Snyder, Texas",earthquake,,,,,reviewed,us,us
2011-05-02T19:07:14.990Z,33.064,-100.79,5,3.2,mblg,28,90.3,,1.05,us,usp000j0x7,2022-07-19T14:10:12.660Z,"28 km SW of Jayton, Texas",earthquake,,,,,reviewed,us,us
2011-04-25T16:56:31.880Z,32.822,-100.844,5,2.5,mblg,8,59.9,,1.18,us,usp000j0jz,2014-11-07T01:44:37.951Z,"13 km NNE of Snyder, Texas",earthquake,,,,,reviewed,us,us
2011-04-02T22:05:14.090Z,33.059,-100.761,5,3,mblg,24,160.5,,1.16,us,usp000hz5j,2022-07-19T11:09:00.209Z,"27 km SW of Jayton, Texas",earthquake,,,,,reviewed,us,us
2011-03-28T09:12:11.950Z,32.913,-100.816,5,3,mblg,31,55,,1.18,us,usp000hysu,2022-07-19T10:37:20.065Z,"23 km NNE of Snyder, Texas",earthquake,,,,,reviewed,us,us
2011-03-19T23:34:01.210Z,32.978,-100.766,5,3,mblg,13,94.2,,0.85,us,usp000hxzc,2014-11-07T01:44:14.949Z,"31 km WNW of Rotan, Texas",earthquake,,,,,reviewed,us,us
2011-03-14T00:19:48.800Z,32.964,-100.809,5,3,mblg,7,92.5,,0.5,us,usp000hx15,2014-11-07T01:44:07.329Z,"29 km NNE of Snyder, Texas",earthquake,,,,,reviewed,us,us
2011-03-13T20:16:20.620Z,32.995,-100.767,5,3.8,mwr,21,53.4,,0.92,us,usp000hwz2,2022-08-08T19:15:36.126Z,"32 km WNW of Rotan, Texas",earthquake,,,,,reviewed,us,us
2011-03-12T15:22:00.860Z,32.882,-100.896,5,3,mblg,10,95.5,,1.19,us,usp000hwh0,2014-11-07T01:44:02.919Z,"18 km N of Snyder, Texas",earthquake,,,,,reviewed,us,us
2011-03-01T06:31:59.890Z,32.839,-100.802,5,2.5,mblg,15,60.5,,1.38,us,usp000hv75,2014-11-07T01:43:49.699Z,"17 km NE of Snyder, Texas",earthquake,,,,,reviewed,us,us
2011-03-01T03:30:12.760Z,32.876,-100.839,5,3.1,mblg,21,55.8,,0.6,us,usp000hv6y,2022-07-19T06:55:32.430Z,"19 km NNE of Snyder, Texas",earthquake,,,,,reviewed,us,us
2010-11-01T09:10:58.420Z,32.996,-100.816,5,2.8,mblg,8,92,,1.38,us,usp000hnvr,2014-11-07T01:42:49.487Z,"32 km NNE of Snyder, Texas",earthquake,,,,,reviewed,us,us
2010-10-26T06:56:29.790Z,32.922,-100.85,5,3.1,mblg,7,94,,0.47,us,usp000hnku,2014-11-07T01:42:45.796Z,"23 km NNE of Snyder, Texas",earthquake,,,,,reviewed,us,us
2010-10-09T07:42:27.630Z,32.929,-100.886,5,3.1,mblg,15,58.4,,0.77,us,usp000hmvz,2014-11-07T01:42:41.056Z,"23 km N of Snyder, Texas",earthquake,,,,,reviewed,us,us
2010-08-29T12:48:36.610Z,32.912,-100.916,5,2.6,mblg,7,137,,1.07,us,usp000hjwz,2014-11-07T01:42:18.692Z,"21 km N of Snyder, Texas",earthquake,,,,,reviewed,us,us
2010-08-25T02:05:14.320Z,32.951,-100.861,5,2.8,mblg,10,127.6,,0.6,us,usp000hjqr,2014-11-07T01:42:17.723Z,"26 km NNE of Snyder, Texas",earthquake,,,,,reviewed,us,us
2010-08-08T01:12:38.070Z,32.896,-100.851,5,3.4,mwr,37,55.2,,0.84,us,usp000hhr6,2022-08-08T19:00:12.693Z,"20 km NNE of Snyder, Texas",earthquake,,,,,reviewed,us,us
2010-05-31T21:58:19.170Z,32.524,-104.607,5,4,ml,16,83.8,,1.09,us,usp000hdec,2014-11-07T01:41:34.416Z,"33 km SSE of Hope, New Mexico",earthquake,,,,,reviewed,us,us
2010-04-12T00:20:05.970Z,32.935,-100.875,5,2.8,mblg,7,94.1,,0.9,us,usp000hb7s,2014-11-07T01:41:15.467Z,"24 km N of Snyder, Texas",earthquake,,,,,reviewed,us,us
2010-04-11T19:56:32.670Z,32.414,-101.062,5,2.9,mblg,6,150.3,,1.03,us,usp000hb7d,2014-11-07T01:41:15.368Z,"7 km NW of Westbrook, Texas",earthquake,,,,,reviewed,us,us
2010-03-28T21:07:23.160Z,33.057,-100.743,5,2.7,mblg,8,89.8,,0.81,us,usp000ha36,2014-11-07T01:41:06.227Z,"26 km SW of Jayton, Texas",earthquake,,,,,reviewed,us,us
2010-03-28T00:03:55.080Z,32.438,-104.501,4,4.1,mwr,134,120.2,,1.32,us,usp000ha1w,2022-07-16T09:10:20.828Z,"25 km W of Carlsbad, New Mexico",earthquake,,,,,reviewed,us,us
2010-02-21T09:55:39.770Z,32.571,-104.613,5,2.8,mblg,21,51.7,,1.07,us,usp000h7hr,2014-11-07T01:40:44.022Z,"28 km SSE of Hope, New Mexico",earthquake,,,,,reviewed,us,us
2010-01-27T04:59:33.050Z,32.902,-100.833,5,3.1,mblg,15,94.2,,0.49,us,usp000h6nx,2022-07-16T01:33:35.146Z,"21 km NNE of Snyder, Texas",earthquake,,,,,reviewed,us,us
2009-11-17T18:53:06.840Z,32.429,-104.645,5,3,mblg,23,87.2,,1.12,us,usp000h44x,2014-11-07T01:40:07.253Z,"37 km NW of Whites City, New Mexico",earthquake,,,,,reviewed,us,us
2009-01-30T01:41:21.660Z,32.502,-104.607,5,2.7,mblg,15,74,,0.99,us,usp000gt8p,2014-11-07T01:38:16.232Z,"36 km SW of Atoka, New Mexico",earthquake,,,,,reviewed,us,us
2008-12-28T20:56:59.990Z,30.44,-103.362,5,2.6,ml,8,218.1,,1.26,us,usp000grr2,2014-11-07T01:38:03.840Z,"28 km NNW of Marathon, Texas",earthquake,,,,,reviewed,us,us
2008-07-18T20:38:41.780Z,32.849,-100.771,5,2.7,mblg,10,94.4,,1.16,us,usp000gchn,2014-11-07T01:36:40.032Z,"western Texas",earthquake,,,,,reviewed,us,us
2008-07-18T17:31:09.400Z,32.891,-100.842,5,2.7,mblg,9,117.1,,0.65,us,usp000gch9,2014-11-07T01:36:40.006Z,"20 km NNE of Snyder, Texas",earthquake,,,,,reviewed,us,us
2008-05-23T18:03:05.860Z,32.504,-104.596,5,2.7,mblg,11,90.5,,0.98,us,usp000g7k8,2014-11-07T01:36:04.867Z,"35 km SSW of Atoka, New Mexico",earthquake,,,,,reviewed,us,us
2008-01-29T10:24:53.240Z,32.898,-100.842,5,3.3,mblg,21,128.1,,1.24,us,usp000fxpp,2014-11-07T01:34:46.673Z,"21 km NNE of Snyder, Texas",earthquake,,,,,reviewed,us,us
2007-10-07T13:54:21.550Z,34.51,-100.146,5,3.1,mblg,6,140.5,,1.5,us,usp000fq28,2014-11-07T01:33:51.834Z,"10 km NNE of Childress, Texas",earthquake,,,,,reviewed,us,us
2007-02-07T07:02:17.990Z,35.347,-101.764,5,2.5,ml,7,78.6,,1.34,us,usp000f4dx,2014-11-07T01:31:35.306Z,"15 km NNE of Amarillo, Texas",earthquake,,,,,reviewed,us,us
2006-08-12T10:49:09.670Z,32.895,-100.894,5,2.8,mblg,7,95.2,,0.96,us,usp000eqt1,2014-11-07T01:29:57.229Z,"19 km N of Snyder, Texas",earthquake,,,,,reviewed,us,us
2006-04-08T18:08:35.230Z,31.954,-101.419,5,2.9,ml,5,279.1,,0.5,us,usp000edz1,2014-11-07T01:28:44.514Z,"11 km NNE of Garden City, Texas",earthquake,,,,,reviewed,us,us
2006-03-28T23:55:11.490Z,35.363,-101.871,5,3,ml,8,120.7,,1.16,us,usp000ed5s,2014-11-07T01:28:36.541Z,"13 km NNE of Bishop Hills, Texas",earthquake,,,,,reviewed,us,us
2006-03-20T17:55:29.120Z,32.6,-104.563,5,3,ml,7,98,,0.75,us,usp000ecjj,2014-11-07T01:28:33.765Z,"24 km SW of Atoka, New Mexico",earthquake,,,,,reviewed,us,us
2006-02-04T19:55:10.680Z,32.575,-104.617,5,2.7,ml,9,148.1,,1.13,us,usp000e9fv,2014-11-07T01:28:16.284Z,"28 km SSE of Hope, New Mexico",earthquake,,,,,reviewed,us,us
2006-01-27T16:07:45.840Z,32.551,-104.577,5,3.1,mblg,9,148.3,,0.91,us,usp000e8yn,2014-11-07T01:28:10.026Z,"29 km SW of Atoka, New Mexico",earthquake,,,,,reviewed,us,us
2006-01-27T10:04:56.450Z,32.589,-104.549,5,2.7,mblg,8,127.9,,1.44,us,usp000e8ya,2014-11-07T01:28:10.009Z,"25 km SW of Atoka, New Mexico",earthquake,,,,,reviewed,us,us
2005-12-22T14:30:11.670Z,32.583,-104.566,5,3.6,mblg,15,52,,0.98,us,usp000e6mh,2014-11-07T01:27:55.770Z,"26 km SW of Atoka, New Mexico",earthquake,,,,,reviewed,us,us
2005-12-19T20:27:40.370Z,32.528,-104.549,5,4.1,mwr,45,54.4,,0.85,us,usp000e6f9,2022-07-12T21:10:38.543Z,"30 km SSW of Atoka, New Mexico",earthquake,,,,,reviewed,us,slm
2004-10-28T02:59:04.820Z,32.604,-104.499,5,3,mblg,11,140.2,,0.52,us,usp000d77p,2014-11-07T01:23:49.973Z,"21 km SSW of Atoka, New Mexico",earthquake,,,,,reviewed,us,us
2004-08-26T18:45:18.620Z,32.582,-104.505,5,3.4,ml,11,131.8,,0.67,us,usp000d2x7,2014-11-07T01:23:16.071Z,"23 km SSW of Atoka, New Mexico",earthquake,,,,,reviewed,us,us
2004-06-22T08:55:28.230Z,32.528,-104.584,5,3.7,mblg,12,82.5,,0.65,us,usp000cygp,2014-11-07T01:22:40.419Z,"32 km SW of Atoka, New Mexico",earthquake,,,,,reviewed,us,us
2004-05-23T09:22:05.280Z,32.525,-104.566,5,4,mb,19,68.2,,0.74,us,usp000cvz7,2022-07-12T21:21:41.758Z,"31 km SSW of Atoka, New Mexico",earthquake,,,,2,reviewed,us,us
2003-09-24T15:02:09.090Z,35.277,-101.742,5,3.3,mblg,7,77.8,,0.77,us,usp000c8gs,2022-07-13T01:19:41.569Z,"10 km NE of Amarillo, Texas",earthquake,,,,,reviewed,us,us
2003-06-21T02:03:09.560Z,32.665,-104.505,5,3.6,mblg,15,130.9,,0.94,us,usp000c0e4,2014-11-07T01:18:58.170Z,"15 km SW of Atoka, New Mexico",earthquake,,,,,reviewed,us,us
2002-09-17T23:34:19.350Z,32.576,-104.631,10,3.1,md,17,,,,us,usp000bchy,2014-11-07T01:16:32.406Z,"27 km SSE of Hope, New Mexico",earthquake,,,,,reviewed,snm,snm
2002-09-17T15:45:14.470Z,32.581,-104.63,10,3.4,md,23,,,,us,usp000bcgs,2014-11-07T01:16:32.321Z,"27 km SSE of Hope, New Mexico",earthquake,,,,,reviewed,snm,snm
2002-03-31T02:54:08.130Z,35.359,-101.824,5,2.8,mblg,6,,,1.4,us,usp000b1dr,2014-11-07T01:15:16.351Z,"15 km N of Amarillo, Texas",earthquake,,,,,reviewed,us,us
2002-01-16T15:25:32.450Z,35.341,-101.818,5,2.5,mblg,6,,,0.93,us,usp000awku,2014-11-07T01:14:42.196Z,"13 km N of Amarillo, Texas",earthquake,,,,,reviewed,us,us
2001-11-22T00:07:08.020Z,31.786,-102.631,5,3.1,mblg,4,,,1.23,us,usp000at9q,2014-11-07T01:14:17.311Z,"13 km WSW of West Odessa, Texas",earthquake,,,,,reviewed,us,us
2001-06-02T01:55:53.720Z,32.334,-103.141,5,3.3,mblg,5,,,1.54,us,usp000afwr,2014-11-07T01:12:56.030Z,"11 km S of Eunice, New Mexico",earthquake,,,,,reviewed,us,us
2000-12-16T22:08:54.000Z,35.4,-101.8,5,3.9,mblg,8,,,,us,usp000a66c,2014-11-07T01:11:44.337Z,"19 km N of Amarillo, Texas",earthquake,,,,,reviewed,macr,us
2000-08-17T01:08:05.450Z,35.39,-101.814,5,3.9,mblg,5,,,1.54,us,usp0009ym8,2014-11-07T01:10:52.341Z,"18 km N of Amarillo, Texas",earthquake,,,,,reviewed,us,us
2000-08-10T13:39:50.000Z,35.392,-101.812,5,3,mblg,4,,,,us,usp0009y8d,2014-11-07T01:10:50.907Z,"18 km N of Amarillo, Texas",earthquake,,,,,reviewed,spec,us
2000-08-07T21:36:21.000Z,35.392,-101.812,5,3,mblg,5,,,,us,usp0009y35,2014-11-07T01:10:50.218Z,"Texas Panhandle region",earthquake,,,,,reviewed,spec,us
2000-08-07T18:34:09.000Z,35.392,-101.812,5,3,mblg,7,,,,us,usp0009y30,2014-11-07T01:10:50.200Z,"Texas Panhandle region",earthquake,,,,,reviewed,spec,us
2000-08-07T17:19:08.000Z,35.392,-101.812,5,3.3,mblg,11,,,,us,usp0009y2x,2014-11-07T01:10:50.195Z,"Texas Panhandle region",earthquake,,,,,reviewed,spec,us
2000-08-02T12:21:30.060Z,35.2,-101.9,5,2.7,mblg,3,,,,us,usp0009xn5,2014-11-07T01:10:47.266Z,"6 km WSW of Amarillo, Texas",earthquake,,,,,reviewed,macr,us
2000-02-02T07:14:20.260Z,32.582,-104.629,5,2.7,mblg,,,,0.88,us,usp0009myc,2014-11-07T01:09:25.504Z,"27 km SSE of Hope, New Mexico",earthquake,,,,,reviewed,us,us
